frame_index,frame_time_ms,exceeds_60fps_threshold
0,2.8738,0
1,2.6428,0
2,2.6248,0
3,2.6700,0
4,2.7724,0
5,2.5337,0
6,2.9147,0
7,2.8119,0
8,2.5489,0
9,2.6011,0
10,2.7822,0
11,2.4721,0
12,2.5907,0
13,2.8240,0
14,2.5923,0
15,2.4915,0
16,2.8575,0
17,2.7306,0
18,2.6973,0
19,2.4379,0
20,2.5325,0
21,2.3288,0
22,2.2835,0
23,2.6499,0
24,2.9915,0
25,2.5033,0
26,2.4244,0
27,2.2218,0
28,2.6443,0
29,2.4685,0
30,2.7178,0
31,2.7228,0
32,2.7789,0
33,2.5205,0
34,2.7945,0
35,2.4684,0
36,2.6877,0
37,2.5291,0
38,2.5807,0
39,2.7850,0
40,2.4042,0
41,2.6636,0
42,2.4810,0
43,2.2953,0
44,2.7037,0
45,2.2703,0
46,2.3206,0
47,2.5064,0
48,2.5780,0
49,2.4579,0
50,2.4990,0
51,2.4806,0
52,2.6656,0
53,2.6241,0
54,3.2913,0
55,2.7480,0
56,3.0211,0
57,2.8731,0
58,2.9276,0
59,2.6678,0
60,2.5208,0
61,2.4695,0
62,2.5728,0
63,2.6833,0
64,2.8142,0
65,2.9553,0
66,2.6754,0
67,2.7969,0
68,2.6357,0
69,2.5811,0
70,2.9890,0
71,2.5609,0
72,2.5285,0
73,2.7130,0
74,2.4158,0
75,2.7966,0
76,2.7936,0
77,2.8470,0
78,2.9420,0
79,2.4007,0
80,2.4599,0
81,3.0756,0
82,3.1423,0
83,2.4340,0
84,2.9725,0
85,3.0537,0
86,2.8714,0
87,2.5681,0
88,2.9072,0
89,2.5998,0
90,2.4103,0
91,2.5272,0
92,2.8305,0
93,2.4022,0
94,2.8074,0
95,2.5705,0
96,2.5021,0
97,2.5053,0
98,2.7325,0
99,2.5533,0
100,2.7610,0
101,2.3399,0
102,2.8962,0
103,2.5288,0
104,2.4190,0
105,2.2326,0
106,2.4303,0
107,2.4492,0
108,2.6405,0
109,2.4681,0
110,2.5268,0
111,2.5357,0
112,2.5643,0
113,2.8652,0
114,2.5263,0
115,2.2064,0
116,2.2737,0
117,2.2615,0
118,2.2694,0
119,2.9266,0
120,3.3082,0
121,2.9605,0
122,2.8483,0
123,2.7529,0
124,2.9573,0
125,3.0582,0
126,2.8113,0
127,2.8379,0
128,2.7697,0
129,2.6241,0
130,2.8475,0
131,2.5263,0
132,2.4267,0
133,2.6575,0
134,2.6703,0
135,2.8040,0
136,2.9340,0
137,2.9266,0
138,3.0194,0
139,2.7187,0
140,3.1036,0
141,2.5246,0
142,2.4876,0
143,2.9823,0
144,2.6890,0
145,2.2946,0
146,2.7924,0
147,2.8739,0
148,3.0470,0
149,2.7383,0
150,2.6526,0
151,2.6729,0
152,3.0572,0
153,3.1093,0
154,3.1506,0
155,3.1213,0
156,3.2230,0
157,3.0020,0
158,3.0563,0
159,2.6661,0
160,2.9825,0
161,2.7458,0
162,2.8173,0
163,2.4284,0
164,3.0965,0
165,2.8932,0
166,2.8710,0
167,2.6197,0
168,3.2897,0
169,2.6508,0
170,2.6048,0
171,2.5605,0
172,2.6608,0
173,2.4698,0
174,2.7142,0
175,2.3233,0
176,2.8900,0
177,2.5693,0
178,2.4740,0
179,3.0354,0
180,3.2179,0
181,2.8648,0
182,2.8948,0
183,2.8920,0
184,2.6430,0
185,2.8381,0
186,3.1172,0
187,2.7611,0
188,2.6126,0
189,2.4353,0
190,2.2337,0
191,2.7226,0
192,2.4838,0
193,2.5391,0
194,2.5544,0
195,2.6490,0
196,2.4878,0
197,2.9585,0
198,2.6166,0
199,2.8947,0
200,2.8156,0
201,2.9840,0
202,2.8533,0
203,2.4966,0
204,2.8102,0
205,3.3264,0
206,2.6741,0
207,3.0974,0
208,2.9671,0
209,2.7974,0
210,2.3075,0
211,2.4453,0
212,2.4215,0
213,2.6333,0
214,2.6921,0
215,2.8289,0
216,2.7726,0
217,3.6934,0
218,3.4034,0
219,3.4748,0
220,3.4134,0
221,3.3211,0
222,3.3856,0
223,3.4967,0
224,3.3389,0
225,3.0767,0
226,3.1176,0
227,3.1679,0
228,3.4192,0
229,2.6022,0
230,3.0083,0
231,3.6103,0
232,2.9804,0
233,3.5352,0
234,3.1229,0
235,3.0796,0
236,3.1799,0
237,2.8525,0
238,2.8587,0
239,3.0569,0
240,3.0102,0
241,3.0394,0
242,3.0116,0
243,2.8858,0
244,3.3813,0
245,3.1428,0
246,3.2257,0
247,3.2390,0
248,3.2481,0
249,3.1600,0
250,3.3739,0
251,2.8117,0
252,3.2063,0
253,3.3370,0
254,2.6440,0
255,3.7000,0
256,3.0401,0
257,3.2601,0
258,3.2400,0
259,3.0476,0
260,3.2527,0
261,3.0646,0
262,2.9151,0
263,3.3046,0
264,2.8561,0
265,3.1889,0
266,3.1396,0
267,3.3977,0
268,3.2953,0
269,3.2057,0
270,3.0673,0
271,3.6222,0
272,3.1581,0
273,2.8625,0
274,2.3745,0
275,2.3876,0
276,2.6517,0
277,2.5993,0
278,2.5238,0
279,2.3579,0
280,2.6358,0
281,2.4335,0
282,2.4281,0
283,2.5070,0
284,2.3359,0
285,2.6976,0
286,2.5762,0
287,2.7094,0
288,2.5344,0
289,2.5769,0
290,2.5081,0
291,2.7438,0
292,2.4178,0
293,2.4984,0
294,2.5004,0
295,2.4502,0
296,2.3778,0
297,2.3824,0
298,2.2559,0
299,2.3851,0
300,2.3987,0
301,2.5155,0
302,2.5614,0
303,2.4945,0
304,2.4968,0
305,2.6865,0
306,2.5274,0
307,2.5123,0
308,2.5944,0
309,2.3064,0
310,2.4363,0
311,2.7735,0
312,2.5194,0
313,2.6539,0
314,2.2805,0
315,2.5416,0
316,2.7323,0
317,2.3734,0
318,2.4791,0
319,2.3570,0
320,2.6523,0
321,2.5119,0
322,2.5645,0
323,2.7702,0
324,2.4059,0
325,2.4950,0
326,2.5083,0
327,2.3251,0
328,6.3575,0
329,5.2112,0
330,2.6453,0
331,2.6780,0
332,2.7597,0
333,2.7545,0
334,2.5387,0
335,2.7262,0
336,2.1780,0
337,2.5741,0
338,2.9921,0
339,2.3511,0
340,2.5684,0
341,2.6738,0
342,2.6258,0
343,2.4782,0
344,2.7199,0
345,2.4642,0
346,2.2048,0
347,2.5572,0
348,2.3578,0
349,2.3549,0
350,2.6458,0
351,2.1989,0
352,2.3599,0
353,2.4190,0
354,2.2004,0
355,2.1836,0
356,2.1554,0
357,2.5990,0
358,2.5356,0
359,2.4988,0
360,2.4883,0
361,2.4990,0
362,2.6013,0
363,2.4320,0
364,2.5319,0
365,2.4341,0
366,2.4862,0
367,2.3376,0
368,2.4910,0
369,2.6317,0
370,2.3119,0
371,2.4593,0
372,2.5771,0
373,2.4865,0
374,2.5200,0
375,2.4907,0
376,2.5889,0
377,2.3149,0
378,2.4692,0
379,2.5025,0
380,2.1942,0
381,2.5347,0
382,2.4726,0
383,2.6338,0
384,2.3345,0
385,2.2566,0
386,2.5111,0
387,2.3924,0
388,2.1603,0
389,2.4613,0
390,2.3092,0
391,2.3689,0
392,2.2992,0
393,2.3467,0
394,2.1658,0
395,2.5844,0
396,2.5844,0
397,2.4787,0
398,2.9176,0
399,2.4185,0
400,4.6272,0
401,3.1862,0
402,3.3139,0
403,2.5695,0
404,2.6371,0
405,3.0677,0
406,3.0049,0
407,2.5765,0
408,3.2314,0
409,2.9262,0
410,2.4971,0
411,2.6540,0
412,2.5685,0
413,2.6262,0
414,2.6243,0
415,2.9711,0
416,2.4534,0
417,2.9011,0
418,2.3136,0
419,2.6807,0
420,2.4360,0
421,2.4334,0
422,2.6625,0
423,2.9364,0
424,2.5915,0
425,2.7990,0
426,2.4657,0
427,2.4732,0
428,2.1969,0
429,2.7769,0
430,2.8518,0
431,2.4086,0
432,2.6512,0
433,2.1648,0
434,2.7318,0
435,2.3172,0
436,2.3216,0
437,2.2753,0
438,2.2889,0
439,2.3777,0
440,2.3597,0
441,2.5246,0
442,2.5825,0
443,2.3343,0
444,2.5602,0
445,2.3136,0
446,2.2257,0
447,2.1369,0
448,1.9474,0
449,2.2853,0
450,1.9777,0
451,2.1450,0
452,2.3067,0
453,2.0802,0
454,1.8884,0
455,2.3084,0
456,2.1437,0
457,2.2071,0
458,2.1930,0
459,2.4926,0
460,2.3628,0
461,2.0640,0
462,2.5393,0
463,2.1316,0
464,2.1740,0
465,2.0134,0
466,2.4954,0
467,1.9460,0
468,2.0454,0
469,2.0535,0
470,2.4596,0
471,2.0600,0
472,2.2624,0
473,2.1912,0
474,2.0597,0
475,2.0278,0
476,2.0281,0
477,2.4971,0
478,2.3037,0
479,2.2409,0
480,1.8992,0
481,2.2909,0
482,1.9646,0
483,2.2053,0
484,2.2576,0
485,2.4368,0
486,2.4889,0
487,2.1191,0
488,2.3465,0
489,2.3533,0
490,1.8430,0
491,2.8591,0
492,2.6099,0
493,2.2837,0
494,2.3722,0
495,2.1789,0
496,2.3525,0
497,2.3976,0
498,2.4664,0
499,2.4145,0
500,2.3700,0
501,3.1308,0
502,2.1127,0
503,2.6330,0
504,2.4148,0
505,2.7617,0
506,2.3129,0
507,2.4644,0
508,1.9909,0
509,1.9767,0
510,2.3480,0
511,2.8107,0
512,2.6286,0
513,2.0524,0
514,2.6310,0
515,2.5306,0
516,2.2542,0
517,2.6630,0
518,2.1639,0
519,2.2380,0
520,2.1602,0
521,2.2807,0
522,2.4936,0
523,2.2199,0
524,2.9063,0
525,2.4912,0
526,2.3017,0
527,2.4932,0
528,2.5643,0
529,2.9864,0
530,3.0696,0
531,2.7898,0
532,2.4543,0
533,2.4525,0
534,2.5856,0
535,2.9702,0
536,2.4425,0
537,2.5005,0
538,2.5241,0
539,2.4126,0
540,2.9186,0
541,2.8631,0
542,2.3157,0
543,2.5055,0
544,2.6194,0
545,2.6461,0
546,2.4853,0
547,2.4897,0
548,2.0873,0
549,2.4134,0
550,2.3213,0
551,3.1803,0
552,2.2099,0
553,2.5158,0
554,2.4515,0
555,2.7969,0
556,2.5299,0
557,2.5240,0
558,2.1983,0
559,2.3175,0
560,2.4136,0
561,2.6167,0
562,2.6021,0
563,1.9834,0
564,2.4684,0
565,1.9377,0
566,2.4239,0
567,2.3159,0
568,2.5596,0
569,2.0312,0
570,1.9684,0
571,2.1156,0
572,2.2073,0
573,1.9846,0
574,2.0083,0
575,2.0711,0
576,2.2516,0
577,1.9219,0
578,2.4517,0
579,2.2442,0
580,2.2899,0
581,2.0405,0
582,1.9382,0
583,2.1331,0
584,2.1176,0
585,2.6942,0
586,2.5976,0
587,2.8548,0
588,2.3968,0
589,2.2627,0
590,2.0836,0
591,2.3858,0
592,2.2049,0
593,2.1881,0
594,2.2049,0
595,2.0824,0
596,2.3032,0
597,2.3563,0
598,2.4715,0
599,3.5517,0
600,2.9935,0
601,2.4341,0
602,2.0076,0
603,2.4029,0
604,2.2750,0
605,2.1724,0
606,2.3762,0
607,2.0364,0
608,2.1917,0
609,1.9756,0
610,2.1182,0
611,2.0946,0
612,2.0212,0
613,1.9356,0
614,2.3064,0
615,1.9111,0
616,2.3758,0
617,2.2098,0
618,2.0260,0
619,2.1995,0
620,2.5966,0
621,2.4793,0
622,2.6442,0
623,3.3111,0
624,2.6201,0
625,2.2452,0
626,2.1583,0
627,1.9000,0
628,2.2335,0
629,2.3690,0
630,2.4193,0
631,2.2628,0
632,2.2721,0
633,2.2058,0
634,2.0715,0
635,2.2031,0
636,2.3070,0
637,2.3145,0
638,2.2227,0
639,2.0493,0
640,2.4204,0
641,2.2564,0
642,3.3269,0
643,2.4990,0
644,2.5661,0
645,2.4037,0
646,2.1625,0
647,2.1918,0
648,2.4688,0
649,2.4597,0
650,2.2206,0
651,2.2501,0
652,2.0656,0
653,2.4316,0
654,2.5160,0
655,2.2576,0
656,2.3029,0
657,2.2383,0
658,2.1798,0
659,2.2239,0
660,2.2178,0
661,2.3458,0
662,2.6191,0
663,2.2403,0
664,2.2530,0
665,2.3568,0
666,2.2258,0
667,2.2965,0
668,2.4042,0
669,2.2170,0
670,1.9712,0
671,2.3549,0
672,2.4244,0
673,2.4017,0
674,2.6005,0
675,2.4594,0
676,2.5481,0
677,2.2602,0
678,2.3640,0
679,2.2235,0
680,2.5365,0
681,2.2136,0
682,2.3260,0
683,2.2274,0
684,2.2679,0
685,1.9739,0
686,2.0042,0
687,2.4465,0
688,2.5189,0
689,2.4979,0
690,2.2924,0
691,2.4625,0
692,2.2763,0
693,2.2851,0
694,2.3119,0
695,2.3425,0
696,2.4720,0
697,2.1971,0
698,2.4504,0
699,2.2455,0
700,2.5143,0
701,2.4780,0
702,2.7251,0
703,2.8576,0
704,2.4814,0
705,2.3405,0
706,2.3178,0
707,2.4484,0
708,2.4702,0
709,2.3676,0
710,2.4145,0
711,2.2657,0
712,2.5799,0
713,2.3982,0
714,2.3455,0
715,2.3169,0
716,2.4787,0
717,2.3652,0
718,2.2177,0
719,2.3067,0
720,2.1372,0
721,2.2517,0
722,2.1940,0
723,2.1751,0
724,2.2737,0
725,2.8850,0
726,2.6492,0
727,2.6958,0
728,2.2409,0
729,2.3719,0
730,2.3988,0
731,3.0411,0
732,2.4918,0
733,2.7978,0
734,2.2567,0
735,2.3873,0
736,2.6865,0
737,2.2855,0
738,2.8782,0
739,3.3488,0
740,2.8893,0
741,2.5258,0
742,2.5907,0
743,2.4870,0
744,2.4489,0
745,2.4613,0
746,2.3677,0
747,2.5763,0
748,2.4420,0
749,2.6751,0
750,2.4459,0
751,2.2461,0
752,2.7205,0
753,2.8073,0
754,2.5830,0
755,2.6416,0
756,2.5353,0
757,2.5181,0
758,2.2730,0
759,2.1863,0
760,2.1098,0
761,2.2500,0
762,2.5132,0
763,2.3773,0
764,2.5406,0
765,2.5876,0
766,2.3188,0
767,2.3115,0
768,2.2487,0
769,2.1090,0
770,2.0273,0
771,2.4884,0
772,2.3938,0
773,2.4538,0
774,2.7344,0
775,2.6312,0
776,2.6473,0
777,2.3657,0
778,2.3932,0
779,2.6880,0
780,2.7046,0
781,2.4235,0
782,2.5777,0
783,2.4012,0
784,2.5216,0
785,2.6242,0
786,2.4504,0
787,2.4999,0
788,2.4491,0
789,2.3119,0
790,2.4305,0
791,2.3437,0
792,2.5659,0
793,2.5023,0
794,2.4964,0
795,2.4124,0
796,2.4971,0
797,2.4096,0
798,2.7819,0
799,2.5579,0
800,2.8357,0
801,2.6431,0
802,2.7807,0
803,2.9047,0
804,2.7327,0
805,2.9139,0
806,2.8333,0
807,2.3716,0
808,2.9166,0
809,2.5596,0
810,2.4617,0
811,2.1336,0
812,2.4623,0
813,1.9044,0
814,1.8737,0
815,2.0983,0
816,1.8152,0
817,1.8901,0
818,2.3526,0
819,2.1597,0
820,1.9456,0
821,1.8943,0
822,2.3221,0
823,2.1401,0
824,2.1592,0
825,1.9990,0
826,1.9753,0
827,2.1876,0
828,1.8748,0
829,1.9763,0
830,2.3036,0
831,2.3000,0
832,2.2565,0
833,2.4063,0
834,2.1134,0
835,1.8851,0
836,2.2319,0
837,2.1852,0
838,2.0688,0
839,2.2054,0
840,1.9047,0
841,2.2471,0
842,2.4359,0
843,2.0933,0
844,2.1334,0
845,2.5226,0
846,2.1115,0
847,2.1316,0
848,2.0490,0
849,2.3435,0
850,2.2820,0
851,2.1106,0
852,2.3559,0
853,2.3168,0
854,2.3956,0
855,1.9902,0
856,2.2320,0
857,2.0407,0
858,2.0143,0
859,1.9601,0
860,2.3371,0
861,1.9307,0
862,2.1822,0
863,1.9582,0
864,2.1256,0
865,1.9458,0
866,2.3945,0
867,2.3083,0
868,2.2303,0
869,2.0815,0
870,2.0722,0
871,2.0055,0
872,2.0197,0
873,1.8522,0
874,2.2377,0
875,2.1573,0
876,2.1170,0
877,2.2748,0
878,2.3715,0
879,2.0163,0
880,2.2770,0
881,1.9654,0
882,1.9346,0
883,2.2125,0
884,2.1649,0
885,2.0004,0
886,1.8114,0
887,1.7766,0
888,2.1904,0
889,2.4268,0
890,2.2359,0
891,1.8499,0
892,1.9879,0
893,2.4557,0
894,2.3520,0
895,2.2996,0
896,2.1048,0
897,2.1006,0
898,2.1688,0
899,2.0494,0
900,1.9601,0
901,2.0395,0
902,2.3412,0
903,2.5997,0
904,2.0700,0
905,2.0764,0
906,2.0001,0
907,2.0334,0
908,2.0689,0
909,2.5144,0
910,2.2238,0
911,2.2254,0
912,1.9967,0
913,2.1892,0
914,2.1894,0
915,2.2339,0
916,2.1641,0
917,2.3094,0
918,2.1831,0
919,1.9674,0
920,1.9621,0
921,1.8304,0
922,2.1477,0
923,2.0081,0
924,2.1298,0
925,2.1691,0
926,2.2383,0
927,2.3327,0
928,2.2431,0
929,2.2486,0
930,2.0704,0
931,2.2748,0
932,2.0076,0
933,1.8317,0
934,1.9813,0
935,2.2005,0
936,2.1211,0
937,2.0729,0
938,1.9874,0
939,2.3954,0
940,2.4029,0
941,2.2073,0
942,2.3983,0
943,2.0301,0
944,2.0637,0
945,2.0053,0
946,2.3043,0
947,1.9812,0
948,2.0179,0
949,1.9812,0
950,2.0110,0
951,1.9253,0
952,2.3356,0
953,2.1444,0
954,2.5721,0
955,2.0993,0
956,2.1564,0
957,1.9759,0
958,2.2467,0
959,2.3883,0
960,2.2090,0
961,2.0306,0
962,2.2842,0
963,2.1022,0
964,2.4013,0
965,2.1227,0
966,2.2924,0
967,2.4104,0
968,2.1542,0
969,2.3429,0
970,2.1696,0
971,2.1045,0
972,2.2057,0
973,2.5023,0
974,1.9730,0
975,2.3018,0
976,2.1788,0
977,2.0613,0
978,2.1275,0
979,2.1175,0
980,2.0784,0
981,2.2263,0
982,2.6144,0
983,2.1364,0
984,2.5192,0
985,2.6016,0
986,2.4230,0
987,2.4105,0
988,2.7344,0
989,2.4118,0
990,2.2127,0
991,2.1862,0
992,2.2029,0
993,2.1789,0
994,2.3063,0
995,2.3268,0
996,2.0362,0
997,2.0936,0
998,2.1689,0
999,2.3158,0
1000,2.1161,0
1001,2.0965,0
1002,2.4988,0
1003,2.1064,0
1004,2.2355,0
1005,1.9935,0
1006,2.1177,0
1007,2.3856,0
1008,2.2293,0
1009,2.1273,0
1010,2.1910,0
1011,2.4523,0
1012,2.3492,0
1013,2.2197,0
1014,2.1311,0
1015,2.0652,0
1016,2.3679,0
1017,2.4946,0
1018,1.9398,0
1019,2.1165,0
1020,2.0169,0
1021,2.5703,0
1022,2.3683,0
1023,2.3406,0
1024,2.3908,0
1025,2.3816,0
1026,2.3398,0
1027,2.0855,0
1028,2.1863,0
1029,2.5037,0
1030,2.1994,0
1031,2.3166,0
1032,2.1593,0
1033,2.2219,0
1034,2.1405,0
1035,2.2296,0
1036,2.2041,0
1037,2.0972,0
1038,2.1511,0
1039,2.4732,0
1040,2.2195,0
1041,2.2048,0
1042,2.2315,0
1043,2.7174,0
1044,2.6281,0
1045,2.7005,0
1046,2.3699,0
1047,2.2501,0
1048,2.1680,0
1049,2.2809,0
1050,2.3396,0
1051,2.3169,0
1052,2.5878,0
1053,2.3591,0
1054,2.1926,0
1055,2.4744,0
1056,2.4268,0
1057,2.1408,0
1058,1.9032,0
1059,2.1501,0
1060,1.8309,0
1061,1.9954,0
1062,2.1394,0
1063,2.6345,0
1064,2.3040,0
1065,2.2553,0
1066,2.2484,0
1067,2.1157,0
1068,2.0503,0
1069,2.2493,0
1070,2.2822,0
1071,2.7471,0
1072,2.6865,0
1073,2.6278,0
1074,2.2853,0
1075,2.1654,0
1076,2.3898,0
1077,2.6820,0
1078,2.0945,0
1079,2.5503,0
1080,2.2392,0
1081,2.1477,0
1082,2.0182,0
1083,2.4880,0
1084,2.2598,0
1085,2.3068,0
1086,2.1430,0
1087,1.9200,0
1088,2.3102,0
1089,1.9812,0
1090,1.9706,0
1091,1.8958,0
1092,2.2610,0
1093,2.0472,0
1094,1.9728,0
1095,2.4353,0
1096,2.1407,0
1097,2.1445,0
1098,2.2003,0
1099,2.2830,0
1100,2.0769,0
1101,1.9830,0
1102,2.0099,0
1103,2.5537,0
1104,2.2001,0
1105,2.1937,0
1106,2.2535,0
1107,2.1466,0
1108,2.4891,0
1109,2.2219,0
1110,2.1028,0
1111,2.3742,0
1112,2.2591,0
1113,2.4606,0
1114,2.0624,0
1115,2.4611,0
1116,2.2568,0
1117,2.3341,0
1118,2.2987,0
1119,2.0233,0
1120,1.9928,0
1121,2.0305,0
1122,2.3425,0
1123,2.1809,0
1124,1.9966,0
1125,2.2858,0
1126,2.4715,0
1127,2.3027,0
1128,2.2655,0
1129,1.9590,0
1130,2.0392,0
1131,2.0760,0
1132,2.1586,0
1133,2.1669,0
1134,2.1967,0
1135,2.1147,0
1136,2.5342,0
1137,2.7276,0
1138,2.0757,0
1139,2.6118,0
1140,2.5353,0
1141,2.5822,0
1142,2.6371,0
1143,2.7929,0
1144,2.9238,0
1145,2.2961,0
1146,2.6615,0
1147,2.0595,0
1148,3.0200,0
1149,2.2954,0
1150,2.4522,0
1151,2.5474,0
1152,2.4705,0
1153,2.3918,0
1154,2.8716,0
1155,2.8146,0
1156,2.8091,0
1157,2.8205,0
1158,3.1008,0
1159,2.4564,0
1160,2.6059,0
1161,2.3738,0
1162,2.2811,0
1163,2.6772,0
1164,2.4005,0
1165,2.3913,0
1166,2.5804,0
1167,2.7284,0
1168,2.3842,0
1169,2.4851,0
1170,2.4590,0
1171,2.4108,0
1172,2.2563,0
1173,2.8630,0
1174,2.3513,0
1175,2.5076,0
1176,3.2099,0
1177,2.1990,0
1178,2.6218,0
1179,2.3614,0
1180,2.6572,0
1181,3.2186,0
1182,2.9444,0
1183,2.4036,0
1184,2.8378,0
1185,2.3683,0
1186,2.8166,0
1187,2.0512,0
1188,2.6426,0
1189,2.0849,0
1190,2.4294,0
1191,2.3554,0
1192,2.3541,0
1193,2.2249,0
1194,2.9086,0
1195,2.1535,0
1196,2.1660,0
1197,2.4345,0
1198,2.5285,0
1199,2.2552,0
1200,2.8585,0
1201,2.9173,0
1202,2.9760,0
1203,3.1254,0
1204,2.6098,0
1205,2.4469,0
1206,2.2029,0
1207,3.0013,0
1208,2.5198,0
1209,2.5268,0
1210,1.9366,0
1211,2.8770,0
1212,2.9369,0
1213,2.7101,0
1214,2.7069,0
1215,2.5912,0
1216,2.4057,0
1217,2.4632,0
1218,2.7585,0
1219,2.4266,0
1220,2.9679,0
1221,2.1180,0
1222,2.9172,0
1223,2.0605,0
1224,2.8246,0
1225,2.3001,0
1226,2.6058,0
1227,2.0917,0
1228,2.4357,0
1229,2.3684,0
1230,2.9507,0
1231,2.6395,0
1232,2.4638,0
1233,2.5266,0
1234,2.4773,0
1235,2.9868,0
1236,2.5626,0
1237,2.6146,0
1238,2.5619,0
1239,2.3945,0
1240,2.4367,0
1241,2.7165,0
1242,2.0667,0
1243,2.4505,0
1244,2.4170,0
1245,2.1100,0
1246,2.6303,0
1247,2.2670,0
1248,2.9822,0
1249,2.2815,0
1250,2.4413,0
1251,2.4890,0
1252,2.8717,0
1253,2.1164,0
1254,2.4238,0
1255,2.5536,0
1256,2.3831,0
1257,2.3806,0
1258,2.0737,0
1259,2.4891,0
1260,2.2896,0
1261,2.4654,0
1262,2.6364,0
1263,2.1791,0
1264,2.1608,0
1265,2.4946,0
1266,2.0432,0
1267,2.1710,0
1268,2.6346,0
1269,2.4719,0
1270,2.6852,0
1271,2.2934,0
1272,1.9120,0
1273,2.3495,0
1274,1.8449,0
1275,2.3982,0
1276,2.0750,0
1277,1.9161,0
1278,1.9206,0
1279,2.4255,0
1280,2.5957,0
1281,2.0498,0
1282,1.9125,0
1283,2.1728,0
1284,2.0893,0
1285,2.1101,0
1286,2.3083,0
1287,2.4301,0
1288,2.0838,0
1289,2.0238,0
1290,2.0900,0
1291,2.1746,0
1292,2.3543,0
1293,2.3488,0
1294,2.1081,0
1295,2.1531,0
1296,2.5515,0
1297,2.1403,0
1298,2.3855,0
1299,2.8596,0
1300,2.1967,0
1301,2.2048,0
1302,2.0131,0
1303,2.1453,0
1304,2.1344,0
1305,2.1654,0
1306,2.1540,0
1307,2.4407,0
1308,2.0213,0
1309,2.2732,0
1310,1.9607,0
1311,2.0530,0
1312,2.2298,0
1313,2.1105,0
1314,2.0344,0
1315,2.0981,0
1316,2.0997,0
1317,2.0073,0
1318,2.1503,0
1319,2.1737,0
1320,1.9939,0
1321,2.2271,0
1322,2.2918,0
1323,2.1805,0
1324,2.1619,0
1325,2.5688,0
1326,2.7109,0
1327,2.5073,0
1328,2.1859,0
1329,2.0613,0
1330,2.0626,0
1331,2.1562,0
1332,2.1311,0
1333,2.1574,0
1334,2.2435,0
1335,2.1322,0
1336,2.0941,0
1337,1.9363,0
1338,2.1060,0
1339,2.1227,0
1340,2.2489,0
1341,2.3688,0
1342,2.1020,0
1343,2.1876,0
1344,2.0332,0
1345,2.1652,0
1346,2.1709,0
1347,2.2946,0
1348,2.3384,0
1349,2.3869,0
1350,1.9507,0
1351,2.2031,0
1352,2.1322,0
1353,2.0529,0
1354,2.3173,0
1355,2.3221,0
1356,2.2215,0
1357,2.2438,0
1358,2.5577,0
1359,2.1811,0
1360,2.3502,0
1361,2.2510,0
1362,2.1299,0
1363,2.1961,0
1364,2.0865,0
1365,2.3481,0
1366,2.1616,0
1367,2.0135,0
1368,2.2836,0
1369,2.0133,0
1370,2.5512,0
1371,2.5397,0
1372,2.4333,0
1373,2.1388,0
1374,2.4210,0
1375,2.2541,0
1376,1.9861,0
1377,2.2217,0
1378,1.9401,0
1379,2.5495,0
1380,2.0701,0
1381,2.0146,0
1382,2.0709,0
1383,2.2424,0
1384,2.1546,0
1385,2.7765,0
1386,2.1655,0
1387,2.2483,0
1388,2.1884,0
1389,2.3258,0
1390,2.2112,0
1391,1.9915,0
1392,2.1958,0
1393,2.1013,0
1394,1.9653,0
1395,2.5425,0
1396,2.2136,0
1397,2.3448,0
1398,2.7662,0
1399,2.2982,0
1400,2.1490,0
1401,3.0130,0
1402,2.2725,0
1403,2.2121,0
1404,2.5841,0
1405,2.1347,0
1406,3.0467,0
1407,2.0162,0
1408,2.3717,0
1409,2.3031,0
1410,2.7313,0
1411,2.2159,0
1412,1.8533,0
1413,2.0285,0
1414,2.0345,0
1415,2.9051,0
1416,2.3871,0
1417,2.3388,0
1418,2.3709,0
1419,2.4517,0
1420,2.0754,0
1421,2.2678,0
1422,2.4622,0
1423,1.9730,0
1424,2.9740,0
1425,2.0440,0
1426,2.2030,0
1427,2.1282,0
1428,2.1870,0
1429,2.2330,0
1430,2.4396,0
1431,2.2734,0
1432,2.2215,0
1433,2.1676,0
1434,2.2536,0
1435,2.4616,0
1436,2.3380,0
1437,2.4504,0
1438,2.1047,0
1439,2.1971,0
1440,2.0812,0
1441,2.0743,0
1442,2.0301,0
1443,2.0053,0
1444,2.5287,0
1445,2.3846,0
1446,1.9732,0
1447,2.1309,0
1448,1.8773,0
1449,2.2349,0
1450,2.1668,0
1451,2.2098,0
1452,2.1953,0
1453,2.3244,0
1454,2.5488,0
1455,2.1649,0
1456,2.3805,0
1457,2.5207,0
1458,2.0913,0
1459,2.4606,0
1460,2.2077,0
1461,2.5046,0
1462,2.0756,0
1463,2.2158,0
1464,2.0888,0
1465,2.5805,0
1466,2.2486,0
1467,2.1210,0
1468,2.3125,0
1469,2.1889,0
1470,2.3601,0
1471,2.2160,0
1472,2.3744,0
1473,2.2150,0
1474,2.1332,0
1475,2.3465,0
1476,2.4712,0
1477,1.9463,0
1478,2.1321,0
1479,2.2299,0
1480,2.4145,0
1481,2.4022,0
1482,2.0270,0
1483,2.2403,0
1484,2.1299,0
1485,2.2403,0
1486,2.0302,0
1487,2.1573,0
1488,1.9399,0
1489,1.9337,0
1490,2.0638,0
1491,2.2640,0
1492,2.1531,0
1493,1.9543,0
1494,2.0241,0
1495,2.3521,0
1496,2.1439,0
1497,2.1143,0
1498,2.0248,0
1499,2.0864,0
1500,2.0949,0
1501,2.4247,0
1502,2.1210,0
1503,2.2891,0
1504,2.2842,0
1505,2.1743,0
1506,2.5531,0
1507,2.1500,0
1508,2.2745,0
1509,2.2334,0
1510,2.4292,0
1511,2.2246,0
1512,2.4036,0
1513,2.0103,0
1514,2.3426,0
1515,2.1989,0
1516,2.1396,0
1517,2.2111,0
1518,2.0746,0
1519,2.0463,0
1520,2.1503,0
1521,2.2100,0
1522,2.3857,0
1523,2.1384,0
1524,2.0706,0
1525,1.9664,0
1526,2.0619,0
1527,3.0051,0
1528,2.6004,0
1529,2.1202,0
1530,1.9365,0
1531,2.0643,0
1532,2.1304,0
1533,2.1933,0
1534,1.9558,0
1535,2.0825,0
1536,2.2772,0
1537,2.1574,0
1538,1.9974,0
1539,1.9610,0
1540,2.2011,0
1541,2.3011,0
1542,1.9216,0
1543,1.9937,0
1544,2.2142,0
1545,2.1811,0
1546,2.1686,0
1547,2.0862,0
1548,2.0110,0
1549,2.2731,0
1550,2.5256,0
1551,2.4210,0
1552,2.3615,0
1553,2.2660,0
1554,2.4573,0
1555,2.2926,0
1556,2.3041,0
1557,2.1354,0
1558,2.3468,0
1559,2.4511,0
1560,2.3672,0
1561,2.1902,0
1562,2.2586,0
1563,2.3080,0
1564,2.0030,0
1565,2.1004,0
1566,2.0524,0
1567,2.4249,0
1568,2.1150,0
1569,2.1266,0
1570,1.9855,0
1571,2.0863,0
1572,1.9657,0
1573,2.0884,0
1574,2.2600,0
1575,2.3941,0
1576,2.3753,0
1577,2.1798,0
1578,2.2602,0
1579,2.2242,0
1580,2.0835,0
1581,2.2940,0
1582,1.9959,0
1583,2.3337,0
1584,2.3154,0
1585,2.0857,0
1586,2.1525,0
1587,2.1251,0
1588,2.1278,0
1589,1.9934,0
1590,2.2282,0
1591,2.1113,0
1592,2.0759,0
1593,2.2235,0
1594,2.2187,0
1595,2.0573,0
1596,2.1286,0
1597,2.1990,0
1598,2.4123,0
1599,2.4575,0
1600,2.3679,0
1601,2.5205,0
1602,2.0030,0
1603,2.2159,0
1604,1.9967,0
1605,2.2844,0
1606,2.3483,0
1607,2.2977,0
1608,2.3872,0
1609,2.2758,0
1610,1.9528,0
1611,2.2434,0
1612,1.8828,0
1613,2.1902,0
1614,2.2332,0
1615,2.2941,0
1616,2.6608,0
1617,2.2721,0
1618,2.5078,0
1619,2.1096,0
1620,2.2673,0
1621,2.1866,0
1622,2.1955,0
1623,2.3976,0
1624,2.0713,0
1625,2.0664,0
1626,2.2157,0
1627,2.1396,0
1628,2.3480,0
1629,2.3455,0
1630,2.2909,0
1631,2.4574,0
1632,2.2345,0
1633,2.1027,0
1634,2.1273,0
1635,2.3813,0
1636,2.1823,0
1637,2.3269,0
1638,2.0715,0
1639,2.3890,0
1640,2.4788,0
1641,2.1513,0
1642,2.2731,0
1643,2.3061,0
1644,2.2183,0
1645,2.2471,0
1646,2.3097,0
1647,2.1962,0
1648,2.1712,0
1649,2.1383,0
1650,2.2026,0
1651,2.4036,0
1652,2.0153,0
1653,2.0568,0
1654,2.1089,0
1655,2.2106,0
1656,2.3159,0
1657,2.6129,0
1658,2.0021,0
1659,2.1352,0
1660,2.0173,0
1661,2.2163,0
1662,2.4842,0
1663,2.5728,0
1664,2.2488,0
1665,2.1956,0
1666,2.6250,0
1667,2.2784,0
1668,2.4010,0
1669,2.3556,0
1670,2.1694,0
1671,2.0213,0
1672,1.9943,0
1673,1.7660,0
1674,2.2859,0
1675,1.9394,0
1676,2.1036,0
1677,2.5101,0
1678,2.1180,0
1679,2.1464,0
1680,2.1344,0
1681,2.0570,0
1682,2.2253,0
1683,2.1125,0
1684,2.3628,0
1685,2.2762,0
1686,2.0769,0
1687,1.9819,0
1688,2.5384,0
1689,2.6320,0
1690,1.9361,0
1691,2.1259,0
1692,1.9299,0
1693,2.3476,0
1694,2.2455,0
1695,2.2172,0
1696,2.3746,0
1697,2.0380,0
1698,1.9650,0
1699,2.1043,0
1700,2.1041,0
1701,1.9749,0
1702,2.1185,0
1703,2.0762,0
1704,2.3815,0
1705,2.1489,0
1706,2.3454,0
1707,1.9933,0
1708,1.9631,0
1709,1.9544,0
1710,2.0061,0
1711,2.0277,0
1712,2.3761,0
1713,2.2601,0
1714,2.2200,0
1715,2.5593,0
1716,2.3102,0
1717,2.2053,0
1718,2.1250,0
1719,2.3107,0
1720,2.2425,0
1721,2.0742,0
1722,2.0198,0
1723,1.8754,0
1724,1.9759,0
1725,1.8867,0
1726,2.1458,0
1727,2.2659,0
1728,2.1025,0
1729,2.2432,0
1730,2.5205,0
1731,2.0146,0
1732,2.1767,0
1733,2.1917,0
1734,2.0501,0
1735,2.8138,0
1736,2.1086,0
1737,2.1806,0
1738,1.8632,0
1739,2.3601,0
1740,2.3771,0
1741,2.2089,0
1742,2.0856,0
1743,2.0263,0
1744,2.2832,0
1745,2.0827,0
1746,1.8766,0
1747,2.2818,0
1748,2.3348,0
1749,2.1810,0
1750,2.2151,0
1751,2.0827,0
1752,2.1476,0
1753,2.1760,0
1754,2.0692,0
1755,2.3142,0
1756,2.2095,0
1757,2.1496,0
1758,2.0876,0
1759,2.1088,0
1760,1.9887,0
1761,2.0480,0
1762,1.9917,0
1763,2.1221,0
1764,2.2582,0
1765,2.0021,0
1766,1.8868,0
1767,2.1393,0
1768,2.5749,0
1769,2.3120,0
1770,2.3195,0
1771,2.2992,0
1772,2.2668,0
1773,2.1293,0
1774,2.5134,0
1775,2.0958,0
1776,2.3715,0
1777,2.0613,0
1778,1.9257,0
1779,1.9111,0
1780,1.9406,0
1781,1.9915,0
1782,2.2747,0
1783,2.2127,0
1784,2.3256,0
1785,2.5154,0
1786,2.2178,0
1787,2.1102,0
1788,2.0425,0
1789,2.0295,0
1790,1.9802,0
1791,2.2047,0
1792,2.0383,0
1793,2.4404,0
1794,2.0745,0
1795,2.3928,0
1796,2.2987,0
1797,2.0452,0
1798,1.8212,0
1799,2.3720,0
1800,2.2641,0
1801,2.0906,0
1802,2.0297,0
1803,2.0872,0
1804,1.9979,0
1805,2.1048,0
1806,2.5403,0
1807,2.3893,0
1808,2.1655,0
1809,2.0964,0
1810,2.3136,0
1811,2.1617,0
1812,2.1614,0
1813,2.0573,0
1814,2.2429,0
1815,2.1272,0
1816,2.4267,0
1817,2.4053,0
1818,2.1300,0
1819,2.1129,0
1820,2.2237,0
1821,2.0361,0
1822,2.1538,0
1823,1.9159,0
1824,2.4103,0
1825,2.0220,0
1826,1.9696,0
1827,2.2165,0
1828,2.2938,0
1829,2.4639,0
1830,2.0712,0
1831,2.3094,0
1832,2.1441,0
1833,2.1797,0
1834,2.1852,0
1835,2.4011,0
1836,2.2271,0
1837,2.1841,0
1838,2.0333,0
1839,2.1280,0
1840,2.0262,0
1841,2.1010,0
1842,2.8140,0
1843,2.1479,0
1844,2.3232,0
1845,2.2076,0
1846,2.3184,0
1847,2.4318,0
1848,2.5213,0
1849,2.4713,0
1850,2.5154,0
1851,2.3271,0
1852,2.9404,0
1853,2.3849,0
1854,2.1485,0
1855,2.1705,0
1856,2.1064,0
1857,2.0892,0
1858,2.3474,0
1859,2.2146,0
1860,2.1948,0
1861,2.3163,0
1862,2.3561,0
1863,2.3660,0
1864,2.1261,0
1865,2.3001,0
1866,2.2046,0
1867,2.5302,0
1868,2.1584,0
1869,2.1932,0
1870,2.2081,0
1871,2.1064,0
1872,2.2228,0
1873,2.1108,0
1874,1.9344,0
1875,2.1134,0
1876,2.1431,0
1877,2.1169,0
1878,1.9022,0
1879,2.3938,0
1880,2.1207,0
1881,2.0392,0
1882,2.0762,0
1883,2.1776,0
1884,2.1773,0
1885,2.4817,0
1886,2.1795,0
1887,2.1201,0
1888,2.2934,0
1889,2.2507,0
1890,2.3758,0
1891,2.4867,0
1892,2.3751,0
1893,2.2347,0
1894,2.7121,0
1895,2.3168,0
1896,2.9377,0
1897,2.4226,0
1898,2.2215,0
1899,2.3324,0
1900,2.5178,0
1901,2.2092,0
1902,2.0440,0
1903,2.4517,0
1904,2.2024,0
1905,2.0789,0
1906,2.0833,0
1907,2.4544,0
1908,2.4109,0
1909,2.1962,0
1910,2.2068,0
1911,2.2354,0
1912,2.2302,0
1913,2.4291,0
1914,2.1399,0
1915,1.9531,0
1916,2.2595,0
1917,2.2792,0
1918,2.5321,0
1919,2.2685,0
1920,2.2958,0
1921,2.1083,0
1922,2.0754,0
1923,2.0921,0
1924,2.2700,0
1925,2.4724,0
1926,2.4187,0
1927,2.1383,0
1928,2.0138,0
1929,2.1633,0
1930,2.0598,0
1931,2.6276,0
1932,2.3081,0
1933,2.3871,0
1934,2.5180,0
1935,2.4774,0
1936,2.2875,0
1937,2.3258,0
1938,2.3669,0
1939,2.2135,0
1940,2.0338,0
1941,1.9984,0
1942,2.2148,0
1943,2.2754,0
1944,2.3542,0
1945,2.1569,0
1946,2.1949,0
1947,2.2022,0
1948,2.0574,0
1949,2.4828,0
1950,2.2170,0
1951,2.7839,0
1952,2.1806,0
1953,1.9711,0
1954,2.1401,0
1955,2.0818,0
1956,2.1293,0
1957,1.9408,0
1958,2.1008,0
1959,2.2090,0
1960,2.0589,0
1961,2.2633,0
1962,2.1785,0
1963,2.1717,0
1964,2.3216,0
1965,2.4128,0
1966,2.6473,0
1967,2.4583,0
1968,2.1016,0
1969,2.2004,0
1970,2.1808,0
1971,2.0373,0
1972,2.1475,0
1973,2.2231,0
1974,2.4588,0
1975,2.2021,0
1976,2.2884,0
1977,2.0721,0
1978,1.9971,0
1979,2.4115,0
1980,2.2704,0
1981,2.5189,0
1982,2.6728,0
1983,2.6542,0
1984,2.4230,0
1985,2.8001,0
1986,2.1374,0
1987,2.2458,0
1988,2.0684,0
1989,2.0140,0
1990,2.0642,0
1991,2.0193,0
1992,2.0816,0
1993,2.0967,0
1994,2.3886,0
1995,1.9683,0
1996,2.0147,0
1997,2.0150,0
1998,1.9266,0
1999,2.0355,0
2000,2.1561,0
2001,2.1602,0
2002,2.3172,0
2003,2.2221,0
2004,2.1161,0
2005,2.0951,0
2006,2.0824,0
2007,2.3914,0
2008,2.2623,0
2009,2.2988,0
2010,2.1382,0
2011,2.2948,0
2012,2.0927,0
2013,2.1861,0
2014,2.4430,0
2015,2.7628,0
2016,2.6241,0
2017,2.4239,0
2018,2.3532,0
2019,2.6429,0
2020,2.4192,0
2021,2.2930,0
2022,2.2374,0
2023,2.3136,0
2024,2.2549,0
2025,2.1641,0
2026,2.1300,0
2027,2.4533,0
2028,2.2679,0
2029,2.4272,0
2030,2.3323,0
2031,2.8671,0
2032,2.2068,0
2033,2.4652,0
2034,2.6216,0
2035,2.6063,0
2036,2.3791,0
2037,2.4440,0
2038,2.3070,0
2039,2.3503,0
2040,2.3373,0
2041,2.5718,0
2042,2.4032,0
2043,2.6142,0
2044,3.0180,0
2045,2.4634,0
2046,2.7798,0
2047,2.9735,0
2048,2.4329,0
2049,2.8405,0
2050,2.4820,0
2051,2.3211,0
2052,2.9064,0
2053,2.3559,0
2054,2.7159,0
2055,2.8672,0
2056,2.2995,0
2057,2.7859,0
2058,2.6208,0
2059,2.5885,0
2060,2.6038,0
2061,2.5767,0
2062,2.3200,0
2063,3.4406,0
2064,2.9051,0
2065,2.9737,0
2066,2.3564,0
2067,2.6300,0
2068,2.3965,0
2069,2.7356,0
2070,2.6700,0
2071,2.3885,0
2072,2.3706,0
2073,2.3172,0
2074,2.8813,0
2075,2.7826,0
2076,3.0034,0
2077,2.7235,0
2078,2.1232,0
2079,2.6122,0
2080,2.4690,0
2081,2.7197,0
2082,2.4945,0
2083,3.3666,0
2084,2.3826,0
2085,2.6100,0
2086,2.4077,0
2087,2.9871,0
2088,2.8767,0
2089,2.8359,0
2090,2.7075,0
2091,2.4868,0
2092,2.8432,0
2093,3.1021,0
2094,2.6782,0
2095,2.3058,0
2096,2.6852,0
2097,2.4950,0
2098,2.4785,0
2099,3.1107,0
2100,2.3944,0
2101,2.4842,0
2102,3.1301,0
2103,3.0636,0
2104,2.8289,0
2105,2.9191,0
2106,2.4758,0
2107,2.7453,0
2108,2.5635,0
2109,3.0077,0
2110,2.6098,0
2111,2.6648,0
2112,2.4732,0
2113,2.4507,0
2114,2.6147,0
2115,2.7090,0
2116,2.2355,0
2117,2.7882,0
2118,2.4718,0
2119,2.7914,0
2120,2.2061,0
2121,3.0541,0
2122,2.2114,0
2123,3.0571,0
2124,2.5570,0
2125,2.9152,0
2126,2.5747,0
2127,2.7624,0
2128,2.4368,0
2129,2.2189,0
2130,2.2787,0
2131,2.7732,0
2132,2.6234,0
2133,2.4819,0
2134,2.1893,0
2135,2.4003,0
2136,2.0217,0
2137,2.9973,0
2138,2.4140,0
2139,2.2751,0
2140,2.2968,0
2141,2.6694,0
2142,2.5168,0
2143,2.2184,0
2144,2.6856,0
2145,2.2107,0
2146,2.7259,0
2147,2.2418,0
2148,2.4668,0
2149,2.2271,0
2150,2.7297,0
2151,2.4714,0
2152,2.5850,0
2153,2.6712,0
2154,3.0041,0
2155,2.6096,0
2156,2.9124,0
2157,2.4361,0
2158,2.4161,0
2159,3.0193,0
2160,3.0728,0
2161,3.1150,0
2162,2.7149,0
2163,2.8107,0
2164,2.5184,0
2165,2.2827,0
2166,2.6737,0
2167,2.1730,0
2168,2.3945,0
2169,2.3081,0
2170,2.4367,0
2171,2.5074,0
2172,2.2162,0
2173,2.3164,0
2174,2.1307,0
2175,2.1423,0
2176,2.2959,0
2177,2.2896,0
2178,2.6364,0
2179,2.2394,0
2180,2.1722,0
2181,2.1094,0
2182,2.2914,0
2183,2.1350,0
2184,2.1598,0
2185,3.0767,0
2186,2.3701,0
2187,2.1508,0
2188,2.1232,0
2189,2.0406,0
2190,2.3373,0
2191,2.5701,0
2192,2.3115,0
2193,2.2472,0
2194,2.0450,0
2195,2.2827,0
2196,2.1654,0
2197,2.4177,0
2198,2.1182,0
2199,2.4703,0
2200,2.3898,0
2201,2.1144,0
2202,2.1718,0
2203,2.1816,0
2204,2.4763,0
2205,2.2236,0
2206,2.3464,0
2207,2.1138,0
2208,2.4048,0
2209,2.4640,0
2210,2.2299,0
2211,2.3722,0
2212,2.1985,0
2213,2.2438,0
2214,2.4682,0
2215,2.1290,0
2216,2.2098,0
2217,2.3788,0
2218,2.0075,0
2219,2.2414,0
2220,1.9743,0
2221,2.2046,0
2222,2.0514,0
2223,1.9785,0
2224,2.2097,0
2225,2.3061,0
2226,2.2856,0
2227,2.8809,0
2228,2.3251,0
2229,2.2783,0
2230,2.0735,0
2231,2.3573,0
2232,2.2169,0
2233,2.2016,0
2234,2.2795,0
2235,2.4395,0
2236,2.2076,0
2237,2.2733,0
2238,2.3665,0
2239,2.5720,0
2240,2.4477,0
2241,2.1474,0
2242,2.2473,0
2243,2.4140,0
2244,2.1576,0
2245,2.0194,0
2246,2.4257,0
2247,2.0231,0
2248,2.3079,0
2249,2.1080,0
2250,2.1031,0
2251,2.2018,0
2252,2.5712,0
2253,2.3825,0
2254,2.3547,0
2255,2.2164,0
2256,2.0172,0
2257,2.0247,0
2258,2.2190,0
2259,2.9462,0
2260,2.2359,0
2261,2.2133,0
2262,2.2260,0
2263,2.2685,0
2264,2.1485,0
2265,2.2642,0
2266,2.1090,0
2267,2.1157,0
2268,1.9097,0
2269,1.9979,0
2270,2.0160,0
2271,2.1274,0
2272,2.5310,0
2273,2.2855,0
2274,2.6050,0
2275,2.3221,0
2276,2.0485,0
2277,1.9964,0
2278,2.5027,0
2279,2.1184,0
2280,2.5618,0
2281,2.5014,0
2282,2.1984,0
2283,2.3008,0
2284,2.2641,0
2285,2.3118,0
2286,2.3934,0
2287,2.6103,0
2288,2.5654,0
2289,2.2271,0
2290,2.2393,0
2291,2.1384,0
2292,2.2990,0
2293,2.3678,0
2294,2.3000,0
2295,2.1844,0
2296,2.3044,0
2297,2.1774,0
2298,2.4324,0
2299,2.2510,0
2300,2.1660,0
2301,2.6014,0
2302,2.0261,0
2303,2.3681,0
2304,2.2721,0
2305,2.1816,0
2306,1.9623,0
2307,2.1708,0
2308,2.4221,0
2309,2.2850,0
2310,2.0024,0
2311,2.1777,0
2312,2.3057,0
2313,2.3456,0
2314,2.3537,0
2315,2.3132,0
2316,2.3743,0
2317,2.1791,0
2318,2.4091,0
2319,2.6495,0
2320,2.1804,0
2321,2.1804,0
2322,2.6134,0
2323,2.2981,0
2324,2.2170,0
2325,2.3283,0
2326,2.2153,0
2327,2.4518,0
2328,2.2625,0
2329,2.3821,0
2330,2.0649,0
2331,2.3198,0
2332,2.1454,0
2333,2.0179,0
2334,2.5654,0
2335,2.2157,0
2336,2.3721,0
2337,2.3017,0
2338,2.4488,0
2339,2.4831,0
2340,2.4366,0
2341,2.2201,0
2342,2.3086,0
2343,2.2189,0
2344,2.2158,0
2345,2.2777,0
2346,2.2921,0
2347,2.2402,0
2348,2.6549,0
2349,2.3954,0
2350,2.4514,0
2351,2.1868,0
2352,2.1469,0
2353,2.4685,0
2354,2.4885,0
2355,2.1064,0
2356,2.1325,0
2357,2.0333,0
2358,2.4166,0
2359,2.1535,0
2360,2.1215,0
2361,2.1758,0
2362,2.4659,0
2363,2.8924,0
2364,2.6037,0
2365,2.4494,0
2366,2.4322,0
2367,2.1549,0
2368,2.1698,0
2369,2.0634,0
2370,2.2612,0
2371,2.3071,0
2372,2.1058,0
2373,1.8528,0
2374,2.2046,0
2375,2.1431,0
2376,2.1401,0
2377,2.0391,0
2378,2.2963,0
2379,2.0750,0
2380,2.1783,0
2381,1.9840,0
2382,2.1826,0
2383,2.5773,0
2384,2.5766,0
2385,2.2307,0
2386,2.2326,0
2387,2.9436,0
2388,2.3394,0
2389,2.3823,0
2390,2.5167,0
2391,2.2608,0
2392,2.2854,0
2393,2.0668,0
2394,2.3871,0
2395,2.1297,0
2396,2.2878,0
2397,2.2487,0
2398,2.4111,0
2399,2.2606,0
2400,2.3706,0
2401,2.2157,0
2402,2.5534,0
2403,2.3726,0
2404,2.1247,0
2405,2.2363,0
2406,2.3859,0
2407,2.2865,0
2408,2.0495,0
2409,2.5065,0
2410,2.3900,0
2411,2.1104,0
2412,2.1931,0
2413,2.1115,0
2414,2.4743,0
2415,2.1711,0
2416,2.1698,0
2417,2.0790,0
2418,2.5323,0
2419,2.3666,0
2420,2.1021,0
2421,1.9889,0
2422,2.4224,0
2423,2.5790,0
2424,2.1121,0
2425,2.0699,0
2426,1.9726,0
2427,2.3676,0
2428,2.0444,0
2429,2.0074,0
2430,2.3546,0
2431,2.5529,0
2432,2.5613,0
2433,2.3658,0
2434,2.7053,0
2435,2.2704,0
2436,2.3100,0
2437,2.2884,0
2438,2.1135,0
2439,2.5245,0
2440,2.2030,0
2441,2.0119,0
2442,2.1055,0
2443,2.1177,0
2444,2.1653,0
2445,2.2751,0
2446,2.4002,0
2447,2.3647,0
2448,2.0864,0
2449,2.1564,0
2450,2.3222,0
2451,2.3928,0
2452,2.4055,0
2453,2.2817,0
2454,2.2040,0
2455,2.2759,0
2456,2.1333,0
2457,2.1994,0
2458,2.0953,0
2459,2.0884,0
2460,1.8598,0
2461,2.1184,0
2462,1.9993,0
2463,2.3412,0
2464,2.5596,0
2465,2.2592,0
2466,2.2720,0
2467,1.9934,0
2468,2.1396,0
2469,1.9795,0
2470,2.5120,0
2471,2.4934,0
2472,2.1104,0
2473,2.1708,0
2474,2.4359,0
2475,1.9678,0
2476,2.2641,0
2477,2.1592,0
2478,2.0245,0
2479,2.5776,0
2480,2.4290,0
2481,2.5293,0
2482,1.9692,0
2483,2.0096,0
2484,1.9217,0
2485,2.1055,0
2486,2.1658,0
2487,2.1763,0
2488,3.0897,0
2489,2.4201,0
2490,2.6660,0
2491,2.6964,0
2492,2.3717,0
2493,2.1691,0
2494,2.1862,0
2495,2.1331,0
2496,2.1531,0
2497,2.1279,0
2498,2.1189,0
2499,2.3572,0
2500,2.2410,0
2501,2.2801,0
2502,2.3569,0
2503,2.4264,0
2504,2.0542,0
2505,2.1253,0
2506,2.1573,0
2507,2.2761,0
2508,2.0405,0
2509,2.1740,0
2510,2.1094,0
2511,2.1757,0
2512,2.3711,0
2513,2.1680,0
2514,2.5003,0
2515,2.3700,0
2516,2.2974,0
2517,2.3191,0
2518,2.2652,0
2519,2.0404,0
2520,2.4198,0
2521,2.6469,0
2522,2.3433,0
2523,2.3686,0
2524,2.2799,0
2525,2.3146,0
2526,2.3538,0
2527,2.3262,0
2528,2.3273,0
2529,2.3117,0
2530,2.2406,0
2531,2.5389,0
2532,2.4400,0
2533,2.4041,0
2534,2.3602,0
2535,2.4134,0
2536,2.2522,0
2537,2.3507,0
2538,2.3289,0
2539,2.2915,0
2540,2.3043,0
2541,2.4402,0
2542,2.3809,0
2543,2.3141,0
2544,2.0178,0
2545,2.0576,0
2546,2.3046,0
2547,2.1807,0
2548,2.2057,0
2549,2.2103,0
2550,2.1317,0
2551,2.4036,0
2552,2.1797,0
2553,2.5280,0
2554,2.2916,0
2555,1.9760,0
2556,2.2688,0
2557,2.8850,0
2558,2.1813,0
2559,2.2651,0
2560,2.1149,0
2561,2.1640,0
2562,2.3041,0
2563,2.1375,0
2564,2.6169,0
2565,2.2058,0
2566,2.1129,0
2567,2.2405,0
2568,2.3313,0
2569,2.3185,0
2570,2.4349,0
2571,2.1677,0
2572,2.2477,0
2573,2.4201,0
2574,2.1628,0
2575,1.8846,0
2576,2.1523,0
2577,1.9746,0
2578,2.2225,0
2579,1.9034,0
2580,2.3898,0
2581,2.1299,0
2582,2.1421,0
2583,1.9263,0
2584,1.9626,0
2585,1.8891,0
2586,2.5577,0
2587,2.0147,0
2588,1.9612,0
2589,2.1219,0
2590,2.2608,0
2591,2.4149,0
2592,2.2094,0
2593,2.1600,0
2594,2.1189,0
2595,2.1070,0
2596,2.2206,0
2597,2.1234,0
2598,2.2381,0
2599,2.1696,0
2600,2.1290,0
2601,2.1610,0
2602,2.3674,0
2603,2.4585,0
2604,2.3528,0
2605,2.4639,0
2606,2.2888,0
2607,2.2074,0
2608,1.9916,0
2609,2.1026,0
2610,2.1093,0
2611,2.2611,0
2612,2.0135,0
2613,2.1967,0
2614,2.0673,0
2615,1.8974,0
2616,1.9960,0
2617,2.2208,0
2618,2.2114,0
2619,2.3991,0
2620,2.6875,0
2621,2.5094,0
2622,2.4367,0
2623,2.5119,0
2624,2.2819,0
2625,2.2811,0
2626,2.0708,0
2627,2.3026,0
2628,2.1220,0
2629,2.1265,0
2630,2.0268,0
2631,2.3000,0
2632,2.3046,0
2633,2.3775,0
2634,2.0737,0
2635,2.2972,0
2636,2.5005,0
2637,2.4373,0
2638,2.0679,0
2639,1.9245,0
2640,2.0052,0
2641,2.4163,0
2642,2.1672,0
2643,2.0457,0
2644,2.2527,0
2645,2.1068,0
2646,2.1648,0
2647,2.3639,0
2648,2.1146,0
2649,1.8988,0
2650,2.1518,0
2651,2.0734,0
2652,1.9997,0
2653,2.2404,0
2654,2.3298,0
2655,2.1366,0
2656,2.5210,0
2657,2.4644,0
2658,2.3089,0
2659,2.1093,0
2660,2.2086,0
2661,2.4028,0
2662,2.1868,0
2663,2.3605,0
2664,1.9936,0
2665,2.1449,0
2666,2.0554,0
2667,2.3813,0
2668,2.2913,0
2669,2.1392,0
2670,2.1455,0
2671,2.1078,0
2672,1.9144,0
2673,2.1509,0
2674,2.1151,0
2675,2.2026,0
2676,2.2004,0
2677,2.1366,0
2678,2.0700,0
2679,2.2805,0
2680,2.4369,0
2681,2.7749,0
2682,2.9046,0
2683,2.5857,0
2684,3.1844,0
2685,2.3929,0
2686,2.3634,0
2687,3.4060,0
2688,2.7969,0
2689,3.0657,0
2690,2.2048,0
2691,2.6340,0
2692,2.2040,0
2693,2.8051,0
2694,2.4527,0
2695,2.8861,0
2696,2.2117,0
2697,2.6551,0
2698,2.2436,0
2699,2.9616,0
2700,2.4374,0
2701,3.3635,0
2702,2.7523,0
2703,2.8754,0
2704,2.9464,0
2705,3.4239,0
2706,3.5502,0
2707,3.5332,0
2708,3.0936,0
2709,3.8677,0
2710,3.0549,0
2711,3.1438,0
2712,2.5768,0
2713,2.6029,0
2714,2.2787,0
2715,2.1764,0
2716,2.2978,0
2717,2.0878,0
2718,2.3071,0
2719,2.0593,0
2720,2.3422,0
2721,2.3144,0
2722,2.1310,0
2723,2.0489,0
2724,2.0363,0
2725,2.3690,0
2726,2.1255,0
2727,2.3585,0
2728,2.1660,0
2729,2.5670,0
2730,2.2455,0
2731,2.3192,0
2732,2.0603,0
2733,2.2337,0
2734,2.1613,0
2735,2.1774,0
2736,2.4048,0
2737,2.2425,0
2738,2.5063,0
2739,2.3694,0
2740,2.7439,0
2741,2.3765,0
2742,2.2598,0
2743,2.2512,0
2744,2.1610,0
2745,2.3305,0
2746,2.2783,0
2747,2.2571,0
2748,2.3233,0
2749,2.6902,0
2750,2.1829,0
2751,2.1157,0
2752,2.2455,0
2753,2.1916,0
2754,3.0026,0
2755,2.3027,0
2756,2.1266,0
2757,2.1947,0
2758,2.1886,0
2759,1.8469,0
2760,2.1867,0
2761,2.0586,0
2762,2.1395,0
2763,2.0168,0
2764,2.1299,0
2765,2.0416,0
2766,2.2090,0
2767,1.9950,0
2768,2.2111,0
2769,1.9195,0
2770,2.7523,0
2771,2.2684,0
2772,2.0107,0
2773,2.1216,0
2774,1.8958,0
2775,1.8257,0
2776,2.1409,0
2777,2.0245,0
2778,2.1642,0
2779,2.4074,0
2780,2.2541,0
2781,1.9728,0
2782,2.0827,0
2783,1.9968,0
2784,2.3803,0
2785,2.1032,0
2786,2.3659,0
2787,1.9710,0
2788,2.7279,0
2789,2.1230,0
2790,2.2544,0
2791,2.5373,0
2792,2.2980,0
2793,2.4022,0
2794,2.1837,0
2795,2.1154,0
2796,3.0075,0
2797,3.0621,0
2798,2.9071,0
2799,2.1568,0
2800,2.5267,0
2801,2.4474,0
2802,2.3131,0
2803,2.6345,0
2804,2.2872,0
2805,2.2287,0
2806,2.7506,0
2807,2.5245,0
2808,2.9491,0
2809,2.9753,0
2810,2.4659,0
2811,2.7758,0
2812,2.1794,0
2813,2.3246,0
2814,2.5924,0
2815,2.6549,0
2816,2.7580,0
2817,3.0800,0
2818,2.1720,0
2819,2.2410,0
2820,2.7768,0
2821,2.2647,0
2822,2.3465,0
2823,2.3947,0
2824,3.1336,0
2825,2.7714,0
2826,2.3998,0
2827,2.5932,0
2828,2.3734,0
2829,2.4451,0
2830,2.4704,0
2831,2.8789,0
2832,2.7621,0
2833,2.4815,0
2834,2.3972,0
2835,2.8325,0
2836,2.4040,0
2837,2.1271,0
2838,2.9426,0
2839,2.5652,0
2840,2.6715,0
2841,2.2266,0
2842,2.4863,0
2843,2.3796,0
2844,2.7724,0
2845,2.4689,0
2846,2.4253,0
2847,2.0970,0
2848,2.8954,0
2849,2.7312,0
2850,2.5250,0
2851,2.7879,0
2852,2.4087,0
2853,2.4653,0
2854,2.1110,0
2855,2.2115,0
2856,2.8142,0
2857,2.1012,0
2858,2.1485,0
2859,2.2329,0
2860,2.1090,0
2861,2.2462,0
2862,2.3146,0
2863,2.1584,0
2864,2.2456,0
2865,2.1337,0
2866,2.5583,0
2867,1.9647,0
2868,2.1631,0
2869,1.7951,0
2870,2.4020,0
2871,2.1988,0
2872,1.9449,0
2873,1.9525,0
2874,2.1352,0
2875,2.2073,0
2876,2.4143,0
2877,2.3993,0
2878,2.3990,0
2879,2.0664,0
2880,2.2355,0
2881,2.2344,0
2882,2.1742,0
2883,2.2245,0
2884,2.0310,0
2885,2.2448,0
2886,2.3378,0
2887,2.2212,0
2888,2.0742,0
2889,2.5868,0
2890,2.1893,0
2891,2.4087,0
2892,2.2702,0
2893,2.0910,0
2894,2.0556,0
2895,2.0871,0
2896,2.1615,0
2897,2.0337,0
2898,2.0475,0
2899,2.3577,0
2900,2.1214,0
2901,2.2463,0
2902,2.5195,0
2903,2.2756,0
2904,2.3744,0
2905,2.1182,0
2906,2.2349,0
2907,2.3237,0
2908,2.2869,0
2909,2.1581,0
2910,2.2084,0
2911,2.6297,0
2912,2.0909,0
2913,2.1998,0
2914,1.9495,0
2915,2.3442,0
2916,2.3889,0
2917,2.1946,0
2918,2.0123,0
2919,2.1121,0
2920,2.3524,0
2921,2.0071,0
2922,3.0225,0
2923,2.3175,0
2924,2.3753,0
2925,2.5711,0
2926,2.4258,0
2927,2.2464,0
2928,2.9272,0
2929,2.4920,0
2930,2.4621,0
2931,2.4028,0
2932,1.9554,0
2933,2.4295,0
2934,1.9965,0
2935,2.6199,0
2936,2.2823,0
2937,2.7394,0
2938,2.4453,0
2939,2.2567,0
2940,1.9887,0
2941,2.3918,0
2942,2.4119,0
2943,2.5415,0
2944,2.4124,0
2945,2.9029,0
2946,2.1458,0
2947,2.6484,0
2948,2.1263,0
2949,2.4769,0
2950,2.3556,0
2951,2.0285,0
2952,2.7316,0
2953,2.0660,0
2954,2.5530,0
2955,2.3382,0
2956,2.1974,0
2957,2.2126,0
2958,2.2120,0
2959,3.2926,0
2960,2.1093,0
2961,2.0917,0
2962,2.0466,0
2963,2.2369,0
2964,2.1120,0
2965,2.0617,0
2966,2.0765,0
2967,2.1582,0
2968,2.1096,0
2969,1.9365,0
2970,1.8996,0
2971,2.0491,0
2972,1.9423,0
2973,1.9631,0
2974,2.1495,0
2975,1.9483,0
2976,2.8131,0
2977,2.0463,0
2978,2.0966,0
2979,2.0027,0
2980,2.4670,0
2981,2.1778,0
2982,2.3890,0
2983,2.1297,0
2984,2.0614,0
2985,2.0730,0
2986,2.3575,0
2987,2.0124,0
2988,2.0037,0
2989,2.0119,0
2990,2.4060,0
2991,1.8963,0
2992,2.2239,0
2993,2.0238,0
2994,2.1462,0
2995,2.8960,0
2996,2.1747,0
2997,2.2517,0
2998,2.1285,0
2999,2.0541,0
3000,1.9369,0
3001,2.1268,0
3002,2.5498,0
3003,2.8377,0
3004,2.2967,0
3005,2.1372,0
3006,2.1264,0
3007,2.0185,0
3008,1.9637,0
3009,2.1964,0
3010,2.0453,0
3011,2.4353,0
3012,2.2424,0
3013,2.2659,0
3014,2.1497,0
3015,2.1309,0
3016,2.1834,0
3017,2.5206,0
3018,2.7075,0
3019,2.0928,0
3020,2.0227,0
3021,1.9861,0
3022,2.2881,0
3023,2.0506,0
3024,2.0116,0
3025,2.1221,0
3026,2.2519,0
3027,2.4105,0
3028,1.9780,0
3029,2.1286,0
3030,2.3437,0
3031,2.3804,0
3032,2.4835,0
3033,2.4406,0
3034,2.1400,0
3035,2.2116,0
3036,2.2469,0
3037,2.3925,0
3038,2.5620,0
3039,2.5060,0
3040,2.4423,0
3041,2.2205,0
3042,2.3428,0
3043,2.0562,0
3044,1.9669,0
3045,1.7883,0
3046,2.1034,0
3047,2.0195,0
3048,2.0594,0
3049,2.1027,0
3050,2.1520,0
3051,2.6889,0
3052,2.1190,0
3053,2.6810,0
3054,2.5459,0
3055,2.3315,0
3056,2.1515,0
3057,2.3634,0
3058,2.6347,0
3059,2.4267,0
3060,2.3903,0
3061,2.3735,0
3062,2.7707,0
3063,2.3450,0
3064,2.5035,0
3065,2.4446,0
3066,2.5509,0
3067,2.5022,0
3068,2.7418,0
3069,2.2974,0
3070,2.3778,0
3071,2.3435,0
3072,2.5465,0
3073,2.6419,0
3074,2.5725,0
3075,2.2630,0
3076,2.8027,0
3077,2.6878,0
3078,2.7229,0
3079,2.2842,0
3080,2.7087,0
3081,2.1827,0
3082,2.5087,0
3083,1.9212,0
3084,2.7344,0
3085,2.4810,0
3086,2.8696,0
3087,2.4271,0
3088,2.5477,0
3089,2.2280,0
3090,2.3241,0
3091,2.5127,0
3092,2.8602,0
3093,2.4742,0
3094,2.6330,0
3095,2.3536,0
3096,2.6017,0
3097,2.9045,0
3098,2.7580,0
3099,2.9843,0
3100,3.3758,0
3101,3.0498,0
3102,3.1186,0
3103,2.7571,0
3104,3.0638,0
3105,2.6962,0
3106,2.6025,0
3107,2.8496,0
3108,2.6777,0
3109,2.5860,0
3110,2.6844,0
3111,2.8016,0
3112,2.4550,0
3113,2.7148,0
3114,3.0021,0
3115,2.8616,0
3116,2.7461,0
3117,2.7098,0
3118,2.2375,0
3119,2.5105,0
3120,2.2944,0
3121,2.1945,0
3122,2.1974,0
3123,2.3500,0
3124,2.4647,0
3125,2.3293,0
3126,2.3765,0
3127,2.5593,0
3128,2.1993,0
3129,2.4293,0
3130,2.3792,0
3131,2.7660,0
3132,2.5693,0
3133,2.5253,0
3134,2.7129,0
3135,2.4651,0
3136,3.0073,0
3137,2.1881,0
3138,2.9289,0
3139,2.3844,0
3140,2.6322,0
3141,2.1572,0
3142,2.6840,0
3143,2.8414,0
3144,2.4130,0
3145,2.6464,0
3146,2.6000,0
3147,2.5638,0
3148,2.5696,0
3149,2.8601,0
3150,2.5262,0
3151,2.9770,0
3152,2.3448,0
3153,2.7962,0
3154,2.8237,0
3155,2.1918,0
3156,2.7097,0
3157,2.6659,0
3158,2.6657,0
3159,2.8064,0
3160,3.1146,0
3161,2.7848,0
3162,2.5975,0
3163,2.4103,0
3164,3.0295,0
3165,2.7671,0
3166,2.6654,0
3167,2.7259,0
3168,2.3906,0
3169,2.7631,0
3170,2.4761,0
3171,2.8339,0
3172,2.0955,0
3173,2.6801,0
3174,2.2981,0
3175,2.5614,0
3176,2.2549,0
3177,3.0557,0
3178,2.6483,0
3179,2.5791,0
3180,3.2862,0
3181,3.5164,0
3182,2.6580,0
3183,2.2659,0
3184,2.5347,0
3185,2.1910,0
3186,2.2906,0
3187,2.0840,0
3188,2.0794,0
3189,2.5999,0
3190,2.1594,0
3191,2.1758,0
3192,2.0366,0
3193,2.1661,0
3194,2.7684,0
3195,2.3334,0
3196,2.3676,0
3197,2.0417,0
3198,2.1860,0
3199,2.4131,0
3200,2.3820,0
3201,1.9799,0
3202,2.2992,0
3203,2.3821,0
3204,2.0699,0
3205,2.2645,0
3206,2.3251,0
3207,2.1748,0
3208,2.2344,0
3209,2.5135,0
3210,2.1592,0
3211,2.1942,0
3212,1.8400,0
3213,2.2478,0
3214,2.0923,0
3215,2.2705,0
3216,2.0706,0
3217,2.0995,0
3218,2.0228,0
3219,1.9946,0
3220,1.9647,0
3221,2.1468,0
3222,2.0706,0
3223,2.0804,0
3224,2.3374,0
3225,2.2084,0
3226,1.9679,0
3227,2.3903,0
3228,1.9598,0
3229,1.9872,0
3230,2.0433,0
3231,2.0216,0
3232,1.9879,0
3233,2.1062,0
3234,1.9034,0
3235,2.2073,0
3236,2.3416,0
3237,2.0288,0
3238,2.0127,0
3239,2.3880,0
3240,2.2477,0
3241,2.2413,0
3242,1.8168,0
3243,2.3695,0
3244,1.9892,0
3245,1.9266,0
3246,1.9410,0
3247,2.2155,0
3248,2.1627,0
3249,2.3410,0
3250,2.2462,0
3251,2.4190,0
3252,2.9578,0
3253,2.4281,0
3254,2.1709,0
3255,2.0532,0
3256,2.2443,0
3257,2.1625,0
3258,2.5908,0
3259,2.3427,0
3260,2.0348,0
3261,2.0908,0
3262,2.1057,0
3263,2.1210,0
3264,2.2279,0
3265,2.1783,0
3266,2.5956,0
3267,2.3149,0
3268,2.2412,0
3269,2.2154,0
3270,2.5611,0
3271,2.2472,0
3272,1.9971,0
3273,2.1882,0
3274,2.1160,0
3275,2.4784,0
3276,2.1507,0
3277,2.0645,0
3278,2.5162,0
3279,2.1455,0
3280,2.2178,0
3281,2.0863,0
3282,2.1849,0
3283,2.0297,0
3284,2.4375,0
3285,2.3722,0
3286,2.1307,0
3287,1.9107,0
3288,2.1495,0
3289,2.1901,0
3290,2.2854,0
3291,2.4953,0
3292,2.3174,0
3293,2.3722,0
3294,3.6434,0
3295,2.5416,0
3296,2.7186,0
3297,2.1167,0
3298,2.1232,0
3299,2.4150,0
3300,2.5713,0
3301,2.2409,0
3302,2.3156,0
3303,2.3198,0
3304,1.9579,0
3305,2.3545,0
3306,2.1919,0
3307,2.1214,0
3308,2.0979,0
3309,2.1276,0
3310,2.0436,0
3311,2.2119,0
3312,2.1015,0
3313,2.3794,0
3314,2.5511,0
3315,2.1632,0
3316,1.9611,0
3317,2.2406,0
3318,2.0927,0
3319,2.2079,0
3320,2.7588,0
3321,2.4381,0
3322,2.1758,0
3323,2.1066,0
3324,2.2126,0
3325,2.0426,0
3326,2.0399,0
3327,2.2532,0
3328,2.3519,0
3329,2.1515,0
3330,2.3747,0
3331,2.1869,0
3332,2.5164,0
3333,2.4163,0
3334,2.0766,0
3335,2.6279,0
3336,2.4039,0
3337,2.0572,0
3338,2.4497,0
3339,2.6861,0
3340,2.5385,0
3341,2.6793,0
3342,2.3304,0
3343,2.3080,0
3344,2.2531,0
3345,2.4427,0
3346,2.2506,0
3347,2.1115,0
3348,2.2286,0
3349,2.4737,0
3350,2.0532,0
3351,2.0261,0
3352,2.2537,0
3353,2.4736,0
3354,2.0153,0
3355,2.4068,0
3356,2.2156,0
3357,2.1467,0
3358,2.4478,0
3359,2.6411,0
3360,2.7307,0
3361,2.5924,0
3362,2.2968,0
3363,2.1620,0
3364,2.1699,0
3365,2.5131,0
3366,2.2116,0
3367,2.1160,0
3368,2.0722,0
3369,2.2292,0
3370,2.4657,0
3371,2.6562,0
3372,2.4408,0
3373,2.1793,0
3374,2.1920,0
3375,2.0945,0
3376,2.2656,0
3377,1.9362,0
3378,2.1029,0
3379,1.8438,0
3380,2.1950,0
3381,2.7064,0
3382,2.4129,0
3383,2.4511,0
3384,2.5253,0
3385,2.8913,0
3386,2.8292,0
3387,2.7135,0
3388,2.7366,0
3389,2.7627,0
3390,2.6022,0
3391,2.5938,0
3392,2.6649,0
3393,3.0138,0
3394,2.7949,0
3395,2.3452,0
3396,2.7432,0
3397,2.3608,0
3398,2.4477,0
3399,2.6294,0
3400,2.7509,0
3401,2.8944,0
3402,2.7037,0
3403,2.0067,0
3404,2.8545,0
3405,3.4740,0
3406,2.5958,0
3407,2.5146,0
3408,2.5835,0
3409,2.4376,0
3410,2.6517,0
3411,2.4640,0
3412,2.5937,0
3413,2.4489,0
3414,2.5500,0
3415,2.0910,0
3416,2.3360,0
3417,2.4017,0
3418,2.3374,0
3419,3.0970,0
3420,2.2587,0
3421,2.1639,0
3422,2.2683,0
3423,2.1621,0
3424,2.3845,0
3425,2.2993,0
3426,2.2372,0
3427,2.4169,0
3428,2.2835,0
3429,2.7219,0
3430,2.2423,0
3431,2.0750,0
3432,1.9656,0
3433,1.9791,0
3434,1.8902,0
3435,1.9313,0
3436,1.8738,0
3437,2.2128,0
3438,2.1295,0
3439,2.2301,0
3440,2.2702,0
3441,2.1004,0
3442,2.2373,0
3443,2.3202,0
3444,2.3413,0
3445,2.6004,0
3446,2.3500,0
3447,2.3070,0
3448,2.3305,0
3449,2.0242,0
3450,2.0633,0
3451,2.0047,0
3452,2.1192,0
3453,2.1915,0
3454,2.0617,0
3455,1.9823,0
3456,2.4287,0
3457,2.0474,0
3458,2.2209,0
3459,2.0718,0
3460,2.3002,0
3461,2.3016,0
3462,2.1882,0
3463,2.1204,0
3464,2.1864,0
3465,2.1067,0
3466,2.0417,0
3467,2.2208,0
3468,2.1506,0
3469,2.8570,0
3470,2.2396,0
3471,2.2901,0
3472,2.0404,0
3473,2.1651,0
3474,1.9911,0
3475,2.3159,0
3476,1.9168,0
3477,2.0973,0
3478,1.9388,0
3479,2.1505,0
3480,1.9318,0
3481,2.0661,0
3482,2.0713,0
3483,2.2735,0
3484,1.9375,0
3485,1.9475,0
3486,1.8501,0
3487,2.2374,0
3488,1.9888,0
3489,1.9341,0
3490,2.3096,0
3491,2.3827,0
3492,2.3624,0
3493,2.2101,0
3494,2.3394,0
3495,2.0898,0
3496,2.0137,0
3497,2.2538,0
3498,2.1778,0
3499,2.2270,0
3500,1.9572,0
3501,2.2299,0
3502,2.1816,0
3503,2.3868,0
3504,2.6645,0
3505,2.3012,0
3506,2.7769,0
3507,2.4102,0
3508,2.1476,0
3509,2.1220,0
3510,1.9922,0
3511,2.2063,0
3512,2.0754,0
3513,2.0994,0
3514,2.1015,0
3515,3.0063,0
3516,2.1776,0
3517,2.4339,0
3518,2.2858,0
3519,2.1773,0
3520,1.9784,0
3521,2.0499,0
3522,2.0029,0
3523,2.3206,0
3524,2.1264,0
3525,2.1189,0
3526,2.1853,0
3527,2.3212,0
3528,2.3070,0
3529,2.2904,0
3530,2.2795,0
3531,2.0805,0
3532,2.2122,0
3533,2.0909,0
3534,2.2816,0
3535,2.1149,0
3536,2.0111,0
3537,2.0534,0
3538,2.2200,0
3539,2.0077,0
3540,1.9208,0
3541,1.9277,0
3542,2.1246,0
3543,2.0314,0
3544,2.0854,0
3545,1.9295,0
3546,2.2694,0
3547,2.0805,0
3548,2.2982,0
3549,2.0143,0
3550,2.1925,0
3551,1.9444,0
3552,2.0418,0
3553,2.0999,0
3554,2.4465,0
3555,2.0074,0
3556,2.1730,0
3557,1.8447,0
3558,2.1012,0
3559,2.0064,0
3560,1.8420,0
3561,2.2796,0
3562,2.2272,0
3563,2.1754,0
3564,2.4626,0
3565,2.1502,0
3566,2.2480,0
3567,2.2137,0
3568,2.4175,0
3569,2.2682,0
3570,2.2577,0
3571,2.2467,0
3572,2.2605,0
3573,2.3501,0
3574,2.4470,0
3575,2.1473,0
3576,2.0608,0
3577,2.1302,0
3578,2.0814,0
3579,1.9918,0
3580,1.9500,0
3581,2.4180,0
3582,1.8940,0
3583,2.0944,0
3584,2.1277,0
3585,1.8893,0
3586,2.1763,0
3587,1.9721,0
3588,2.0996,0
3589,2.2832,0
3590,2.0918,0
3591,2.4567,0
3592,2.3355,0
3593,2.2706,0
3594,2.3315,0
3595,2.2883,0
3596,2.2492,0
3597,2.3272,0
3598,2.2842,0
3599,1.9997,0
3600,2.4168,0
3601,2.0350,0
3602,2.1936,0
3603,2.5016,0
3604,2.3860,0
3605,2.2303,0
3606,2.2500,0
3607,2.4832,0
3608,2.1645,0
3609,2.4324,0
3610,2.0486,0
3611,2.4199,0
3612,2.4535,0
3613,2.3177,0
3614,2.1032,0
3615,2.1924,0
3616,2.1392,0
3617,2.0815,0
3618,2.4205,0
3619,2.4572,0
3620,2.2938,0
3621,2.1501,0
3622,2.0899,0
3623,2.1846,0
3624,2.5332,0
3625,2.0829,0
3626,2.2449,0
3627,1.9464,0
3628,2.1077,0
3629,1.9948,0
3630,2.0627,0
3631,1.9797,0
3632,1.9710,0
3633,2.0913,0
3634,2.5622,0
3635,2.2893,0
3636,2.0370,0
3637,2.0778,0
3638,2.0799,0
3639,2.1313,0
3640,1.9397,0
3641,2.1008,0
3642,1.9457,0
3643,2.1634,0
3644,2.1039,0
3645,2.0293,0
3646,2.1003,0
3647,2.1100,0
3648,2.3628,0
3649,2.3437,0
3650,2.0149,0
3651,2.0736,0
3652,1.8712,0
3653,2.1596,0
3654,1.9217,0
3655,2.0171,0
3656,2.2196,0
3657,2.2543,0
3658,2.1263,0
3659,2.9073,0
3660,2.7570,0
3661,2.5120,0
3662,2.1991,0
3663,2.1203,0
3664,2.2952,0
3665,2.3167,0
3666,2.0860,0
3667,2.3383,0
3668,2.1759,0
3669,2.2676,0
3670,2.3627,0
3671,1.9006,0
3672,2.2612,0
3673,1.9945,0
3674,2.1439,0
3675,1.9146,0
3676,2.1054,0
3677,2.2041,0
3678,2.1624,0
3679,2.2934,0
3680,2.3709,0
3681,2.2661,0
3682,2.1836,0
3683,2.4319,0
3684,2.1134,0
3685,2.2398,0
3686,2.4530,0
3687,2.0593,0
3688,2.3162,0
3689,2.0280,0
3690,2.0758,0
3691,2.0985,0
3692,2.2531,0
3693,2.3697,0
3694,2.0556,0
3695,2.1860,0
3696,2.0423,0
3697,2.4395,0
3698,2.1617,0
3699,2.1942,0
3700,2.2335,0
3701,2.2384,0
3702,2.4528,0
3703,2.0285,0
3704,2.1182,0
3705,2.1985,0
3706,2.0906,0
3707,2.1132,0
3708,2.5417,0
3709,2.1893,0
3710,1.9638,0
3711,2.1399,0
3712,2.1650,0
3713,2.2210,0
3714,2.1837,0
3715,2.3189,0
3716,2.2720,0
3717,2.2242,0
3718,2.1475,0
3719,2.3631,0
3720,2.0857,0
3721,2.1444,0
3722,2.0339,0
3723,2.0278,0
3724,1.9644,0
3725,2.4054,0
3726,1.9842,0
3727,2.0078,0
3728,1.9049,0
3729,2.1712,0
3730,2.0230,0
3731,2.1096,0
3732,2.1460,0
3733,2.4478,0
3734,2.1998,0
3735,1.9792,0
3736,1.9887,0
3737,2.0551,0
3738,2.1256,0
3739,2.3030,0
3740,2.0962,0
3741,2.4873,0
3742,2.3231,0
3743,2.0421,0
3744,2.2879,0
3745,2.0996,0
3746,2.0318,0
3747,2.3018,0
3748,2.4015,0
3749,2.0588,0
3750,2.0167,0
3751,2.0710,0
3752,2.3585,0
3753,2.0110,0
3754,2.1253,0
3755,1.9465,0
3756,2.1543,0
3757,1.9358,0
3758,2.1107,0
3759,2.0439,0
3760,2.1503,0
3761,2.1069,0
3762,2.0153,0
3763,1.9222,0
3764,2.3759,0
3765,1.9457,0
3766,2.0667,0
3767,2.1218,0
3768,2.0522,0
3769,2.1665,0
3770,2.1479,0
3771,1.9974,0
3772,2.4566,0
3773,2.0969,0
3774,2.2020,0
3775,1.9729,0
3776,2.1519,0
3777,2.1184,0
3778,2.1973,0
3779,2.2522,0
3780,2.1500,0
3781,2.3037,0
3782,2.3258,0
3783,1.9900,0
3784,2.1727,0
3785,1.8419,0
3786,2.0096,0
3787,1.9473,0
3788,2.1205,0
3789,2.1232,0
3790,2.1530,0
3791,2.0659,0
3792,2.3902,0
3793,2.2183,0
3794,2.2793,0
3795,2.4593,0
3796,2.2375,0
3797,2.3273,0
3798,2.3761,0
3799,2.2865,0
3800,2.0389,0
3801,2.3206,0
3802,2.0865,0
3803,2.0045,0
3804,1.9255,0
3805,2.0132,0
3806,1.9857,0
3807,2.4949,0
3808,2.1614,0
3809,2.1753,0
3810,1.8688,0
3811,2.1283,0
3812,2.3167,0
3813,2.0699,0
3814,2.0697,0
3815,1.9768,0
3816,2.0157,0
3817,2.1307,0
3818,2.0259,0
3819,2.5384,0
3820,2.0801,0
3821,2.0511,0
3822,2.4115,0
3823,2.0187,0
3824,2.1031,0
3825,2.3441,0
3826,2.5581,0
3827,2.1610,0
3828,2.1678,0
3829,1.8702,0
3830,2.2306,0
3831,1.9912,0
3832,2.4034,0
3833,2.0506,0
3834,2.0538,0
3835,1.8967,0
3836,2.1177,0
3837,2.0478,0
3838,2.1715,0
3839,2.3230,0
3840,2.3515,0
3841,2.2794,0
3842,2.3753,0
3843,2.4847,0
3844,2.0985,0
3845,2.5486,0
3846,2.1020,0
3847,2.3219,0
3848,1.9863,0
3849,2.0449,0
3850,1.9885,0
3851,2.0081,0
3852,2.3361,0
3853,2.0905,0
3854,2.2436,0
3855,2.1180,0
3856,1.8936,0
3857,2.6490,0
3858,2.2423,0
3859,2.5661,0
3860,2.2008,0
3861,2.1602,0
3862,2.2232,0
3863,2.0598,0
3864,2.6644,0
3865,2.1669,0
3866,2.3667,0
3867,2.3244,0
3868,1.9885,0
3869,2.2663,0
3870,1.9274,0
3871,2.0435,0
3872,2.0665,0
3873,2.0571,0
3874,2.1387,0
3875,2.1282,0
3876,2.2500,0
3877,2.4048,0
3878,2.4860,0
3879,2.2856,0
3880,2.0347,0
3881,2.3158,0
3882,2.4512,0
3883,2.1579,0
3884,2.0770,0
3885,2.0609,0
3886,2.1156,0
3887,2.2153,0
3888,2.1227,0
3889,1.9567,0
3890,1.8544,0
3891,2.1139,0
3892,1.9033,0
3893,2.1703,0
3894,2.0903,0
3895,2.0890,0
3896,2.0677,0
3897,1.9515,0
3898,1.8852,0
3899,2.3034,0
3900,1.8620,0
3901,2.0780,0
3902,1.9026,0
3903,2.1330,0
3904,1.9500,0
3905,2.2674,0
3906,2.0469,0
3907,2.1914,0
3908,2.0542,0
3909,2.1855,0
3910,2.1249,0
3911,2.1788,0
3912,2.2224,0
3913,2.0928,0
3914,2.0741,0
3915,2.0151,0
3916,2.0415,0
3917,2.4761,0
3918,2.4122,0
3919,2.2921,0
3920,2.2754,0
3921,2.1536,0
3922,2.4302,0
3923,2.1497,0
3924,2.5876,0
3925,2.1729,0
3926,2.4069,0
3927,2.1298,0
3928,2.1631,0
3929,2.3336,0
3930,2.1327,0
3931,2.0779,0
3932,2.0299,0
3933,2.0865,0
3934,2.3982,0
3935,2.1787,0
3936,1.9905,0
3937,2.0470,0
3938,2.0414,0
3939,2.1655,0
3940,2.5378,0
3941,2.2922,0
3942,2.3216,0
3943,2.1803,0
3944,1.9725,0
3945,2.2161,0
3946,2.0895,0
3947,2.3516,0
3948,2.1497,0
3949,2.2098,0
3950,2.0866,0
3951,2.2246,0
3952,2.1916,0
3953,2.4211,0
3954,2.1027,0
3955,2.0702,0
3956,1.9592,0
3957,2.1102,0
3958,1.8993,0
3959,2.1736,0
3960,2.1628,0
3961,2.0615,0
3962,2.0073,0
3963,1.8585,0
3964,1.9084,0
3965,1.9007,0
3966,1.9714,0
3967,2.0306,0
3968,2.0584,0
3969,2.2236,0
3970,2.2034,0
3971,2.2309,0
3972,2.1412,0
3973,2.0973,0
3974,2.0255,0
3975,2.1804,0
3976,2.2258,0
3977,2.0503,0
3978,1.9801,0
3979,2.0339,0
3980,2.1630,0
3981,2.1296,0
3982,2.2334,0
3983,2.3016,0
3984,2.1056,0
3985,2.0782,0
3986,1.9175,0
3987,1.9991,0
3988,1.9792,0
3989,1.9211,0
3990,2.2800,0
3991,2.0304,0
3992,2.0705,0
3993,2.1411,0
3994,2.1535,0
3995,2.1176,0
3996,2.3996,0
3997,2.1912,0
3998,2.2710,0
3999,2.1641,0
4000,2.2660,0
4001,1.9350,0
4002,2.1040,0
4003,2.0175,0
4004,2.1995,0
4005,2.0967,0
4006,2.4631,0
4007,2.2249,0
4008,2.2269,0
4009,2.1310,0
4010,2.2823,0
4011,2.2021,0
4012,2.2448,0
4013,2.1633,0
4014,2.0708,0
4015,2.0138,0
4016,2.1873,0
4017,2.1284,0
4018,2.0269,0
4019,2.1519,0
4020,2.4163,0
4021,2.5528,0
4022,2.2427,0
4023,2.1415,0
4024,2.0250,0
4025,2.0657,0
4026,2.0126,0
4027,2.3330,0
4028,2.3326,0
4029,2.2579,0
4030,2.1883,0
4031,2.2206,0
4032,1.9619,0
4033,2.4410,0
4034,2.5609,0
4035,2.6716,0
4036,2.6185,0
4037,2.2630,0
4038,2.3002,0
4039,2.2397,0
4040,2.1872,0
4041,2.0189,0
4042,1.8519,0
4043,2.1607,0
4044,2.0986,0
4045,2.1937,0
4046,2.1548,0
4047,2.1364,0
4048,2.0072,0
4049,2.1592,0
4050,2.0142,0
4051,2.1623,0
4052,2.0943,0
4053,2.3507,0
4054,2.5958,0
4055,2.2964,0
4056,2.3925,0
4057,2.4246,0
4058,2.5379,0
4059,2.2985,0
4060,2.7919,0
4061,2.5457,0
4062,2.6989,0
4063,2.4696,0
4064,2.2830,0
4065,2.2605,0
4066,2.3684,0
4067,2.6779,0
4068,2.4992,0
4069,2.2469,0
4070,2.0463,0
4071,2.0261,0
4072,2.6305,0
4073,2.2182,0
4074,2.5363,0
4075,1.9943,0
4076,2.2395,0
4077,1.9619,0
4078,2.4000,0
4079,2.1500,0
4080,1.9225,0
4081,2.4889,0
4082,2.1910,0
4083,1.9673,0
4084,2.0657,0
4085,2.0077,0
4086,2.2954,0
4087,2.2493,0
4088,2.3200,0
4089,2.2682,0
4090,2.0698,0
4091,2.4701,0
4092,2.0682,0
4093,2.0809,0
4094,2.0121,0
4095,1.9799,0
4096,2.0490,0
4097,2.3584,0
4098,2.0535,0
4099,2.0467,0
4100,2.1331,0
4101,2.3196,0
4102,2.5114,0
4103,2.3289,0
4104,2.3909,0
4105,2.4160,0
4106,1.9612,0
4107,2.1496,0
4108,1.8935,0
4109,2.0272,0
4110,1.9888,0
4111,1.9743,0
4112,2.0075,0
4113,2.4313,0
4114,2.0761,0
4115,2.1927,0
4116,2.0302,0
4117,2.3547,0
4118,2.5496,0
4119,2.1375,0
4120,2.1038,0
4121,2.1224,0
4122,2.0661,0
4123,2.0571,0
4124,2.2800,0
4125,2.1690,0
4126,2.1394,0
4127,2.2477,0
4128,2.3517,0
4129,2.0710,0
4130,2.0951,0
4131,2.1003,0
4132,2.4198,0
4133,2.0299,0
4134,2.0634,0
4135,2.3501,0
4136,2.0248,0
4137,1.9761,0
4138,1.9772,0
4139,2.4438,0
4140,2.1808,0
4141,2.2274,0
4142,2.0099,0
4143,2.2151,0
4144,2.1939,0
4145,2.2484,0
4146,2.4946,0
4147,2.7270,0
4148,2.2724,0
4149,2.4743,0
4150,2.4537,0
4151,2.6965,0
4152,2.5601,0
4153,2.4757,0
4154,2.3006,0
4155,2.7793,0
4156,2.1129,0
4157,2.0448,0
4158,2.2642,0
4159,2.1078,0
4160,2.0261,0
4161,2.1015,0
4162,1.8630,0
4163,2.4212,0
4164,1.8987,0
4165,2.0365,0
4166,1.9566,0
4167,2.0358,0
4168,1.9897,0
4169,2.4452,0
4170,2.1958,0
4171,2.1052,0
4172,1.9119,0
4173,2.5895,0
4174,2.3888,0
4175,2.2125,0
4176,2.1247,0
4177,2.0790,0
4178,2.3730,0
4179,2.2112,0
4180,2.1872,0
4181,2.1271,0
4182,2.5144,0
4183,2.1261,0
4184,2.2234,0
4185,2.1567,0
4186,2.1158,0
4187,2.0884,0
4188,2.1859,0
4189,2.4984,0
4190,1.9887,0
4191,2.1462,0
4192,2.0737,0
4193,2.2210,0
4194,2.0323,0
4195,2.3721,0
4196,2.1965,0
4197,2.3416,0
4198,2.1652,0
4199,2.1345,0
4200,1.9246,0
4201,2.2270,0
4202,2.2172,0
4203,2.2308,0
4204,2.2317,0
4205,2.3122,0
4206,2.4751,0
4207,2.2232,0
4208,2.1593,0
4209,2.4222,0
4210,2.3339,0
4211,2.0204,0
4212,1.9846,0
4213,2.0667,0
4214,1.9851,0
4215,1.8420,0
4216,2.0222,0
4217,1.9355,0
4218,2.0584,0
4219,1.9499,0
4220,2.0321,0
4221,2.1087,0
4222,2.3536,0
4223,2.2568,0
4224,2.0920,0
4225,2.0701,0
4226,2.2369,0
4227,2.2301,0
4228,2.3546,0
4229,2.2214,0
4230,2.4812,0
4231,2.2318,0
4232,2.3460,0
4233,2.3036,0
4234,2.3083,0
4235,2.8215,0
4236,2.3805,0
4237,2.5488,0
4238,2.3794,0
4239,2.4269,0
4240,2.4175,0
4241,1.9615,0
4242,1.9965,0
4243,2.3210,0
4244,1.9803,0
4245,2.2281,0
4246,1.9849,0
4247,2.1049,0
4248,2.8063,0
4249,2.1467,0
4250,2.0907,0
4251,2.0869,0
4252,1.9749,0
4253,1.9347,0
4254,2.1993,0
4255,2.5640,0
4256,2.1650,0
4257,2.1769,0
4258,2.1527,0
4259,1.9649,0
4260,2.1561,0
4261,2.0533,0
4262,2.1952,0
4263,2.2159,0
4264,2.4981,0
4265,2.4586,0
4266,2.3838,0
4267,2.3626,0
4268,2.2384,0
4269,2.0700,0
4270,2.0538,0
4271,1.9976,0
4272,2.2458,0
4273,2.4129,0
4274,2.2714,0
4275,2.2631,0
4276,2.0588,0
4277,2.1020,0
4278,2.0733,0
4279,2.3040,0
4280,2.2650,0
4281,2.3060,0
4282,2.4964,0
4283,1.9366,0
4284,2.5000,0
4285,2.1079,0
4286,2.4337,0
4287,2.4951,0
4288,2.8647,0
4289,2.6964,0
4290,1.9576,0
4291,2.2029,0
4292,2.1089,0
4293,2.4100,0
4294,2.1871,0
4295,2.2640,0
4296,2.1884,0
4297,2.5062,0
4298,2.1831,0
4299,2.2309,0
4300,2.4632,0
4301,2.2189,0
4302,2.2311,0
4303,2.1575,0
4304,2.3266,0
4305,2.1607,0
4306,2.1974,0
4307,2.2758,0
4308,2.5498,0
4309,2.5205,0
4310,2.0135,0
4311,2.0878,0
4312,2.0665,0
4313,2.2737,0
4314,2.1263,0
4315,2.1832,0
4316,2.0515,0
4317,2.3934,0
4318,2.2285,0
4319,2.2337,0
4320,2.0632,0
4321,2.1423,0
4322,2.0479,0
4323,2.1808,0
4324,2.0021,0
4325,2.1178,0
4326,2.0878,0
4327,2.1542,0
4328,2.1895,0
4329,2.2660,0
4330,1.9388,0
4331,2.0439,0
4332,2.1470,0
4333,2.0407,0
4334,2.0493,0
4335,2.2255,0
4336,2.0733,0
4337,2.0458,0
4338,2.0320,0
4339,1.9206,0
4340,2.1397,0
4341,2.0967,0
4342,1.9644,0
4343,2.1439,0
4344,1.9127,0
4345,2.2026,0
4346,1.9871,0
4347,2.5223,0
4348,2.4250,0
4349,2.3070,0
4350,2.8689,0
4351,2.2773,0
4352,2.4428,0
4353,1.9699,0
4354,2.1217,0
4355,1.9596,0
4356,2.3934,0
4357,1.9005,0
4358,1.9862,0
4359,1.8890,0
4360,2.0823,0
4361,1.9529,0
4362,2.1833,0
4363,2.2025,0
4364,2.3525,0
4365,2.5202,0
4366,2.3133,0
4367,2.2735,0
4368,2.1498,0
4369,2.5489,0
4370,2.1185,0
4371,2.2085,0
4372,1.9192,0
4373,2.1180,0
4374,1.8766,0
4375,1.9433,0
4376,1.9762,0
4377,1.9125,0
4378,2.2251,0
4379,2.2603,0
4380,2.2501,0
4381,2.5536,0
4382,2.1597,0
4383,2.3109,0
4384,2.2136,0
4385,2.2801,0
4386,2.2685,0
4387,2.0932,0
4388,2.2145,0
4389,2.1365,0
4390,2.3308,0
4391,1.9694,0
4392,2.2117,0
4393,2.0780,0
4394,2.1390,0
4395,2.0250,0
4396,2.2164,0
4397,2.4995,0
4398,2.4950,0
4399,2.3979,0
4400,2.1841,0
4401,2.0777,0
4402,2.1745,0
4403,2.3433,0
4404,2.1093,0
4405,1.9721,0
4406,2.2044,0
4407,2.2416,0
4408,2.1144,0
4409,2.3692,0
4410,2.0482,0
4411,2.1371,0
4412,1.9434,0
4413,2.2406,0
4414,2.0561,0
4415,2.6165,0
4416,2.7678,0
4417,2.6866,0
4418,2.5689,0
4419,2.2894,0
4420,2.1792,0
4421,2.1926,0
4422,2.1732,0
4423,2.1890,0
4424,2.3865,0
4425,2.1465,0
4426,2.0167,0
4427,1.8513,0
4428,2.1305,0
4429,2.3289,0
4430,2.0107,0
4431,2.1526,0
4432,2.0853,0
4433,1.9247,0
4434,1.9775,0
4435,2.0647,0
4436,2.0113,0
4437,2.0102,0
4438,2.3152,0
4439,2.3427,0
4440,2.1432,0
4441,2.2232,0
4442,2.1418,0
4443,2.2118,0
4444,2.0327,0
4445,2.0797,0
4446,2.1061,0
4447,2.0567,0
4448,2.2761,0
4449,2.1033,0
4450,1.9080,0
4451,1.9521,0
4452,1.9953,0
4453,2.1632,0
4454,1.9790,0
4455,2.0875,0
4456,1.9872,0
4457,2.2488,0
4458,2.1629,0
4459,1.9815,0
4460,2.1565,0
4461,2.0628,0
4462,2.0785,0
4463,1.9945,0
4464,1.9791,0
4465,1.8997,0
4466,2.1397,0
4467,2.0741,0
4468,2.2922,0
4469,2.2650,0
4470,2.1625,0
4471,2.0496,0
4472,2.0508,0
4473,2.5633,0
4474,1.9590,0
4475,2.1403,0
4476,2.0187,0
4477,2.1119,0
4478,1.9525,0
4479,2.0399,0
4480,1.8750,0
4481,2.0994,0
4482,2.1897,0
4483,2.3447,0
4484,2.1536,0
4485,2.2019,0
4486,2.1509,0
4487,2.5511,0
4488,2.2503,0
4489,1.8784,0
4490,1.8707,0
4491,2.1145,0
4492,1.8725,0
4493,2.1196,0
4494,1.9644,0
4495,2.3872,0
4496,2.7225,0
4497,2.3601,0
4498,2.3183,0
4499,2.4158,0
4500,2.0923,0
4501,2.2009,0
4502,2.2118,0
4503,2.0685,0
4504,2.4097,0
4505,1.9258,0
4506,2.1972,0
4507,1.9683,0
4508,2.1235,0
4509,1.9750,0
4510,2.1715,0
4511,2.0055,0
4512,2.3122,0
4513,1.9539,0
4514,2.1291,0
4515,2.0530,0
4516,2.0307,0
4517,2.0312,0
4518,2.3294,0
4519,1.9846,0
4520,1.9508,0
4521,1.9855,0
4522,2.1937,0
4523,2.0882,0
4524,2.2303,0
4525,2.0926,0
4526,2.3761,0
4527,2.1104,0
4528,2.0098,0
4529,2.1428,0
4530,2.0947,0
4531,2.0065,0
4532,2.5159,0
4533,2.5424,0
4534,2.4527,0
4535,2.2039,0
4536,2.5676,0
4537,2.4297,0
4538,2.6287,0
4539,2.2506,0
4540,2.1933,0
4541,2.1882,0
4542,2.0552,0
4543,2.2749,0
4544,2.4126,0
4545,2.2828,0
4546,2.3391,0
4547,2.1356,0
4548,2.0725,0
4549,2.0530,0
4550,2.2183,0
4551,2.2529,0
4552,2.6129,0
4553,2.5111,0
4554,2.5172,0
4555,2.1248,0
4556,2.4719,0
4557,2.4670,0
4558,2.3724,0
4559,2.2127,0
4560,2.2432,0
4561,2.0620,0
4562,1.9862,0
4563,2.1422,0
4564,2.2073,0
4565,1.9250,0
4566,1.9265,0
4567,2.1962,0
4568,2.1759,0
4569,1.9824,0
4570,1.8831,0
4571,2.3113,0
4572,2.1955,0
4573,2.2096,0
4574,2.4113,0
4575,2.2831,0
4576,2.3948,0
4577,2.0184,0
4578,2.0516,0
4579,2.4977,0
4580,2.2656,0
4581,2.1052,0
4582,2.0695,0
4583,1.9769,0
4584,2.3857,0
4585,2.0097,0
4586,2.0788,0
4587,2.1113,0
4588,2.2969,0
4589,2.6365,0
4590,2.3697,0
4591,2.3063,0
4592,2.2184,0
4593,2.1346,0
4594,2.4209,0
4595,2.1836,0
4596,1.9704,0
4597,2.1764,0
4598,1.9970,0
4599,2.5532,0
4600,2.1016,0
4601,2.0217,0
4602,2.1260,0
4603,2.0200,0
4604,2.1562,0
4605,1.9375,0
4606,2.0399,0
4607,2.0848,0
4608,2.2039,0
4609,2.4307,0
4610,2.5735,0
4611,2.2083,0
4612,2.0631,0
4613,2.3989,0
4614,2.2193,0
4615,2.0423,0
4616,2.4000,0
4617,2.1208,0
4618,2.3887,0
4619,2.1426,0
4620,2.0921,0
4621,2.0415,0
4622,2.0824,0
4623,2.1400,0
4624,2.1251,0
4625,2.1711,0
4626,2.1179,0
4627,2.0049,0
4628,1.9454,0
4629,1.9434,0
4630,2.1769,0
4631,2.1125,0
4632,2.3646,0
4633,2.0603,0
4634,2.0765,0
4635,2.3368,0
4636,2.2953,0
4637,2.6904,0
4638,2.4555,0
4639,2.4933,0
4640,2.1860,0
4641,2.1328,0
4642,2.4457,0
4643,2.1036,0
4644,2.2575,0
4645,2.2585,0
4646,2.3495,0
4647,1.9985,0
4648,2.1347,0
4649,2.3720,0
4650,2.0854,0
4651,2.0822,0
4652,2.1769,0
4653,2.0324,0
4654,2.2060,0
4655,1.9540,0
4656,2.4903,0
4657,2.0384,0
4658,2.4204,0
4659,2.5562,0
4660,2.1532,0
4661,2.3422,0
4662,2.1524,0
4663,2.5098,0
4664,1.9815,0
4665,1.9563,0
4666,2.3097,0
4667,2.2368,0
4668,1.9764,0
4669,2.3797,0
4670,1.9959,0
4671,2.2358,0
4672,2.1907,0
4673,2.1661,0
4674,2.5247,0
4675,2.0963,0
4676,2.4392,0
4677,2.0076,0
4678,2.1264,0
4679,2.1774,0
4680,2.4883,0
4681,2.1043,0
4682,2.1269,0
4683,2.2239,0
4684,2.0137,0
4685,1.8718,0
4686,2.0795,0
4687,1.9437,0
4688,1.9003,0
4689,1.9032,0
4690,2.3826,0
4691,2.0997,0
4692,2.3812,0
4693,2.0833,0
4694,2.0675,0
4695,2.5078,0
4696,2.2610,0
4697,2.1035,0
4698,2.2585,0
4699,2.4966,0
4700,2.2045,0
4701,2.4943,0
4702,2.7165,0
4703,2.2555,0
4704,2.1806,0
4705,2.2175,0
4706,2.1423,0
4707,2.2713,0
4708,2.1318,0
4709,2.3766,0
4710,2.3807,0
4711,1.9753,0
4712,2.3416,0
4713,2.0108,0
4714,2.0610,0
4715,2.1124,0
4716,2.5408,0
4717,2.2702,0
4718,2.0270,0
4719,1.9819,0
4720,2.2474,0
4721,2.0205,0
4722,2.3706,0
4723,2.2819,0
4724,2.0850,0
4725,2.1115,0
4726,2.4427,0
4727,2.1451,0
4728,2.0746,0
4729,2.2818,0
4730,2.3675,0
4731,2.3564,0
4732,2.0768,0
4733,2.1235,0
4734,2.4423,0
4735,2.1946,0
4736,2.1201,0
4737,2.3616,0
4738,2.1837,0
4739,2.1352,0
4740,2.3375,0
4741,2.3085,0
4742,2.1732,0
4743,2.3425,0
4744,2.3760,0
4745,2.2540,0
4746,2.0812,0
4747,2.1084,0
4748,2.1200,0
4749,2.2028,0
4750,2.3367,0
4751,2.3952,0
4752,2.5123,0
4753,2.5528,0
4754,2.2660,0
4755,2.6405,0
4756,2.0200,0
4757,2.1304,0
4758,2.0553,0
4759,2.1729,0
4760,2.0262,0
4761,1.9988,0
4762,2.1476,0
4763,2.0424,0
4764,1.7572,0
4765,2.1372,0
4766,1.7569,0
4767,2.1993,0
4768,1.8991,0
4769,2.3440,0
4770,1.8952,0
4771,2.2271,0
4772,2.2418,0
4773,2.0518,0
4774,2.1095,0
4775,2.4564,0
4776,1.9183,0
4777,2.1569,0
4778,2.1414,0
4779,2.2978,0
4780,2.6682,0
4781,2.3795,0
4782,2.3624,0
4783,2.1862,0
4784,2.0992,0
4785,2.0876,0
4786,2.2468,0
4787,2.1957,0
4788,2.4070,0
4789,2.2803,0
4790,2.1446,0
4791,1.8638,0
4792,2.1160,0
4793,1.9520,0
4794,2.1278,0
4795,2.5760,0
4796,2.1753,0
4797,2.2016,0
4798,2.1954,0
4799,2.0701,0
4800,2.2149,0
4801,2.1964,0
4802,2.1216,0
4803,2.0222,0
4804,2.2703,0
4805,2.2443,0
4806,2.1326,0
4807,2.2868,0
4808,2.2334,0
4809,2.3312,0
4810,1.9143,0
4811,2.2795,0
4812,2.1780,0
4813,2.0253,0
4814,1.9752,0
4815,1.9953,0
4816,2.1056,0
4817,2.0885,0
4818,1.9744,0
4819,1.9732,0
4820,1.9181,0
4821,2.2669,0
4822,2.3432,0
4823,2.1590,0
4824,2.1195,0
4825,2.2184,0
4826,2.0230,0
4827,2.1763,0
4828,2.0685,0
4829,2.1347,0
4830,1.9050,0
4831,2.2795,0
4832,2.0988,0
4833,2.0646,0
4834,2.1351,0
4835,2.0902,0
4836,1.8032,0
4837,2.1065,0
4838,2.0286,0
4839,2.1814,0
4840,1.9659,0
4841,2.1344,0
4842,2.2889,0
4843,2.2770,0
4844,2.2251,0
4845,2.1165,0
4846,2.6224,0
4847,2.0837,0
4848,2.2382,0
4849,2.2432,0
4850,1.8792,0
4851,1.9003,0
4852,2.1642,0
4853,2.1835,0
4854,2.0122,0
4855,2.1430,0
4856,2.3770,0
4857,2.0795,0
4858,2.2851,0
4859,2.0963,0
4860,2.0198,0
4861,1.7936,0
4862,2.2224,0
4863,1.9685,0
4864,2.0969,0
4865,2.0885,0
4866,2.2077,0
4867,1.8884,0
4868,2.1439,0
4869,1.8979,0
4870,2.2867,0
4871,1.9222,0
4872,2.0996,0
4873,2.0248,0
4874,2.0118,0
4875,2.1482,0
4876,2.1183,0
4877,2.0534,0
4878,2.0521,0
4879,2.0633,0
4880,2.0861,0
4881,2.2309,0
4882,2.1480,0
4883,2.5396,0
4884,2.1471,0
4885,2.1848,0
4886,1.9917,0
4887,1.8531,0
4888,2.1534,0
4889,1.7931,0
4890,2.2042,0
4891,1.9498,0
4892,2.1239,0
4893,1.8784,0
4894,1.9640,0
4895,2.1249,0
4896,1.9226,0
4897,1.9727,0
4898,1.9222,0
4899,1.9327,0
4900,2.1189,0
4901,2.1587,0
4902,2.0020,0
4903,2.0732,0
4904,2.0171,0
4905,2.4705,0
4906,2.5020,0
4907,2.2268,0
4908,2.3563,0
4909,2.1663,0
4910,2.1181,0
4911,1.9885,0
4912,2.1188,0
4913,2.0870,0
4914,2.1856,0
4915,1.9933,0
4916,1.8806,0
4917,1.9353,0
4918,2.0721,0
4919,1.8518,0
4920,1.9724,0
4921,2.0768,0
4922,2.0048,0
4923,1.9559,0
4924,2.0634,0
4925,1.9745,0
4926,1.8499,0
4927,1.9467,0
4928,2.0279,0
4929,2.0761,0
4930,2.3744,0
4931,2.2281,0
4932,1.9340,0
4933,1.9754,0
4934,2.1393,0
4935,2.0440,0
4936,2.1667,0
4937,2.1685,0
4938,2.2946,0
4939,1.9929,0
4940,1.9125,0
4941,2.2823,0
4942,2.0912,0
4943,2.1259,0
4944,2.2647,0
4945,2.1913,0
4946,2.0169,0
4947,2.0602,0
4948,2.1070,0
4949,2.0670,0
4950,1.8543,0
4951,2.2732,0
4952,2.7506,0
4953,3.1652,0
4954,2.5988,0
4955,2.4963,0
4956,2.2386,0
4957,2.3396,0
4958,2.3001,0
4959,2.2490,0
4960,2.1930,0
4961,1.9960,0
4962,2.3209,0
4963,2.1185,0
4964,2.1404,0
4965,2.0597,0
4966,2.1354,0
4967,2.0866,0
4968,2.0229,0
4969,2.0069,0
4970,1.9243,0
4971,1.8838,0
4972,1.8927,0
4973,2.3121,0
4974,2.2113,0
4975,2.2057,0
4976,2.2804,0
4977,2.1493,0
4978,2.1937,0
4979,2.3027,0
4980,2.1511,0
4981,1.8766,0
4982,2.0130,0
4983,1.9667,0
4984,1.9984,0
4985,1.9688,0
4986,1.9292,0
4987,2.2296,0
4988,2.2998,0
4989,2.0748,0
4990,2.1695,0
4991,2.0710,0
4992,2.1526,0
4993,2.1110,0
4994,2.1565,0
4995,2.3123,0
4996,2.1343,0
4997,2.3300,0
4998,2.3058,0
4999,2.4866,0
5000,2.2016,0
5001,2.1899,0
5002,2.2680,0
5003,2.0914,0
5004,1.9415,0
5005,2.0423,0
5006,2.1620,0
5007,2.2216,0
5008,2.1266,0
5009,1.9805,0
5010,2.0373,0
5011,2.3006,0
5012,2.2235,0
5013,2.3744,0
5014,2.3357,0
5015,2.2207,0
5016,2.3033,0
5017,2.1667,0
5018,2.1936,0
5019,2.1157,0
5020,2.2073,0
5021,2.0714,0
5022,2.0786,0
5023,2.4005,0
5024,1.9310,0
5025,2.1938,0
5026,2.2087,0
5027,2.1467,0
5028,2.5156,0
5029,2.1030,0
5030,2.1826,0
5031,2.0813,0
5032,2.2490,0
5033,2.0964,0
5034,2.1463,0
5035,2.1954,0
5036,2.0796,0
5037,2.0211,0
5038,2.3503,0
5039,1.8768,0
5040,2.0120,0
5041,1.9589,0
5042,2.0608,0
5043,2.0142,0
5044,1.9720,0
5045,1.9562,0
5046,2.4746,0
5047,2.2942,0
5048,2.1392,0
5049,2.0302,0
5050,2.4412,0
5051,2.1058,0
5052,2.0695,0
5053,2.2530,0
5054,2.3290,0
5055,2.2337,0
5056,2.1465,0
5057,2.4617,0
5058,2.1584,0
5059,1.9880,0
5060,2.1062,0
5061,2.0776,0
5062,2.7373,0
5063,2.0748,0
5064,1.9056,0
5065,1.9087,0
5066,2.1522,0
5067,2.1699,0
5068,2.4192,0
5069,2.3005,0
5070,1.9714,0
5071,2.3776,0
5072,2.6328,0
5073,2.1038,0
5074,2.1696,0
5075,2.5953,0
5076,2.3419,0
5077,3.0512,0
5078,2.5921,0
5079,2.4523,0
5080,2.7613,0
5081,2.5573,0
5082,2.7099,0
5083,2.7076,0
5084,2.2973,0
5085,2.6053,0
5086,3.2194,0
5087,2.6766,0
5088,2.5518,0
5089,2.6504,0
5090,3.1614,0
5091,2.5611,0
5092,2.5698,0
5093,2.5417,0
5094,2.7324,0
5095,2.6261,0
5096,2.8357,0
5097,2.5963,0
5098,2.5755,0
5099,2.8243,0
5100,2.4523,0
5101,2.6766,0
5102,2.4115,0
5103,2.4024,0
5104,2.2825,0
5105,2.7852,0
5106,2.2025,0
5107,2.1751,0
5108,2.2238,0
5109,1.9256,0
5110,2.2448,0
5111,2.8289,0
5112,2.2709,0
5113,2.3801,0
5114,2.3932,0
5115,2.0648,0
5116,2.2273,0
5117,2.1525,0
5118,2.2508,0
5119,2.2197,0
5120,2.0737,0
5121,2.4904,0
5122,2.0917,0
5123,2.4411,0
5124,2.2771,0
5125,2.0220,0
5126,1.9471,0
5127,2.2198,0
5128,2.1352,0
5129,2.2462,0
5130,2.4782,0
5131,2.4082,0
5132,2.2219,0
5133,1.9443,0
5134,2.0557,0
5135,2.0263,0
5136,2.1486,0
5137,2.1636,0
5138,2.0689,0
5139,2.1716,0
5140,2.0573,0
5141,2.2302,0
5142,2.0981,0
5143,2.1318,0
5144,2.0806,0
5145,2.0089,0
5146,2.0118,0
5147,2.3517,0
5148,1.9886,0
5149,2.0306,0
5150,2.1829,0
5151,2.0070,0
5152,2.0694,0
5153,1.9645,0
5154,2.5675,0
5155,2.0043,0
5156,2.1533,0
5157,2.0634,0
5158,2.0972,0
5159,1.9871,0
5160,2.0227,0
5161,2.0047,0
5162,2.0645,0
5163,1.9034,0
5164,2.4048,0
5165,2.1360,0
5166,2.4956,0
5167,1.9065,0
5168,2.1343,0
5169,2.2004,0
5170,2.2061,0
5171,2.1373,0
5172,2.1050,0
5173,2.1645,0
5174,2.0012,0
5175,2.1171,0
5176,2.3136,0
5177,2.1714,0
5178,2.1441,0
5179,2.3942,0
5180,2.2346,0
5181,2.2077,0
5182,2.2068,0
5183,2.2219,0
5184,2.3996,0
5185,2.2656,0
5186,2.1493,0
5187,2.2815,0
5188,2.0691,0
5189,1.9847,0
5190,1.9815,0
5191,2.1191,0
5192,1.9607,0
5193,2.4825,0
5194,1.9623,0
5195,2.1161,0
5196,2.3085,0
5197,2.3749,0
5198,2.1683,0
5199,2.1883,0
5200,2.2856,0
5201,2.0706,0
5202,2.5471,0
5203,1.9667,0
5204,2.0810,0
5205,1.9502,0
5206,2.1999,0
5207,2.2512,0
5208,2.2985,0
5209,2.1146,0
5210,2.3388,0
5211,2.3231,0
5212,2.3943,0
5213,2.1241,0
5214,2.1376,0
5215,2.0532,0
5216,2.1788,0
5217,2.5485,0
5218,2.0984,0
5219,2.6556,0
5220,2.0699,0
5221,2.2807,0
5222,2.4506,0
5223,1.9717,0
5224,2.2805,0
5225,2.8157,0
5226,2.4189,0
5227,2.7819,0
5228,2.4619,0
5229,2.5835,0
5230,2.4402,0
5231,2.2998,0
5232,2.5042,0
5233,2.2368,0
5234,2.9424,0
5235,2.6478,0
5236,2.4365,0
5237,3.1058,0
5238,2.5564,0
5239,3.0006,0
5240,2.2884,0
5241,2.5662,0
5242,2.3595,0
5243,2.6510,0
5244,2.5749,0
5245,2.5395,0
5246,3.0584,0
5247,2.3534,0
5248,2.8577,0
5249,2.6796,0
5250,3.0141,0
5251,3.1967,0
5252,2.9425,0
5253,2.5706,0
5254,2.7925,0
5255,2.8717,0
5256,2.7797,0
5257,2.5639,0
5258,2.5994,0
5259,2.8105,0
5260,2.3718,0
5261,2.3988,0
5262,2.3734,0
5263,2.7644,0
5264,2.3898,0
5265,2.5319,0
5266,2.5118,0
5267,2.5640,0
5268,2.4084,0
5269,2.4617,0
5270,2.7080,0
5271,2.5266,0
5272,2.7804,0
5273,2.6503,0
5274,2.6101,0
5275,1.9695,0
5276,2.3954,0
5277,2.7461,0
5278,2.0471,0
5279,3.2613,0
5280,2.2413,0
5281,2.3454,0
5282,2.2233,0
5283,2.3893,0
5284,2.3694,0
5285,2.1737,0
5286,2.0601,0
5287,1.9943,0
5288,2.0953,0
5289,2.0887,0
5290,2.2932,0
5291,2.0562,0
5292,2.1243,0
5293,1.9971,0
5294,2.1230,0
5295,1.8825,0
5296,2.0167,0
5297,2.0778,0
5298,2.0981,0
5299,2.0338,0
5300,2.0697,0
5301,2.0617,0
5302,2.2356,0
5303,2.0254,0
5304,2.2185,0
5305,2.0913,0
5306,2.1551,0
5307,2.2622,0
5308,2.6612,0
5309,2.1616,0
5310,2.2342,0
5311,2.2212,0
5312,2.1106,0
5313,2.1878,0
5314,2.2401,0
5315,2.0459,0
5316,2.1587,0
5317,2.1359,0
5318,1.9620,0
5319,2.2078,0
5320,2.1354,0
5321,2.0537,0
5322,2.0553,0
5323,2.1691,0
5324,2.0629,0
5325,1.9828,0
5326,2.1156,0
5327,2.1850,0
5328,2.0489,0
5329,2.2743,0
5330,2.1014,0
5331,2.1324,0
5332,2.0745,0
5333,1.9913,0
5334,2.1917,0
5335,2.1303,0
5336,2.2670,0
5337,2.5418,0
5338,2.3380,0
5339,2.2360,0
5340,2.1049,0
5341,3.5219,0
5342,3.2332,0
5343,2.1419,0
5344,1.9814,0
5345,2.0824,0
5346,2.3384,0
5347,1.8937,0
5348,2.0805,0
5349,2.1790,0
5350,2.1682,0
5351,2.2210,0
5352,1.9382,0
5353,2.2866,0
5354,2.5274,0
5355,2.1703,0
5356,2.1763,0
5357,2.3041,0
5358,2.2987,0
5359,2.1323,0
5360,2.0903,0
5361,1.8345,0
5362,1.9109,0
5363,1.9946,0
5364,1.8682,0
5365,3.0204,0
5366,2.1940,0
5367,2.1346,0
5368,2.0868,0
5369,2.0760,0
5370,2.1714,0
5371,2.1148,0
5372,2.1693,0
5373,2.1077,0
5374,2.0304,0
5375,2.2669,0
5376,2.2434,0
5377,2.1331,0
5378,2.2271,0
5379,2.1611,0
5380,2.1900,0
5381,2.1623,0
5382,1.9211,0
5383,1.9595,0
5384,2.0793,0
5385,1.9068,0
5386,2.1419,0
5387,1.9576,0
5388,2.1055,0
5389,2.2128,0
5390,2.3689,0
5391,2.0077,0
5392,2.2017,0
5393,2.0830,0
5394,2.3310,0
5395,2.1249,0
5396,2.1145,0
5397,2.0099,0
5398,2.0604,0
5399,2.0799,0
5400,2.2555,0
5401,2.1154,0
5402,2.2149,0
5403,2.1131,0
5404,2.1085,0
5405,2.1507,0
5406,2.0104,0
5407,2.2210,0
5408,2.0999,0
5409,1.9397,0
5410,2.2436,0
5411,2.1764,0
5412,2.0880,0
5413,1.9544,0
5414,2.0683,0
5415,1.8676,0
5416,2.0244,0
5417,2.0301,0
5418,2.2340,0
5419,1.9445,0
5420,2.1365,0
5421,1.8330,0
5422,1.9880,0
5423,2.0254,0
5424,2.3798,0
5425,2.4206,0
5426,2.2082,0
5427,2.0675,0
5428,2.1187,0
5429,2.3037,0
5430,2.0967,0
5431,2.2072,0
5432,2.1414,0
5433,1.9416,0
5434,1.8948,0
5435,1.8311,0
5436,2.0271,0
5437,1.8535,0
5438,2.4998,0
5439,2.0080,0
5440,2.0622,0
5441,2.2813,0
5442,2.0118,0
5443,2.2194,0
5444,2.0974,0
5445,2.0477,0
5446,2.5274,0
5447,2.4176,0
5448,2.3414,0
5449,2.2318,0
5450,2.0351,0
5451,2.1065,0
5452,2.0253,0
5453,2.5312,0
5454,2.1585,0
5455,2.2611,0
5456,2.2768,0
5457,2.3345,0
5458,2.5613,0
5459,2.3832,0
5460,2.4764,0
5461,2.0126,0
5462,2.1999,0
5463,2.3420,0
5464,2.3245,0
5465,2.0985,0
5466,2.1358,0
5467,2.1873,0
5468,2.4925,0
5469,2.2555,0
5470,2.0046,0
5471,2.3696,0
5472,2.0689,0
5473,2.3295,0
5474,2.1124,0
5475,2.5188,0
5476,2.0829,0
5477,2.0591,0
5478,2.1215,0
5479,2.3327,0
5480,1.9805,0
5481,2.6642,0
5482,2.2499,0
5483,2.3918,0
5484,2.5004,0
5485,1.9211,0
5486,2.3532,0
5487,1.9587,0
5488,1.9562,0
5489,1.9075,0
5490,1.8578,0
5491,1.8854,0
5492,2.3634,0
5493,2.4231,0
5494,2.6862,0
5495,2.0709,0
5496,2.4593,0
5497,2.0722,0
5498,2.2987,0
5499,2.0309,0
5500,2.0715,0
5501,2.0837,0
5502,2.2847,0
5503,2.1316,0
5504,2.4467,0
5505,2.0934,0
5506,2.0443,0
5507,2.0851,0
5508,2.4977,0
5509,2.2784,0
5510,2.0613,0
5511,2.0547,0
5512,1.9385,0
5513,2.1638,0
5514,1.9265,0
5515,2.2592,0
5516,2.0904,0
5517,2.0339,0
5518,2.2194,0
5519,2.6564,0
5520,2.1594,0
5521,2.1841,0
5522,2.0449,0
5523,2.5094,0
5524,2.2460,0
5525,2.4424,0
5526,2.0535,0
5527,2.1407,0
5528,1.9612,0
5529,2.2104,0
5530,3.1729,0
5531,2.1841,0
5532,2.2512,0
5533,2.3047,0
5534,2.2236,0
5535,2.3095,0
5536,2.3624,0
5537,2.9132,0
5538,2.6218,0
5539,2.3465,0
5540,2.2407,0
5541,2.2362,0
5542,2.0323,0
5543,2.0052,0
5544,2.2229,0
5545,2.1843,0
5546,2.1504,0
5547,2.0512,0
5548,2.3501,0
5549,2.0529,0
5550,2.4311,0
5551,1.9205,0
5552,2.2090,0
5553,2.3535,0
5554,2.1204,0
5555,2.1555,0
5556,2.1586,0
5557,2.0256,0
5558,2.1081,0
5559,1.9511,0
5560,2.1439,0
5561,1.9357,0
5562,2.0299,0
5563,2.0825,0
5564,2.1991,0
5565,2.0162,0
5566,2.2180,0
5567,2.4219,0
5568,2.0657,0
5569,2.1234,0
5570,2.2598,0
5571,1.9653,0
5572,2.3065,0
5573,2.1600,0
5574,2.0429,0
5575,1.9848,0
5576,2.0603,0
5577,1.9699,0
5578,2.0655,0
5579,2.0581,0
5580,2.0668,0
5581,2.1724,0
5582,2.0529,0
5583,2.1251,0
5584,2.2952,0
5585,1.9940,0
5586,2.4230,0
5587,2.0255,0
5588,1.9893,0
5589,1.8758,0
5590,2.0775,0
5591,1.9898,0
5592,2.1195,0
5593,2.0097,0
5594,2.0931,0
5595,2.0849,0
5596,2.4733,0
5597,2.0766,0
5598,2.1253,0
5599,2.2807,0
5600,2.1666,0
5601,2.2688,0
5602,1.9941,0
5603,2.2858,0
5604,2.0228,0
5605,2.4985,0
5606,2.2541,0
5607,2.3013,0
5608,2.5284,0
5609,2.3722,0
5610,2.0722,0
5611,2.4335,0
5612,2.0178,0
5613,2.0577,0
5614,1.9589,0
5615,2.2060,0
5616,2.1054,0
5617,1.9587,0
5618,2.4736,0
5619,2.1720,0
5620,2.4461,0
5621,2.0557,0
5622,2.0195,0
5623,2.1239,0
5624,2.0236,0
5625,1.9200,0
5626,2.4592,0
5627,2.9273,0
5628,2.3704,0
5629,2.2738,0
5630,2.4868,0
5631,2.5190,0
5632,2.7845,0
5633,2.1678,0
5634,2.1752,0
5635,2.2273,0
5636,2.7841,0
5637,2.7089,0
5638,2.2493,0
5639,2.4728,0
5640,2.5098,0
5641,2.3021,0
5642,2.2318,0
5643,2.4786,0
5644,2.2467,0
5645,2.4604,0
5646,2.3226,0
5647,2.3471,0
5648,2.3649,0
5649,2.2385,0
5650,2.5559,0
5651,2.3411,0
5652,2.2268,0
5653,2.2158,0
5654,2.4543,0
5655,2.6017,0
5656,2.5239,0
5657,2.7839,0
5658,2.4892,0
5659,2.2696,0
5660,2.6329,0
5661,3.2683,0
5662,2.8197,0
5663,2.8522,0
5664,2.9429,0
5665,3.1278,0
5666,2.9457,0
5667,3.0180,0
5668,3.0865,0
5669,2.7152,0
5670,3.0066,0
5671,2.5615,0
5672,2.4997,0
5673,2.3224,0
5674,2.7689,0
5675,2.3145,0
5676,2.7049,0
5677,2.8127,0
5678,3.1959,0
5679,3.0567,0
5680,2.7749,0
5681,2.9075,0
5682,2.8990,0
5683,2.6777,0
5684,2.7640,0
5685,2.7763,0
5686,2.2857,0
5687,2.7663,0
5688,2.8616,0
5689,2.8197,0
5690,2.5882,0
5691,2.4661,0
5692,2.7627,0
5693,2.0198,0
5694,2.2837,0
5695,2.3327,0
5696,2.0118,0
5697,2.1790,0
5698,2.1469,0
5699,2.2238,0
5700,2.5077,0
5701,2.7159,0
5702,2.1675,0
5703,2.4386,0
5704,2.6654,0
5705,2.4226,0
5706,2.4360,0
5707,2.2370,0
5708,2.2490,0
5709,2.4048,0
5710,2.5045,0
5711,2.2198,0
5712,2.0291,0
5713,2.3281,0
5714,2.0722,0
5715,2.0127,0
5716,1.9978,0
5717,1.9715,0
5718,1.9283,0
5719,2.2824,0
5720,2.1243,0
5721,2.1114,0
5722,1.8398,0
5723,1.9086,0
5724,1.9446,0
5725,2.1524,0
5726,2.0171,0
5727,2.0322,0
5728,2.0504,0
5729,2.1460,0
5730,2.2482,0
5731,2.0447,0
5732,1.9345,0
5733,2.1359,0
5734,2.0852,0
5735,2.3824,0
5736,2.1332,0
5737,2.0327,0
5738,2.1308,0
5739,2.3315,0
5740,2.0242,0
5741,2.2024,0
5742,2.0992,0
5743,2.3668,0
5744,1.9785,0
5745,2.1529,0
5746,1.8875,0
5747,2.1051,0
5748,2.1064,0
5749,2.2492,0
5750,2.0898,0
5751,2.1305,0
5752,1.9388,0
5753,2.3592,0
5754,2.2929,0
5755,2.2638,0
5756,2.0723,0
5757,1.9680,0
5758,1.9517,0
5759,2.1647,0
5760,2.3304,0
5761,2.4509,0
5762,2.3234,0
5763,2.1113,0
5764,2.0547,0
5765,2.0756,0
5766,2.0103,0
5767,1.9846,0
5768,2.3188,0
5769,2.0881,0
5770,2.3305,0
5771,1.9751,0
5772,2.1273,0
5773,2.0677,0
5774,2.1702,0
5775,2.0141,0
5776,2.0083,0
5777,2.0835,0
5778,2.0474,0
5779,1.8723,0
5780,2.1559,0
5781,1.8046,0
5782,2.0065,0
5783,2.1077,0
5784,2.0325,0
5785,2.2877,0
5786,1.9583,0
5787,2.0574,0
5788,2.0606,0
5789,1.9848,0
5790,2.6431,0
5791,2.1278,0
5792,2.7571,0
5793,2.3030,0
5794,2.1788,0
5795,2.6335,0
5796,2.1229,0
5797,2.1678,0
5798,2.0503,0
5799,2.3521,0
5800,2.0982,0
5801,2.4316,0
5802,2.5884,0
5803,2.0604,0
5804,2.0371,0
5805,2.4637,0
5806,1.9549,0
5807,2.0041,0
5808,1.9676,0
5809,2.6386,0
5810,2.2362,0
5811,2.1310,0
5812,2.1505,0
5813,2.1380,0
5814,2.3060,0
5815,2.3665,0
5816,2.4397,0
5817,2.0539,0
5818,2.3473,0
5819,2.3264,0
5820,2.6923,0
5821,2.2042,0
5822,2.2848,0
5823,2.1993,0
5824,2.0720,0
5825,2.1329,0
5826,2.1527,0
5827,2.1592,0
5828,2.1892,0
5829,2.1987,0
5830,2.0474,0
5831,2.3602,0
5832,2.2107,0
5833,2.1241,0
5834,1.8760,0
5835,2.4420,0
5836,1.9328,0
5837,2.0064,0
5838,2.1012,0
5839,2.0626,0
5840,1.9627,0
5841,2.1768,0
5842,2.0002,0
5843,2.3879,0
5844,2.0014,0
5845,2.3608,0
5846,1.9724,0
5847,2.1042,0
5848,2.1979,0
5849,2.0566,0
5850,2.1870,0
5851,2.3180,0
5852,2.4036,0
5853,2.0682,0
5854,2.1540,0
5855,2.3612,0
5856,2.5417,0
5857,2.3942,0
5858,2.1875,0
5859,2.0801,0
5860,2.1074,0
5861,2.2289,0
5862,2.2071,0
5863,2.0597,0
5864,2.5236,0
5865,2.1420,0
5866,2.4383,0
5867,2.1757,0
5868,2.3546,0
5869,2.3817,0
5870,2.1597,0
5871,2.1446,0
5872,2.3051,0
5873,2.0211,0
5874,1.9502,0
5875,2.0458,0
5876,2.1652,0
5877,2.0568,0
5878,2.0838,0
5879,2.2049,0
5880,1.9946,0
5881,2.0941,0
5882,2.1243,0
5883,2.3690,0
5884,2.0667,0
5885,2.1964,0
5886,2.1082,0
5887,2.0105,0
5888,2.0395,0
5889,2.0697,0
5890,1.9981,0
5891,2.2041,0
5892,2.2272,0
5893,2.2199,0
5894,2.2549,0
5895,2.0584,0
5896,1.9021,0
5897,2.0685,0
5898,2.7486,0
5899,2.0880,0
5900,2.6056,0
5901,2.3870,0
5902,2.1370,0
5903,2.3066,0
5904,2.0045,0
5905,2.2968,0
5906,2.2376,0
5907,2.1474,0
5908,2.2289,0
5909,2.1539,0
5910,2.2064,0
5911,2.0743,0
5912,2.2221,0
5913,2.6479,0
5914,2.1584,0
5915,2.3358,0
5916,2.0190,0
5917,2.0974,0
5918,2.6362,0
5919,2.3754,0
5920,2.2140,0
5921,2.0942,0
5922,2.6644,0
5923,2.2666,0
5924,2.3485,0
5925,2.1418,0
5926,2.2698,0
5927,2.3143,0
5928,2.0659,0
5929,2.0773,0
5930,2.0938,0
5931,2.3466,0
5932,2.1358,0
5933,2.4595,0
5934,2.1993,0
5935,2.6054,0
5936,1.9162,0
5937,1.9302,0
5938,2.2064,0
5939,2.1281,0
5940,2.1896,0
5941,2.0795,0
5942,2.0622,0
5943,2.2656,0
5944,2.0131,0
5945,2.1430,0
5946,1.9607,0
5947,2.1521,0
5948,2.1867,0
5949,2.2802,0
5950,2.4401,0
5951,2.4189,0
5952,2.2552,0
5953,2.3700,0
5954,2.3998,0
5955,2.2452,0
5956,2.0672,0
5957,2.1031,0
5958,2.3410,0
5959,2.0393,0
5960,2.2307,0
5961,2.2260,0
5962,2.0360,0
5963,2.2064,0
5964,2.1883,0
5965,1.8867,0
5966,2.0330,0
5967,2.0024,0
5968,2.1790,0
5969,2.2572,0
5970,2.1479,0
5971,2.1805,0
5972,2.4173,0
5973,1.9669,0
5974,2.3719,0
5975,2.0604,0
5976,2.0132,0
5977,2.1595,0
5978,2.0039,0
5979,2.4450,0
5980,2.4171,0
5981,2.1197,0
5982,2.0815,0
5983,2.3703,0
5984,2.0147,0
5985,2.0098,0
5986,1.9972,0
5987,2.0836,0
5988,2.0043,0
5989,2.4157,0
5990,2.3614,0
5991,2.4233,0
5992,2.0421,0
5993,2.0691,0
5994,2.0323,0
5995,2.8406,0
5996,2.0702,0
5997,2.1269,0
5998,2.6068,0
5999,2.6977,0
6000,2.5084,0
6001,2.2734,0
6002,2.1483,0
6003,2.0368,0
6004,2.1991,0
6005,1.9223,0
6006,2.0213,0
6007,1.9834,0
6008,2.2108,0
6009,2.1887,0
6010,2.5066,0
6011,2.0119,0
6012,2.0496,0
6013,2.2116,0
6014,2.3613,0
6015,2.1819,0
6016,2.0610,0
6017,2.0605,0
6018,2.0325,0
6019,2.0376,0
6020,2.1616,0
6021,2.4146,0
6022,2.0541,0
6023,2.0369,0
6024,2.1450,0
6025,2.2513,0
6026,2.1089,0
6027,2.2750,0
6028,2.2838,0
6029,2.2918,0
6030,2.1855,0
6031,2.0704,0
6032,2.6064,0
6033,2.1943,0
6034,2.0065,0
6035,2.1397,0
6036,2.4755,0
6037,2.0382,0
6038,2.0805,0
6039,1.9910,0
6040,1.9753,0
6041,2.3496,0
6042,2.1875,0
6043,2.1158,0
6044,2.2118,0
6045,2.2944,0
6046,2.0185,0
6047,2.2191,0
6048,2.2240,0
6049,2.0695,0
6050,2.5490,0
6051,2.1074,0
6052,2.0337,0
6053,2.1475,0
6054,2.5550,0
6055,2.2099,0
6056,2.1393,0
6057,2.1595,0
6058,2.0631,0
6059,2.1071,0
6060,2.3283,0
6061,2.1238,0
6062,1.9947,0
6063,2.4581,0
6064,2.2059,0
6065,2.1276,0
6066,2.1139,0
6067,2.1252,0
6068,2.0616,0
6069,2.2604,0
6070,2.6113,0
6071,2.3027,0
6072,2.1168,0
6073,2.0366,0
6074,2.0460,0
6075,2.0955,0
6076,2.3487,0
6077,2.1105,0
6078,2.2935,0
6079,2.1654,0
6080,2.1021,0
6081,2.1693,0
6082,2.4214,0
6083,2.0163,0
6084,2.0304,0
6085,2.2141,0
6086,2.3915,0
6087,2.2618,0
6088,2.3350,0
6089,2.0612,0
6090,2.1718,0
6091,2.0579,0
6092,2.0883,0
6093,2.1862,0
6094,2.0497,0
6095,2.0304,0
6096,2.1203,0
6097,2.1755,0
6098,2.3528,0
6099,2.1804,0
6100,2.3611,0
6101,2.2462,0
6102,2.3147,0
6103,2.2629,0
6104,2.0763,0
6105,2.1544,0
6106,2.4658,0
6107,2.1463,0
6108,2.3132,0
6109,1.9274,0
6110,2.4877,0
6111,2.1290,0
6112,2.1623,0
6113,2.2353,0
6114,2.4368,0
6115,2.2698,0
6116,2.4754,0
6117,1.9103,0
6118,2.3446,0
6119,1.9117,0
6120,2.2334,0
6121,2.0054,0
6122,2.2894,0
6123,2.7148,0
6124,2.0780,0
6125,2.0886,0
6126,1.9763,0
6127,2.2506,0
6128,2.2941,0
6129,2.0131,0
6130,2.0239,0
6131,1.9722,0
6132,2.1877,0
6133,2.0384,0
6134,1.9816,0
6135,2.1140,0
6136,2.3695,0
6137,2.2326,0
6138,2.2858,0
6139,2.2723,0
6140,2.2326,0
6141,2.0804,0
6142,2.4320,0
6143,2.0080,0
6144,2.0092,0
6145,2.3901,0
6146,1.9662,0
6147,2.5386,0
6148,2.2856,0
6149,2.2875,0
6150,2.2148,0
6151,2.0632,0
6152,2.3448,0
6153,2.1262,0
6154,2.4243,0
6155,2.2263,0
6156,2.1339,0
6157,1.9679,0
6158,2.2389,0
6159,2.0577,0
6160,2.0270,0
6161,2.3274,0
6162,2.1637,0
6163,2.1205,0
6164,2.1611,0
6165,2.5022,0
6166,2.0840,0
6167,2.1174,0
6168,2.0169,0
6169,2.1209,0
6170,2.2125,0
6171,2.5032,0
6172,2.1152,0
6173,2.1332,0
6174,2.1773,0
6175,2.0526,0
6176,1.9649,0
6177,2.3177,0
6178,1.9490,0
6179,2.2352,0
6180,2.0050,0
6181,2.1377,0
6182,2.2913,0
6183,2.5989,0
6184,2.1217,0
6185,2.1158,0
6186,1.9328,0
6187,2.2086,0
6188,2.0074,0
6189,2.1203,0
6190,2.0039,0
6191,2.5066,0
6192,2.2477,0
6193,2.4092,0
6194,2.2513,0
6195,2.1392,0
6196,2.0543,0
6197,2.0863,0
6198,2.2498,0
6199,2.0882,0
6200,2.1304,0
6201,1.9816,0
6202,2.1714,0
6203,2.0907,0
6204,2.2543,0
6205,2.3509,0
6206,2.1692,0
6207,2.0702,0
6208,2.2678,0
6209,1.9366,0
6210,2.1622,0
6211,1.9740,0
6212,2.0376,0
6213,1.9630,0
6214,1.9977,0
6215,2.0342,0
6216,1.9174,0
6217,1.9274,0
6218,2.0066,0
6219,1.9591,0
6220,2.0265,0
6221,2.1688,0
6222,2.4708,0
6223,2.1327,0
6224,2.3321,0
6225,2.2579,0
6226,2.1453,0
6227,1.9879,0
6228,2.1746,0
6229,2.0688,0
6230,2.2599,0
6231,2.0062,0
6232,2.1643,0
6233,2.1005,0
6234,2.1184,0
6235,2.0206,0
6236,2.2122,0
6237,2.0406,0
6238,2.2160,0
6239,1.9398,0
6240,2.0544,0
6241,2.0573,0
6242,2.2196,0
6243,2.2605,0
6244,2.1070,0
6245,2.1552,0
6246,2.0697,0
6247,1.9613,0
6248,2.2174,0
6249,2.1160,0
6250,2.1474,0
6251,2.1195,0
6252,1.9236,0
6253,2.0450,0
6254,2.1561,0
6255,2.4330,0
6256,2.0717,0
6257,1.9379,0
6258,1.8904,0
6259,2.2201,0
6260,1.9583,0
6261,1.8476,0
6262,2.0141,0
6263,1.9591,0
6264,2.0818,0
6265,2.0948,0
6266,2.3939,0
6267,2.4895,0
6268,2.2944,0
6269,2.2067,0
6270,2.2069,0
6271,2.0964,0
6272,2.6965,0
6273,2.2717,0
6274,2.0047,0
6275,2.1094,0
6276,1.9847,0
6277,2.1320,0
6278,1.9495,0
6279,2.3865,0
6280,2.4795,0
6281,2.2687,0
6282,2.3038,0
6283,2.3341,0
6284,2.4305,0
6285,2.3705,0
6286,2.6074,0
6287,2.3247,0
6288,2.2470,0
6289,2.0167,0
6290,2.0698,0
6291,2.1181,0
6292,2.0952,0
6293,2.2869,0
6294,2.8437,0
6295,2.5151,0
6296,2.2390,0
6297,2.1402,0
6298,2.1971,0
6299,2.2047,0
6300,2.2414,0
6301,2.0538,0
6302,2.1068,0
6303,2.2288,0
6304,1.9253,0
6305,2.2430,0
6306,2.0747,0
6307,2.4315,0
6308,2.4294,0
6309,2.4412,0
6310,2.1989,0
6311,2.0423,0
6312,2.1036,0
6313,1.9517,0
6314,2.4088,0
6315,2.3300,0
6316,2.2314,0
6317,2.3527,0
6318,2.7104,0
6319,2.4966,0
6320,2.5350,0
6321,2.3830,0
6322,2.0840,0
6323,2.1736,0
6324,1.9676,0
6325,2.2213,0
6326,2.0530,0
6327,2.1258,0
6328,2.2193,0
6329,2.0877,0
6330,2.3168,0
6331,2.1918,0
6332,2.0157,0
6333,2.2853,0
6334,2.5751,0
6335,2.3764,0
6336,2.1716,0
6337,2.0904,0
6338,2.0376,0
6339,2.4361,0
6340,2.3229,0
6341,2.5702,0
6342,2.1030,0
6343,1.9941,0
6344,2.1479,0
6345,2.3118,0
6346,2.0111,0
6347,2.0220,0
6348,2.1951,0
6349,2.5495,0
6350,2.3190,0
6351,2.1645,0
6352,2.0357,0
6353,2.1571,0
6354,1.9897,0
6355,2.1439,0
6356,2.1137,0
6357,2.3403,0
6358,2.0606,0
6359,2.4595,0
6360,2.1335,0
6361,2.3784,0
6362,2.1690,0
6363,2.7099,0
6364,2.7929,0
6365,2.1470,0
6366,2.5299,0
6367,1.9216,0
6368,1.9510,0
6369,2.0053,0
6370,2.2196,0
6371,2.1050,0
6372,2.0347,0
6373,2.0440,0
6374,2.1851,0
6375,2.1229,0
6376,2.0725,0
6377,2.2721,0
6378,2.2009,0
6379,2.1500,0
6380,2.1793,0
6381,2.0727,0
6382,1.9720,0
6383,2.3905,0
6384,2.6379,0
6385,2.2579,0
6386,2.0120,0
6387,2.1365,0
6388,1.9619,0
6389,2.0346,0
6390,1.9745,0
6391,2.3429,0
6392,1.9925,0
6393,2.0433,0
6394,2.0050,0
6395,2.2841,0
6396,1.9788,0
6397,2.4860,0
6398,2.2534,0
6399,2.3913,0
6400,2.1125,0
6401,2.3921,0
6402,2.3369,0
6403,2.2371,0
6404,2.4195,0
6405,2.3793,0
6406,2.6386,0
6407,2.3170,0
6408,2.5910,0
6409,2.2422,0
6410,2.2317,0
6411,2.2738,0
6412,2.2232,0
6413,2.4952,0
6414,2.4933,0
6415,2.5488,0
6416,2.2501,0
6417,2.3397,0
6418,2.3537,0
6419,2.3352,0
6420,2.2510,0
6421,2.4691,0
6422,2.2758,0
6423,2.2140,0
6424,2.1073,0
6425,2.1824,0
6426,2.2254,0
6427,1.9299,0
6428,2.1486,0
6429,2.0016,0
6430,2.1686,0
6431,2.2277,0
6432,2.3149,0
6433,2.6115,0
6434,2.1970,0
6435,2.6197,0
6436,2.5822,0
6437,2.2723,0
6438,2.7063,0
6439,2.3540,0
6440,2.4388,0
6441,2.2947,0
6442,2.3109,0
6443,2.2888,0
6444,2.1516,0
6445,2.3846,0
6446,2.3825,0
6447,2.3859,0
6448,2.2352,0
6449,2.2726,0
6450,2.3322,0
6451,2.6171,0
6452,2.1453,0
6453,2.2281,0
6454,2.2540,0
6455,2.1485,0
6456,2.4072,0
6457,2.3860,0
6458,2.4634,0
6459,2.3968,0
6460,2.3451,0
6461,2.5549,0
6462,2.1617,0
6463,2.3148,0
6464,2.5996,0
6465,2.5369,0
6466,2.2503,0
6467,2.1859,0
6468,2.1573,0
6469,2.1128,0
6470,2.0226,0
6471,2.1523,0
6472,2.1867,0
6473,2.1077,0
6474,2.0528,0
6475,2.0553,0
6476,2.5626,0
6477,2.2051,0
6478,2.4659,0
6479,2.2078,0
6480,2.2626,0
6481,2.1202,0
6482,2.0364,0
6483,2.4908,0
6484,2.4216,0
6485,2.2687,0
6486,2.4661,0
6487,2.2818,0
6488,1.9643,0
6489,2.5084,0
6490,2.2241,0
6491,2.4095,0
6492,2.7022,0
6493,2.2842,0
6494,2.2523,0
6495,2.1823,0
6496,2.2783,0
6497,2.4090,0
6498,2.2394,0
6499,2.1767,0
6500,2.4522,0
6501,2.0888,0
6502,2.0152,0
6503,2.1812,0
6504,2.0924,0
6505,2.3223,0
6506,2.1738,0
6507,1.9839,0
6508,2.0093,0
6509,2.0412,0
6510,2.0823,0
6511,2.3515,0
6512,2.2741,0
6513,2.1990,0
6514,2.3393,0
6515,2.5327,0
6516,2.4076,0
6517,2.6673,0
6518,2.2588,0
6519,2.0655,0
6520,2.1248,0
6521,2.1821,0
6522,2.0075,0
6523,2.1341,0
6524,2.2828,0
6525,2.2900,0
6526,2.5237,0
6527,2.2999,0
6528,2.1478,0
6529,2.1260,0
6530,2.0742,0
6531,2.1298,0
6532,2.2801,0
6533,1.9985,0
6534,2.0731,0
6535,2.1301,0
6536,2.0546,0
6537,2.2096,0
6538,2.1122,0
6539,2.4668,0
6540,2.1069,0
6541,2.1069,0
6542,2.6184,0
6543,2.4077,0
6544,2.1527,0
6545,2.4976,0
6546,2.1385,0
6547,2.1191,0
6548,2.0141,0
6549,2.1874,0
6550,2.2796,0
6551,2.4433,0
6552,2.1066,0
6553,2.1958,0
6554,2.1124,0
6555,2.2333,0
6556,2.2253,0
6557,2.1603,0
6558,2.3233,0
6559,2.1748,0
6560,2.0531,0
6561,2.1094,0
6562,2.1987,0
6563,1.9875,0
6564,1.9728,0
6565,1.9316,0
6566,2.4384,0
6567,1.8984,0
6568,2.5800,0
6569,2.1644,0
6570,2.0471,0
6571,1.9599,0
6572,2.1537,0
6573,2.4706,0
6574,2.1608,0
6575,2.3189,0
6576,2.5369,0
6577,2.1499,0
6578,2.2719,0
6579,2.3357,0
6580,2.1228,0
6581,2.0624,0
6582,1.8737,0
6583,2.3914,0
6584,2.2230,0
6585,2.3131,0
6586,2.5613,0
6587,2.1776,0
6588,2.0597,0
6589,2.2515,0
6590,2.5312,0
6591,2.2406,0
6592,2.0087,0
6593,2.2237,0
6594,2.0323,0
6595,2.1078,0
6596,2.2487,0
6597,2.0860,0
6598,2.1578,0
6599,2.0700,0
6600,2.5993,0
6601,2.0930,0
6602,1.9654,0
6603,1.9687,0
6604,2.4934,0
6605,2.0186,0
6606,2.7349,0
6607,1.9912,0
6608,2.1841,0
6609,2.0460,0
6610,2.1571,0
6611,2.6100,0
6612,1.9971,0
6613,2.1456,0
6614,2.3162,0
6615,2.6408,0
6616,2.2222,0
6617,1.9836,0
6618,2.2591,0
6619,2.4920,0
6620,2.0068,0
6621,2.0364,0
6622,1.7978,0
6623,2.0148,0
6624,2.1026,0
6625,2.1552,0
6626,2.4971,0
6627,2.3419,0
6628,2.0642,0
6629,2.2956,0
6630,2.0857,0
6631,1.9971,0
6632,2.2144,0
6633,2.1104,0
6634,2.6642,0
6635,2.0541,0
6636,2.2023,0
6637,2.1278,0
6638,2.4366,0
6639,2.2882,0
6640,2.2513,0
6641,1.8747,0
6642,1.9263,0
6643,1.9047,0
6644,2.0684,0
6645,2.0475,0
6646,2.2668,0
6647,2.6643,0
6648,2.3855,0
6649,2.1456,0
6650,2.0082,0
6651,2.6297,0
6652,2.4186,0
6653,2.2536,0
6654,2.2940,0
6655,2.0232,0
6656,1.9908,0
6657,2.0595,0
6658,1.9649,0
6659,2.1166,0
6660,2.0877,0
6661,2.1798,0
6662,2.5651,0
6663,2.4671,0
6664,2.3027,0
6665,1.9985,0
6666,2.2586,0
6667,2.0899,0
6668,2.1205,0
6669,2.0476,0
6670,2.3852,0
6671,2.6035,0
6672,2.0298,0
6673,2.0075,0
6674,2.6188,0
6675,2.4374,0
6676,2.0982,0
6677,2.0709,0
6678,2.0908,0
6679,2.3764,0
6680,2.1112,0
6681,2.3315,0
6682,2.0092,0
6683,2.3764,0
6684,1.9989,0
6685,2.4058,0
6686,2.0108,0
6687,2.2659,0
6688,2.3991,0
6689,3.4281,0
6690,3.7372,0
6691,2.7844,0
6692,2.3573,0
6693,2.2036,0
6694,2.3148,0
6695,2.3516,0
6696,2.2795,0
6697,2.0999,0
6698,2.3314,0
6699,1.9846,0
6700,2.4775,0
6701,2.2096,0
6702,2.3291,0
6703,1.9749,0
6704,2.2871,0
6705,2.0520,0
6706,2.4053,0
6707,2.2363,0
6708,2.2029,0
6709,2.1565,0
6710,2.3928,0
6711,2.0460,0
6712,2.4051,0
6713,2.5140,0
6714,2.3848,0
6715,2.3869,0
6716,2.2478,0
6717,2.3474,0
6718,2.6070,0
6719,2.1464,0
6720,2.2141,0
6721,2.3437,0
6722,2.6625,0
6723,2.4228,0
6724,2.3901,0
6725,2.2533,0
6726,2.2919,0
6727,2.5828,0
6728,2.5054,0
6729,2.4226,0
6730,2.1382,0
6731,2.4558,0
6732,2.3140,0
6733,2.3467,0
6734,2.0933,0
6735,2.1653,0
6736,2.4182,0
6737,2.1691,0
6738,2.0459,0
6739,2.2148,0
6740,2.3474,0
6741,2.2643,0
6742,2.2306,0
6743,1.9837,0
6744,2.0562,0
6745,2.1719,0
6746,2.3733,0
6747,2.7773,0
6748,2.3380,0
6749,2.3457,0
6750,2.3058,0
6751,2.5830,0
6752,2.2031,0
6753,2.2855,0
6754,2.2287,0
6755,2.2928,0
6756,2.0855,0
6757,2.0795,0
6758,2.5576,0
6759,2.3289,0
6760,2.4605,0
6761,2.2373,0
6762,2.2264,0
6763,2.3825,0
6764,2.0013,0
6765,2.1021,0
6766,2.2748,0
6767,2.0136,0
6768,2.3212,0
6769,2.2881,0
6770,2.2840,0
6771,2.5327,0
6772,2.0083,0
6773,2.0696,0
6774,2.2248,0
6775,2.3937,0
6776,2.2883,0
6777,2.2672,0
6778,2.0698,0
6779,2.3818,0
6780,2.0141,0
6781,1.9947,0
6782,1.9936,0
6783,2.1390,0
6784,2.2661,0
6785,2.2021,0
6786,2.1235,0
6787,2.2125,0
6788,2.0949,0
6789,2.0796,0
6790,2.1676,0
6791,2.2297,0
6792,2.3921,0
6793,2.5836,0
6794,2.2857,0
6795,2.0531,0
6796,2.0843,0
6797,2.0026,0
6798,2.0497,0
6799,1.9739,0
6800,2.1233,0
6801,2.0670,0
6802,2.3096,0
6803,2.0611,0
6804,2.1676,0
6805,2.2710,0
6806,2.2999,0
6807,2.4884,0
6808,2.2589,0
6809,2.3956,0
6810,2.2625,0
6811,2.8159,0
6812,2.6742,0
6813,2.4904,0
6814,2.5207,0
6815,2.0485,0
6816,2.2332,0
6817,2.1306,0
6818,2.0317,0
6819,2.1518,0
6820,2.2389,0
6821,2.2165,0
6822,2.2722,0
6823,2.6283,0
6824,2.6170,0
6825,2.3162,0
6826,2.0393,0
6827,2.5095,0
6828,1.9643,0
6829,2.0911,0
6830,1.9167,0
6831,2.0159,0
6832,2.0912,0
6833,2.7670,0
6834,2.2524,0
6835,2.0597,0
6836,1.9996,0
6837,2.5223,0
6838,2.1132,0
6839,2.5020,0
6840,2.2622,0
6841,2.0054,0
6842,2.0919,0
6843,2.0146,0
6844,2.0492,0
6845,2.0303,0
6846,2.3394,0
6847,2.1841,0
6848,2.1771,0
6849,2.3928,0
6850,2.5181,0
6851,2.4071,0
6852,2.2639,0
6853,2.1777,0
6854,2.1299,0
6855,1.9452,0
6856,2.0359,0
6857,1.9643,0
6858,2.1749,0
6859,1.9973,0
6860,2.0891,0
6861,2.1304,0
6862,2.0783,0
6863,2.0367,0
6864,2.0923,0
6865,2.0223,0
6866,2.1257,0
6867,2.2716,0
6868,2.1939,0
6869,2.0674,0
6870,2.1428,0
6871,2.1233,0
6872,2.5251,0
6873,2.5607,0
6874,2.3851,0
6875,2.4591,0
6876,2.0347,0
6877,2.1712,0
6878,1.9557,0
6879,2.0266,0
6880,2.4478,0
6881,2.3289,0
6882,2.0531,0
6883,2.3342,0
6884,2.0449,0
6885,2.0081,0
6886,2.4200,0
6887,2.3527,0
6888,2.1234,0
6889,2.1765,0
6890,2.3205,0
6891,2.1934,0
6892,2.0564,0
6893,2.0338,0
6894,2.3353,0
6895,2.0730,0
6896,2.3297,0
6897,2.1506,0
6898,2.3725,0
6899,2.3321,0
6900,2.1017,0
6901,2.0948,0
6902,2.1564,0
6903,2.3031,0
6904,2.1970,0
6905,2.4518,0
6906,2.4785,0
6907,2.3540,0
6908,2.5373,0
6909,2.2247,0
6910,2.0261,0
6911,1.9947,0
6912,2.1260,0
6913,2.1445,0
6914,2.0481,0
6915,1.8981,0
6916,2.2380,0
6917,2.3268,0
6918,2.1874,0
6919,2.3808,0
6920,2.5794,0
6921,2.3957,0
6922,2.3768,0
6923,2.3700,0
6924,2.2886,0
6925,2.4505,0
6926,2.4283,0
6927,2.4252,0
6928,2.5539,0
6929,2.3384,0
6930,2.2140,0
6931,2.1837,0
6932,2.2517,0
6933,2.2403,0
6934,2.3370,0
6935,2.1789,0
6936,2.2160,0
6937,2.0312,0
6938,2.0800,0
6939,2.0081,0
6940,2.4230,0
6941,2.3631,0
6942,2.0652,0
6943,2.3579,0
6944,2.5818,0
6945,2.1928,0
6946,2.2467,0
6947,2.0562,0
6948,2.1217,0
6949,2.3487,0
6950,2.4334,0
6951,2.4397,0
6952,2.5012,0
6953,2.2787,0
6954,2.0455,0
6955,2.0454,0
6956,1.8915,0
6957,2.0468,0
6958,2.5514,0
6959,2.2268,0
6960,2.1266,0
6961,2.4018,0
6962,2.3534,0
6963,2.1192,0
6964,2.2407,0
6965,1.9897,0
6966,2.2635,0
6967,2.1166,0
6968,2.5641,0
6969,2.5144,0
6970,2.0487,0
6971,2.0004,0
6972,2.2114,0
6973,1.9109,0
6974,2.0219,0
6975,1.9903,0
6976,2.0653,0
6977,2.6193,0
6978,2.3100,0
6979,2.1955,0
6980,2.0823,0
6981,2.7035,0
6982,2.1859,0
6983,2.1756,0
6984,1.9856,0
6985,2.0623,0
6986,1.9723,0
6987,2.0970,0
6988,1.9907,0
6989,2.5048,0
6990,2.2015,0
6991,2.3269,0
6992,2.0714,0
6993,2.3689,0
6994,2.2594,0
6995,2.1405,0
6996,2.1463,0
6997,2.0695,0
6998,2.1617,0
6999,2.1723,0
7000,2.1897,0
7001,2.1709,0
7002,2.4183,0
7003,2.1033,0
7004,2.2529,0
7005,2.3770,0
7006,2.2459,0
7007,1.9909,0
7008,2.6119,0
7009,2.4588,0
7010,2.0901,0
7011,2.2173,0
7012,2.0656,0
7013,2.1815,0
7014,2.4886,0
7015,2.6219,0
7016,2.0038,0
7017,2.4950,0
7018,2.2592,0
7019,2.1718,0
7020,2.0355,0
7021,2.0862,0
7022,2.0559,0
7023,1.9948,0
7024,1.9947,0
7025,2.0050,0
7026,1.9573,0
7027,2.0743,0
7028,2.1056,0
7029,2.2053,0
7030,2.4338,0
7031,2.5360,0
7032,2.0310,0
7033,2.0404,0
7034,2.0954,0
7035,2.4141,0
7036,2.2711,0
7037,2.2582,0
7038,2.5028,0
7039,2.2634,0
7040,2.3350,0
7041,2.1283,0
7042,2.4162,0
7043,2.2819,0
7044,2.1393,0
7045,2.4746,0
7046,1.9211,0
7047,2.4478,0
7048,1.8801,0
7049,2.5500,0
7050,2.3978,0
7051,2.0054,0
7052,1.9118,0
7053,2.0155,0
7054,2.3132,0
7055,2.1783,0
7056,2.1144,0
7057,2.1988,0
7058,2.6630,0
7059,2.2160,0
7060,1.9215,0
7061,2.0442,0
7062,2.0020,0
7063,2.6092,0
7064,2.4249,0
7065,2.3590,0
7066,2.1401,0
7067,2.2053,0
7068,2.0886,0
7069,2.0319,0
7070,2.2014,0
7071,2.4763,0
7072,2.2389,0
7073,2.1714,0
7074,2.4769,0
7075,2.1496,0
7076,2.1364,0
7077,2.2238,0
7078,2.1997,0
7079,2.6155,0
7080,2.2121,0
7081,2.0120,0
7082,1.8255,0
7083,2.1875,0
7084,2.0831,0
7085,2.6115,0
7086,2.4176,0
7087,2.7000,0
7088,2.6188,0
7089,2.6052,0
7090,2.2185,0
7091,2.1559,0
7092,2.0632,0
7093,2.3085,0
7094,2.0694,0
7095,1.9203,0
7096,2.1745,0
7097,2.0356,0
7098,2.2023,0
7099,2.2461,0
7100,2.7776,0
7101,2.3499,0
7102,2.4384,0
7103,2.2360,0
7104,2.0723,0
7105,2.1287,0
7106,2.1002,0
7107,2.0382,0
7108,2.0665,0
7109,2.1351,0
7110,2.0161,0
7111,2.1709,0
7112,2.2427,0
7113,2.3244,0
7114,2.2902,0
7115,2.4465,0
7116,2.3957,0
7117,2.0279,0
7118,2.2088,0
7119,2.0274,0
7120,2.5993,0
7121,2.0299,0
7122,2.3616,0
7123,2.1526,0
7124,2.0801,0
7125,2.3991,0
7126,2.2765,0
7127,2.4267,0
7128,2.0184,0
7129,1.9883,0
7130,2.4482,0
7131,2.4174,0
7132,2.0697,0
7133,2.4546,0
7134,2.0417,0
7135,1.9937,0
7136,2.0871,0
7137,2.1159,0
7138,2.1663,0
7139,2.1087,0
7140,2.4163,0
7141,2.0635,0
7142,1.9891,0
7143,2.5247,0
7144,1.9962,0
7145,2.0782,0
7146,2.3417,0
7147,2.3541,0
7148,2.6788,0
7149,2.5148,0
7150,2.1533,0
7151,2.0023,0
7152,2.1640,0
7153,2.1667,0
7154,2.4483,0
7155,2.2052,0
7156,2.0221,0
7157,1.9344,0
7158,2.2260,0
7159,2.2558,0
7160,2.1315,0
7161,2.0621,0
7162,2.1536,0
7163,2.0386,0
7164,1.9800,0
7165,1.9503,0
7166,2.3182,0
7167,1.9415,0
7168,2.4256,0
7169,2.1099,0
7170,2.1736,0
7171,2.6024,0
7172,2.0155,0
7173,2.1891,0
7174,1.9273,0
7175,2.7169,0
7176,2.6218,0
7177,2.1765,0
7178,2.0520,0
7179,1.9283,0
7180,2.0172,0
7181,2.4547,0
7182,2.3529,0
7183,2.6345,0
7184,2.3977,0
7185,1.9491,0
7186,2.0900,0
7187,1.9990,0
7188,2.1961,0
7189,2.2100,0
7190,2.3562,0
7191,2.4888,0
7192,2.3295,0
7193,2.2385,0
7194,2.1303,0
7195,2.0875,0
7196,2.2452,0
7197,2.3107,0
7198,2.2759,0
7199,2.3650,0
7200,2.3305,0
7201,2.3150,0
7202,1.9153,0
7203,1.9406,0
7204,1.9621,0
7205,1.9617,0
7206,2.0039,0
7207,2.4914,0
7208,2.1576,0
7209,2.1071,0
7210,2.6445,0
7211,2.5238,0
7212,2.1576,0
7213,2.0813,0
7214,2.0591,0
7215,2.0412,0
7216,2.4966,0
7217,2.0954,0
7218,2.1851,0
7219,1.9489,0
7220,2.2671,0
7221,1.9927,0
7222,2.1067,0
7223,2.0260,0
7224,2.6347,0
7225,2.7809,0
7226,2.3799,0
7227,2.3877,0
7228,1.9158,0
7229,2.6262,0
7230,2.0216,0
7231,2.0874,0
7232,2.2726,0
7233,2.2719,0
7234,2.3310,0
7235,2.1369,0
7236,2.2592,0
7237,2.0707,0
7238,2.3538,0
7239,2.4585,0
7240,2.6609,0
7241,2.1022,0
7242,2.1900,0
7243,1.8215,0
7244,2.1728,0
7245,2.0295,0
7246,2.0030,0
7247,1.8652,0
7248,1.9575,0
7249,1.8869,0
7250,2.3062,0
7251,2.0200,0
7252,2.3380,0
7253,2.1666,0
7254,2.4103,0
7255,2.0156,0
7256,2.1040,0
7257,1.9352,0
7258,1.9706,0
7259,2.1778,0
7260,2.1771,0
7261,2.4082,0
7262,2.1682,0
7263,2.1685,0
7264,2.2553,0
7265,1.9126,0
7266,2.6298,0
7267,2.3536,0
7268,2.1967,0
7269,1.9586,0
7270,2.2641,0
7271,2.3026,0
7272,2.1515,0
7273,1.9748,0
7274,1.7523,0
7275,1.9434,0
7276,2.0545,0
7277,2.0540,0
7278,2.3430,0
7279,2.2113,0
7280,2.2743,0
7281,2.2060,0
7282,2.1394,0
7283,2.2180,0
7284,2.1073,0
7285,2.3366,0
7286,1.8372,0
7287,2.2906,0
7288,1.9866,0
7289,2.0133,0
7290,2.2127,0
7291,2.0238,0
7292,2.0550,0
7293,2.0936,0
7294,1.9911,0
7295,2.4709,0
7296,2.4356,0
7297,2.1503,0
7298,2.2004,0
7299,2.0637,0
7300,2.1234,0
7301,2.2215,0
7302,2.3337,0
7303,2.7289,0
7304,2.5267,0
7305,2.0637,0
7306,2.3222,0
7307,1.9484,0
7308,2.5505,0
7309,2.6227,0
7310,2.1968,0
7311,2.2504,0
7312,2.3491,0
7313,2.3275,0
7314,2.0825,0
7315,2.3487,0
7316,2.2964,0
7317,2.2192,0
7318,2.3497,0
7319,2.1736,0
7320,2.1083,0
7321,2.0529,0
7322,1.9813,0
7323,2.4256,0
7324,2.2989,0
7325,2.2052,0
7326,2.3404,0
7327,2.3219,0
7328,2.2207,0
7329,1.9417,0
7330,2.1647,0
7331,1.9868,0
7332,2.0663,0
7333,2.3595,0
7334,2.4977,0
7335,2.2320,0
7336,2.1991,0
7337,2.1448,0
7338,2.2493,0
7339,2.2709,0
7340,2.4676,0
7341,2.0720,0
7342,2.3234,0
7343,2.2409,0
7344,2.1614,0
7345,2.1165,0
7346,2.1059,0
7347,2.1740,0
7348,2.0205,0
7349,2.1406,0
7350,2.1404,0
7351,2.2001,0
7352,2.0746,0
7353,2.1941,0
7354,2.0598,0
7355,2.4452,0
7356,2.1110,0
7357,2.4288,0
7358,2.1674,0
7359,2.1395,0
7360,2.1903,0
7361,2.1955,0
7362,2.4567,0
7363,2.1130,0
7364,2.1636,0
7365,2.3003,0
7366,2.4815,0
7367,2.3156,0
7368,2.3028,0
7369,1.9620,0
7370,2.0220,0
7371,2.0699,0
7372,2.1472,0
7373,2.0397,0
7374,2.1605,0
7375,2.1482,0
7376,2.1305,0
7377,2.1198,0
7378,2.1878,0
7379,2.0783,0
7380,2.3133,0
7381,2.4210,0
7382,2.1426,0
7383,2.1392,0
7384,2.2588,0
7385,2.5588,0
7386,2.3214,0
7387,2.1145,0
7388,2.3976,0
7389,1.9967,0
7390,1.9243,0
7391,1.9550,0
7392,2.1351,0
7393,2.3695,0
7394,1.9634,0
7395,2.5018,0
7396,2.5252,0
7397,2.0861,0
7398,2.0797,0
7399,2.1072,0
7400,2.9205,0
7401,2.2302,0
7402,2.1654,0
7403,1.9990,0
7404,2.0454,0
7405,2.0452,0
7406,2.1448,0
7407,2.1885,0
7408,2.1682,0
7409,2.0774,0
7410,2.0728,0
7411,2.3525,0
7412,2.3403,0
7413,2.3026,0
7414,2.4531,0
7415,2.2601,0
7416,2.6492,0
7417,1.9447,0
7418,2.0594,0
7419,2.0125,0
7420,2.0082,0
7421,2.0362,0
7422,2.0819,0
7423,2.1068,0
7424,2.0708,0
7425,2.6404,0
7426,2.2325,0
7427,2.4256,0
7428,2.1806,0
7429,2.1385,0
7430,2.2315,0
7431,2.0009,0
7432,2.2101,0
7433,2.1637,0
7434,2.0638,0
7435,2.0349,0
7436,2.1620,0
7437,2.3793,0
7438,2.4242,0
7439,2.5754,0
7440,2.1797,0
7441,1.8758,0
7442,2.0751,0
7443,2.1799,0
7444,2.4026,0
7445,2.3046,0
7446,2.2773,0
7447,2.4568,0
7448,2.4632,0
7449,2.3640,0
7450,2.0779,0
7451,2.0842,0
7452,2.0203,0
7453,2.2051,0
7454,2.0891,0
7455,2.0903,0
7456,2.3537,0
7457,2.3251,0
7458,2.2685,0
7459,2.1635,0
7460,2.2184,0
7461,2.2437,0
7462,2.3780,0
7463,2.2886,0
7464,2.6017,0
7465,2.3161,0
7466,2.3369,0
7467,2.0111,0
7468,1.9048,0
7469,2.1140,0
7470,2.1991,0
7471,2.0833,0
7472,2.2140,0
7473,2.0727,0
7474,2.1696,0
7475,2.2649,0
7476,2.2278,0
7477,2.2666,0
7478,2.2190,0
7479,1.9749,0
7480,2.0526,0
7481,2.1112,0
7482,2.0900,0
7483,2.0497,0
7484,2.0993,0
7485,2.5942,0
7486,2.4340,0
7487,2.1735,0
7488,2.2792,0
7489,2.0773,0
7490,2.3705,0
7491,2.3612,0
7492,2.6001,0
7493,2.6473,0
7494,2.9151,0
7495,2.2812,0
7496,2.7256,0
7497,2.6017,0
7498,2.6311,0
7499,2.4076,0
7500,2.7086,0
7501,2.6646,0
7502,2.7889,0
7503,2.3859,0
7504,2.5336,0
7505,2.8286,0
7506,2.7667,0
7507,2.7347,0
7508,2.6665,0
7509,2.3652,0
7510,2.6556,0
7511,2.6637,0
7512,2.5809,0
7513,2.4008,0
7514,2.0936,0
7515,2.2128,0
7516,2.4854,0
7517,2.1882,0
7518,2.4297,0
7519,2.5267,0
7520,2.7127,0
7521,3.1039,0
7522,2.8488,0
7523,2.6559,0
7524,2.1857,0
7525,2.4407,0
7526,2.5678,0
7527,2.3798,0
7528,2.4531,0
7529,2.3994,0
7530,2.5628,0
7531,2.4251,0
7532,2.3746,0
7533,2.4656,0
7534,3.0096,0
7535,3.1768,0
7536,2.6954,0
7537,2.3464,0
7538,2.7470,0
7539,2.5555,0
7540,2.1337,0
7541,2.3218,0
7542,2.2131,0
7543,2.5706,0
7544,2.5806,0
7545,2.4659,0
7546,2.8468,0
7547,2.5527,0
7548,2.4770,0
7549,2.8613,0
7550,2.5114,0
7551,2.2010,0
7552,2.1569,0
7553,2.1082,0
7554,2.0358,0
7555,2.2566,0
7556,2.2064,0
7557,2.5137,0
7558,2.2112,0
7559,2.0278,0
7560,2.2041,0
7561,2.0049,0
7562,2.0931,0
7563,2.1955,0
7564,2.5284,0
7565,2.6267,0
7566,2.1795,0
7567,2.0348,0
7568,2.3127,0
7569,2.1809,0
7570,2.1852,0
7571,2.0269,0
7572,2.0674,0
7573,2.1482,0
7574,2.3562,0
7575,2.4478,0
7576,2.5084,0
7577,2.4648,0
7578,2.0765,0
7579,2.6147,0
7580,2.6070,0
7581,2.1430,0
7582,2.4052,0
7583,2.3014,0
7584,2.2293,0
7585,2.1085,0
7586,2.3312,0
7587,2.3114,0
7588,2.1534,0
7589,2.2737,0
7590,2.2237,0
7591,2.4903,0
7592,2.1550,0
7593,2.3066,0
7594,2.0949,0
7595,2.2783,0
7596,2.0115,0
7597,2.0352,0
7598,2.1991,0
7599,1.8812,0
7600,2.0658,0
7601,2.9509,0
7602,2.9564,0
7603,2.6697,0
7604,2.6346,0
7605,2.1796,0
7606,2.3607,0
7607,2.1825,0
7608,2.5860,0
7609,2.7013,0
7610,2.1289,0
7611,2.2358,0
7612,1.9901,0
7613,2.3056,0
7614,2.3441,0
7615,2.6307,0
7616,2.7094,0
7617,2.5665,0
7618,2.5772,0
7619,2.7023,0
7620,2.2984,0
7621,2.1732,0
7622,2.5852,0
7623,2.7091,0
7624,2.6735,0
7625,2.3952,0
7626,2.0778,0
7627,2.2885,0
7628,2.3058,0
7629,2.0416,0
7630,2.3085,0
7631,2.2390,0
7632,2.8429,0
7633,2.1619,0
7634,2.1198,0
7635,2.1097,0
7636,2.1827,0
7637,2.2498,0
7638,2.4108,0
7639,2.5192,0
7640,2.3038,0
7641,2.5527,0
7642,2.6495,0
7643,2.5831,0
7644,2.7628,0
7645,3.2110,0
7646,2.7830,0
7647,2.7247,0
7648,2.3759,0
7649,2.6044,0
7650,2.6089,0
7651,2.0793,0
7652,2.2892,0
7653,2.5061,0
7654,2.7930,0
7655,2.7824,0
7656,2.3836,0
7657,2.6073,0
7658,2.7610,0
7659,2.7282,0
7660,2.6835,0
7661,2.4275,0
7662,2.5246,0
7663,2.4008,0
7664,2.4248,0
7665,2.5226,0
7666,2.3237,0
7667,2.4686,0
7668,2.3879,0
7669,2.4025,0
7670,2.6836,0
7671,2.2524,0
7672,2.4770,0
7673,2.3640,0
7674,2.4403,0
7675,2.3825,0
7676,2.4515,0
7677,2.7986,0
7678,3.0272,0
7679,2.6864,0
7680,2.8037,0
7681,2.3076,0
7682,2.3309,0
7683,2.6727,0
7684,2.4288,0
7685,2.7320,0
7686,2.7643,0
7687,2.5347,0
7688,2.3642,0
7689,2.4911,0
7690,2.3672,0
7691,2.4489,0
7692,2.3620,0
7693,2.6869,0
7694,2.4978,0
7695,2.5647,0
7696,2.4605,0
7697,2.4360,0
7698,2.4994,0
7699,2.6902,0
7700,2.5126,0
7701,2.7102,0
7702,2.6433,0
7703,2.7268,0
7704,2.6327,0
7705,2.4816,0
7706,2.7654,0
7707,2.9554,0
7708,2.6989,0
7709,2.8996,0
7710,2.8634,0
7711,2.6672,0
7712,2.7155,0
7713,2.4722,0
7714,2.3190,0
7715,2.7540,0
7716,2.3011,0
7717,2.5741,0
7718,2.2965,0
7719,2.5583,0
7720,2.5778,0
7721,2.2725,0
7722,2.3915,0
7723,2.5834,0
7724,2.5791,0
7725,2.6048,0
7726,2.2312,0
7727,2.3951,0
7728,2.2625,0
7729,2.5106,0
7730,2.3395,0
7731,2.4775,0
7732,2.5707,0
7733,2.5273,0
7734,2.4277,0
7735,2.2355,0
7736,2.3132,0
7737,2.3568,0
7738,2.8195,0
7739,2.5621,0
7740,2.2926,0
7741,2.4425,0
7742,2.4595,0
7743,2.2912,0
7744,2.3962,0
7745,2.2037,0
7746,1.9582,0
7747,2.3834,0
7748,2.3369,0
7749,2.0887,0
7750,2.0945,0
7751,2.4804,0
7752,2.2256,0
7753,2.3545,0
7754,2.1661,0
7755,2.1659,0
7756,1.9990,0
7757,2.2581,0
7758,2.4748,0
7759,2.1816,0
7760,2.1028,0
7761,2.1117,0
7762,2.0871,0
7763,2.1482,0
7764,2.4015,0
7765,2.2287,0
7766,2.1763,0
7767,2.5008,0
7768,2.1623,0
7769,2.1373,0
7770,2.0856,0
7771,2.1953,0
7772,2.0907,0
7773,2.0284,0
7774,2.1889,0
7775,1.9544,0
7776,2.0137,0
7777,2.0984,0
7778,1.9571,0
7779,2.2374,0
7780,2.0293,0
7781,2.7760,0
7782,2.7372,0
7783,2.6324,0
7784,2.0667,0
7785,2.4493,0
7786,2.0736,0
7787,2.1094,0
7788,2.2909,0
7789,2.5366,0
7790,2.0405,0
7791,2.0803,0
7792,2.2924,0
7793,2.1181,0
7794,2.5927,0
7795,2.4470,0
7796,1.9673,0
7797,2.0429,0
7798,2.0154,0
7799,2.2147,0
7800,2.0434,0
7801,2.5605,0
7802,2.5493,0
7803,2.2334,0
7804,2.1256,0
7805,2.1174,0
7806,1.9546,0
7807,1.9441,0
7808,2.0329,0
7809,2.2007,0
7810,2.6251,0
7811,2.0115,0
7812,2.3423,0
7813,2.1292,0
7814,2.1773,0
7815,2.4287,0
7816,2.3564,0
7817,2.6533,0
7818,2.2149,0
7819,2.0560,0
7820,2.0296,0
7821,1.9852,0
7822,2.0876,0
7823,2.0531,0
7824,2.2131,0
7825,1.9162,0
7826,2.6197,0
7827,2.2612,0
7828,2.4717,0
7829,2.3762,0
7830,2.3225,0
7831,2.0677,0
7832,2.2596,0
7833,2.3961,0
7834,2.2698,0
7835,2.1361,0
7836,1.9927,0
7837,2.0597,0
7838,2.3016,0
7839,2.4422,0
7840,2.4626,0
7841,2.2209,0
7842,2.1315,0
7843,2.1288,0
7844,2.1747,0
7845,2.1209,0
7846,2.2734,0
7847,2.2705,0
7848,2.4858,0
7849,2.0705,0
7850,2.2640,0
7851,2.5284,0
7852,2.1630,0
7853,2.2834,0
7854,2.1234,0
7855,2.2359,0
7856,1.9005,0
7857,2.0905,0
7858,2.5231,0
7859,2.4021,0
7860,2.3442,0
7861,2.5655,0
7862,2.4587,0
7863,2.1603,0
7864,2.1455,0
7865,2.0836,0
7866,2.6316,0
7867,2.2214,0
7868,2.1038,0
7869,1.9656,0
7870,2.1298,0
7871,2.0896,0
7872,2.3093,0
7873,2.5613,0
7874,2.8394,0
7875,2.3940,0
7876,2.0495,0
7877,2.1025,0
7878,1.9610,0
7879,2.3170,0
7880,2.0828,0
7881,2.3311,0
7882,2.0786,0
7883,2.2321,0
7884,2.3405,0
7885,2.6522,0
7886,2.5422,0
7887,2.5114,0
7888,2.4842,0
7889,2.0939,0
7890,2.4404,0
7891,2.4112,0
7892,2.4758,0
7893,2.9409,0
7894,3.0278,0
7895,2.3116,0
7896,2.9409,0
7897,2.5388,0
7898,2.5382,0
7899,2.3892,0
7900,2.3224,0
7901,2.9388,0
7902,2.4405,0
7903,2.8765,0
7904,2.5125,0
7905,3.2357,0
7906,2.2574,0
7907,2.4529,0
7908,2.3499,0
7909,2.9381,0
7910,2.9463,0
7911,2.3400,0
7912,2.5127,0
7913,2.5745,0
7914,2.7001,0
7915,2.7034,0
7916,2.3892,0
7917,2.4813,0
7918,2.2707,0
7919,2.2899,0
7920,2.7710,0
7921,2.9872,0
7922,2.5279,0
7923,2.5712,0
7924,2.1291,0
7925,2.3590,0
7926,2.2876,0
7927,2.4718,0
7928,2.4211,0
7929,2.3386,0
7930,1.9728,0
7931,2.1225,0
7932,1.9668,0
7933,2.0517,0
7934,2.1295,0
7935,2.2004,0
7936,2.2776,0
7937,2.3811,0
7938,2.3814,0
7939,2.1756,0
7940,2.3011,0
7941,3.8807,0
7942,2.7656,0
7943,2.9755,0
7944,2.9761,0
7945,4.4814,0
7946,3.6383,0
7947,3.4213,0
7948,3.6288,0
7949,3.5447,0
7950,3.7114,0
7951,3.4954,0
7952,2.5540,0
7953,2.2836,0
7954,2.2330,0
7955,2.1136,0
7956,2.2769,0
7957,1.9530,0
7958,2.1290,0
7959,2.0266,0
7960,1.9367,0
7961,2.0418,0
7962,2.1110,0
7963,2.4298,0
7964,2.4807,0
7965,2.3695,0
7966,2.0989,0
7967,2.1209,0
7968,2.0195,0
7969,2.3292,0
7970,2.2927,0
7971,2.1630,0
7972,2.4083,0
7973,2.3352,0
7974,2.0216,0
7975,2.3174,0
7976,2.4745,0
7977,2.3402,0
7978,2.5842,0
7979,2.4146,0
7980,2.3213,0
7981,2.3317,0
7982,2.3240,0
7983,2.3231,0
7984,2.2761,0
7985,2.0047,0
7986,2.1068,0
7987,2.6525,0
7988,2.1456,0
7989,2.5992,0
7990,2.6511,0
7991,2.8273,0
7992,2.4404,0
7993,2.5221,0
7994,3.1986,0
7995,2.6405,0
7996,2.4386,0
7997,2.1990,0
7998,2.8559,0
7999,2.2424,0
8000,2.3293,0
8001,2.0374,0
8002,2.4665,0
8003,2.2042,0
8004,2.6084,0
8005,2.3338,0
8006,2.8592,0
8007,2.4788,0
8008,2.3319,0
8009,2.7129,0
8010,2.4965,0
8011,2.5781,0
8012,2.2609,0
8013,2.8367,0
8014,2.8065,0
8015,2.5054,0
8016,2.4707,0
8017,2.3270,0
8018,2.7324,0
8019,3.1065,0
8020,2.2865,0
8021,2.8115,0
8022,2.7073,0
8023,2.3572,0
8024,2.7410,0
8025,2.3184,0
8026,2.7610,0
8027,2.9962,0
8028,3.0305,0
8029,2.7002,0
8030,2.8250,0
8031,3.4187,0
8032,2.8400,0
8033,2.8595,0
8034,2.7574,0
8035,2.4268,0
8036,2.2666,0
8037,2.6454,0
8038,2.1805,0
8039,2.3423,0
8040,1.9613,0
8041,2.7660,0
8042,2.2758,0
8043,2.7045,0
8044,2.4812,0
8045,2.2722,0
8046,2.3348,0
8047,2.0372,0
8048,2.4540,0
8049,2.3333,0
8050,2.2574,0
8051,2.2478,0
8052,2.2592,0
8053,4.8874,0
8054,4.2798,0
8055,2.2307,0
8056,2.9179,0
8057,2.4022,0
8058,2.5212,0
8059,2.6717,0
8060,2.5951,0
8061,2.6780,0
8062,2.6927,0
8063,2.6405,0
8064,2.1444,0
8065,2.6550,0
8066,2.1016,0
8067,2.6314,0
8068,2.5151,0
8069,3.0527,0
8070,2.3665,0
8071,2.3202,0
8072,3.3880,0
8073,2.7660,0
8074,2.6606,0
8075,2.5340,0
8076,2.6093,0
8077,3.0959,0
8078,2.2680,0
8079,2.6037,0
8080,2.3604,0
8081,2.5630,0
8082,3.1871,0
8083,2.6259,0
8084,2.5354,0
8085,2.8300,0
8086,3.1277,0
8087,2.9536,0
8088,2.5838,0
8089,2.3621,0
8090,2.2668,0
8091,2.4923,0
8092,2.6337,0
8093,2.5791,0
8094,2.9678,0
8095,2.3229,0
8096,2.5185,0
8097,3.2576,0
8098,2.8666,0
8099,3.0418,0
8100,3.0321,0
8101,2.4675,0
8102,2.5523,0
8103,2.2252,0
8104,2.6072,0
8105,3.1234,0
8106,2.6672,0
8107,2.7016,0
8108,2.6152,0
8109,3.2230,0
8110,2.5041,0
8111,2.5752,0
8112,3.0076,0
8113,2.6614,0
8114,2.7005,0
8115,2.8477,0
8116,2.5542,0
8117,2.7156,0
8118,2.2723,0
8119,2.3017,0
8120,2.2520,0
8121,2.3921,0
8122,2.3003,0
8123,2.1938,0
8124,2.2556,0
8125,2.2354,0
8126,2.6483,0
8127,2.2367,0
8128,2.1810,0
8129,2.4527,0
8130,2.0998,0
8131,2.3351,0
8132,2.6211,0
8133,2.3064,0
8134,2.2554,0
8135,1.9495,0
8136,2.0058,0
8137,2.7478,0
8138,2.4114,0
8139,2.2204,0
8140,2.4285,0
8141,2.4267,0
8142,2.2399,0
8143,2.1276,0
8144,2.2377,0
8145,2.0598,0
8146,1.8956,0
8147,2.0285,0
8148,1.9580,0
8149,2.5311,0
8150,2.0496,0
8151,2.2856,0
8152,2.1294,0
8153,2.5913,0
8154,2.1219,0
8155,2.6633,0
8156,2.2958,0
8157,2.3918,0
8158,2.1345,0
8159,1.9285,0
8160,1.9759,0
8161,2.9032,0
8162,2.2825,0
8163,2.3107,0
8164,1.9813,0
8165,1.9604,0
8166,1.9616,0
8167,2.3150,0
8168,2.0517,0
8169,2.1593,0
8170,2.0038,0
8171,2.1333,0
8172,2.0518,0
8173,2.1590,0
8174,2.2354,0
8175,2.5541,0
8176,2.2103,0
8177,2.3342,0
8178,2.3103,0
8179,2.1587,0
8180,2.0266,0
8181,2.0205,0
8182,2.4055,0
8183,2.1956,0
8184,1.9741,0
8185,2.3458,0
8186,2.7795,0
8187,2.2778,0
8188,2.3228,0
8189,1.8239,0
8190,2.3699,0
8191,2.0267,0
8192,2.3225,0
8193,2.4898,0
8194,2.4497,0
8195,2.1080,0
8196,2.1784,0
8197,3.0578,0
8198,2.5684,0
8199,2.2936,0
8200,2.2261,0
8201,2.1238,0
8202,1.8926,0
8203,2.1753,0
8204,2.2261,0
8205,2.0855,0
8206,2.0419,0
8207,2.3383,0
8208,2.2552,0
8209,2.5813,0
8210,2.3523,0
8211,2.3096,0
8212,2.2702,0
8213,2.3985,0
8214,2.1123,0
8215,2.1997,0
8216,2.1633,0
8217,2.2135,0
8218,2.0860,0
8219,2.4679,0
8220,2.3079,0
8221,2.2614,0
8222,2.0600,0
8223,2.2293,0
8224,2.3026,0
8225,2.0009,0
8226,1.9057,0
8227,2.5251,0
8228,2.0178,0
8229,2.6304,0
8230,2.1120,0
8231,2.0461,0
8232,2.5136,0
8233,2.3408,0
8234,2.2634,0
8235,1.8680,0
8236,2.2071,0
8237,2.0170,0
8238,2.2491,0
8239,2.2222,0
8240,2.0682,0
8241,2.0871,0
8242,2.1506,0
8243,2.2550,0
8244,2.1685,0
8245,2.1726,0
8246,2.4310,0
8247,2.2782,0
8248,2.2070,0
8249,2.5870,0
8250,2.2170,0
8251,2.5928,0
8252,2.4999,0
8253,2.3249,0
8254,2.1329,0
8255,2.2467,0
8256,2.1057,0
8257,2.3587,0
8258,1.9560,0
8259,1.9608,0
8260,2.0709,0
8261,2.1488,0
8262,2.0077,0
8263,2.0216,0
8264,2.2206,0
8265,2.2646,0
8266,4.1225,0
8267,3.7981,0
8268,2.7745,0
8269,2.4027,0
8270,2.7945,0
8271,2.3483,0
8272,2.8879,0
8273,2.1514,0
8274,2.6607,0
8275,2.3888,0
8276,2.6797,0
8277,3.2564,0
8278,2.4243,0
8279,2.6700,0
8280,2.6178,0
8281,2.8590,0
8282,2.4959,0
8283,2.6867,0
8284,3.0437,0
8285,2.7581,0
8286,2.9300,0
8287,4.0557,0
8288,4.6130,0
8289,3.3462,0
8290,3.0548,0
8291,2.2900,0
8292,3.0481,0
8293,2.3889,0
8294,2.6584,0
8295,2.5655,0
8296,2.5298,0
8297,2.3889,0
8298,3.0745,0
8299,2.3525,0
8300,2.2989,0
8301,2.5547,0
8302,2.0851,0
8303,2.5791,0
8304,2.1127,0
8305,2.8176,0
8306,2.4607,0
8307,1.9858,0
8308,2.7835,0
8309,1.8770,0
8310,2.8141,0
8311,2.0982,0
8312,2.6087,0
8313,2.9303,0
8314,2.5470,0
8315,2.1628,0
8316,2.7818,0
8317,2.5154,0
8318,2.6186,0
8319,2.4243,0
8320,2.5580,0
8321,2.3401,0
8322,2.8286,0
8323,3.1067,0
8324,2.5533,0
8325,2.2756,0
8326,3.0164,0
8327,2.9699,0
8328,2.3985,0
8329,2.4734,0
8330,2.4383,0
8331,2.6067,0
8332,2.3012,0
8333,2.6123,0
8334,2.1102,0
8335,2.8828,0
8336,2.3428,0
8337,2.8096,0
8338,2.3885,0
8339,2.6628,0
8340,2.1754,0
8341,2.5345,0
8342,1.9092,0
8343,2.7250,0
8344,2.3611,0
8345,1.9426,0
8346,2.5316,0
8347,2.4534,0
8348,2.8348,0
8349,2.1976,0
8350,2.6172,0
8351,2.5995,0
8352,2.2674,0
8353,2.7466,0
8354,2.4323,0
8355,2.7075,0
8356,2.3625,0
8357,2.5580,0
8358,2.4436,0
8359,2.3170,0
8360,2.4759,0
8361,2.8684,0
8362,2.7106,0
8363,2.9349,0
8364,2.2447,0
8365,2.9668,0
8366,2.3124,0
8367,2.6686,0
8368,2.8847,0
8369,2.6031,0
8370,2.4139,0
8371,2.3707,0
8372,2.3203,0
8373,2.9249,0
8374,2.6308,0
8375,2.8985,0
8376,2.3403,0
8377,2.5125,0
8378,2.9017,0
8379,3.1157,0
8380,2.3483,0
8381,2.4908,0
8382,2.6061,0
8383,2.6745,0
8384,2.7459,0
8385,2.3125,0
8386,1.9299,0
8387,2.5057,0
8388,2.1014,0
8389,1.9847,0
8390,2.0980,0
8391,1.9506,0
8392,1.8495,0
8393,2.2331,0
8394,1.9922,0
8395,2.1636,0
8396,1.9187,0
8397,2.1849,0
8398,2.2285,0
8399,1.9677,0
8400,2.1458,0
8401,2.5921,0
8402,2.2285,0
8403,2.2738,0
8404,2.5732,0
8405,2.1700,0
8406,2.2310,0
8407,2.4264,0
8408,2.5363,0
8409,2.1671,0
8410,2.5911,0
8411,2.5785,0
8412,2.3398,0
8413,2.3588,0
8414,2.4597,0
8415,2.5426,0
8416,2.0333,0
8417,2.3706,0
8418,1.8608,0
8419,2.3328,0
8420,2.2291,0
8421,2.4583,0
8422,2.5375,0
8423,2.2206,0
8424,2.1137,0
8425,1.8917,0
8426,2.5658,0
8427,2.0114,0
8428,2.1625,0
8429,1.9722,0
8430,2.2855,0
8431,2.0383,0
8432,2.0455,0
8433,2.2217,0
8434,2.3911,0
8435,2.2065,0
8436,2.1696,0
8437,2.1153,0
8438,2.1839,0
8439,2.3872,0
8440,2.2347,0
8441,2.2657,0
8442,2.2862,0
8443,2.2108,0
8444,2.1642,0
8445,2.3246,0
8446,2.2661,0
8447,2.1903,0
8448,2.3255,0
8449,2.2675,0
8450,2.2602,0
8451,2.2200,0
8452,2.0481,0
8453,2.1419,0
8454,1.9900,0
8455,2.1391,0
8456,2.1769,0
8457,2.2627,0
8458,2.4358,0
8459,2.1842,0
8460,2.2143,0
8461,2.6473,0
8462,2.0830,0
8463,2.0997,0
8464,2.1780,0
8465,2.5043,0
8466,2.5529,0
8467,2.2133,0
8468,2.8583,0
8469,2.5091,0
8470,2.2818,0
8471,2.4201,0
8472,1.9502,0
8473,2.7873,0
8474,2.0054,0
8475,2.8574,0
8476,2.8841,0
8477,2.7260,0
8478,2.8909,0
8479,2.5118,0
8480,2.3372,0
8481,2.1493,0
8482,2.0239,0
8483,2.5328,0
8484,2.4523,0
8485,2.7848,0
8486,2.1423,0
8487,2.9338,0
8488,2.5449,0
8489,2.6697,0
8490,2.6648,0
8491,2.1503,0
8492,2.4834,0
8493,1.9988,0
8494,2.2970,0
8495,2.0456,0
8496,2.3914,0
8497,2.0378,0
8498,2.2047,0
8499,1.9913,0
8500,2.1276,0
8501,2.2155,0
8502,2.2577,0
8503,2.1589,0
8504,2.0908,0
8505,1.9033,0
8506,2.3078,0
8507,2.1142,0
8508,2.2352,0
8509,2.2688,0
8510,2.1647,0
8511,2.0605,0
8512,2.0790,0
8513,2.1356,0
8514,2.3715,0
8515,2.8824,0
8516,3.2153,0
8517,2.5819,0
8518,2.3886,0
8519,2.6593,0
8520,2.4952,0
8521,2.7621,0
8522,2.5377,0
8523,2.5818,0
8524,3.1792,0
8525,2.7092,0
8526,2.9892,0
8527,3.1732,0
8528,2.9970,0
8529,2.4378,0
8530,2.5500,0
8531,2.8881,0
8532,2.7261,0
8533,2.8669,0
8534,2.0518,0
8535,3.2729,0
8536,2.2097,0
8537,2.7912,0
8538,2.2492,0
8539,2.2255,0
8540,2.2478,0
8541,2.0676,0
8542,2.1701,0
8543,1.9521,0
8544,2.2651,0
8545,1.9612,0
8546,2.2535,0
8547,1.8978,0
8548,2.2098,0
8549,2.1005,0
8550,2.1534,0
8551,2.1357,0
8552,2.2829,0
8553,2.1912,0
8554,2.0147,0
8555,1.9680,0
8556,2.7250,0
8557,2.1249,0
8558,2.4770,0
8559,2.4025,0
8560,2.8044,0
8561,2.6372,0
8562,2.6528,0
8563,2.6257,0
8564,3.1119,0
8565,3.1318,0
8566,2.3466,0
8567,2.4909,0
8568,2.5014,0
8569,2.4211,0
8570,2.4374,0
8571,2.6066,0
8572,2.4740,0
8573,2.6822,0
8574,2.5831,0
8575,2.6653,0
8576,2.7320,0
8577,2.7560,0
8578,2.5205,0
8579,2.7434,0
8580,2.0578,0
8581,1.9296,0
8582,2.4745,0
8583,2.0147,0
8584,2.3290,0
8585,2.1853,0
8586,2.0956,0
8587,2.9045,0
8588,2.2104,0
8589,2.1730,0
8590,2.1532,0
8591,2.1956,0
8592,2.1819,0
8593,2.2592,0
8594,2.3619,0
8595,3.1520,0
8596,2.6194,0
8597,3.1414,0
8598,2.7586,0
8599,2.7752,0
8600,2.3077,0
8601,2.4583,0
8602,2.3385,0
8603,3.1313,0
8604,2.7154,0
8605,2.3707,0
8606,2.5186,0
8607,2.7927,0
8608,2.8850,0
8609,2.8475,0
8610,2.4028,0
8611,2.2426,0
8612,2.7878,0
8613,2.8616,0
8614,3.1087,0
8615,2.9961,0
8616,2.0863,0
8617,2.0910,0
8618,2.1091,0
8619,2.0047,0
8620,2.1801,0
8621,2.1099,0
8622,2.3241,0
8623,2.0845,0
8624,2.3770,0
8625,2.1961,0
8626,2.7907,0
8627,2.4391,0
8628,2.2057,0
8629,2.4368,0
8630,2.9875,0
8631,2.4415,0
8632,2.3873,0
8633,2.2955,0
8634,2.4673,0
8635,2.6232,0
8636,2.6238,0
8637,3.0662,0
8638,3.0332,0
8639,2.8535,0
8640,2.3979,0
8641,2.6995,0
8642,2.8516,0
8643,2.3185,0
8644,2.8706,0
8645,2.8979,0
8646,2.3448,0
8647,2.7065,0
8648,2.7427,0
8649,2.2516,0
8650,2.7578,0
8651,2.2843,0
8652,2.1941,0
8653,2.2539,0
8654,2.2419,0
8655,2.1848,0
8656,2.0273,0
8657,2.2908,0
8658,2.2573,0
8659,2.3277,0
8660,2.2068,0
8661,2.0791,0
8662,3.0790,0
8663,3.0286,0
8664,2.4915,0
8665,2.5152,0
8666,2.6513,0
8667,2.4890,0
8668,2.6545,0
8669,2.3445,0
8670,2.5044,0
8671,2.7854,0
8672,3.0682,0
8673,2.4115,0
8674,2.7967,0
8675,2.5988,0
8676,2.7605,0
8677,2.5076,0
8678,2.3800,0
8679,2.7380,0
8680,2.3994,0
8681,2.7415,0
8682,2.5447,0
8683,2.8403,0
8684,2.4437,0
8685,2.5086,0
8686,1.9510,0
8687,2.0645,0
8688,2.3812,0
8689,2.1464,0
8690,2.2319,0
8691,2.0606,0
8692,2.0520,0
8693,2.2494,0
8694,2.4526,0
8695,2.2560,0
8696,2.0852,0
8697,2.0306,0
8698,2.1969,0
8699,2.2432,0
8700,2.2059,0
8701,2.1917,0
8702,2.4121,0
8703,2.4251,0
8704,2.1464,0
8705,2.1554,0
8706,2.1368,0
8707,2.0820,0
8708,2.2093,0
8709,2.5386,0
8710,4.1455,0
8711,2.4311,0
8712,2.3072,0
8713,2.6111,0
8714,1.9868,0
8715,2.3365,0
8716,2.0353,0
8717,2.8804,0
8718,2.4242,0
8719,2.4996,0
8720,2.3945,0
8721,2.7830,0
8722,2.4354,0
8723,2.1240,0
8724,2.3207,0
8725,2.5809,0
8726,2.3840,0
8727,1.9972,0
8728,2.3685,0
8729,2.5549,0
8730,2.0958,0
8731,2.5386,0
8732,2.6090,0
8733,2.5434,0
8734,2.1899,0
8735,2.5757,0
8736,2.1437,0
8737,2.6391,0
8738,2.8987,0
8739,2.5243,0
8740,2.3833,0
8741,2.0438,0
8742,1.9205,0
8743,1.9779,0
8744,2.0034,0
8745,2.7819,0
8746,2.3916,0
8747,2.3720,0
8748,2.0478,0
8749,2.4739,0
8750,2.4400,0
8751,1.9078,0
8752,1.9045,0
8753,2.0125,0
8754,2.1747,0
8755,2.1245,0
8756,2.4339,0
8757,2.0965,0
8758,2.3470,0
8759,2.5348,0
8760,2.2789,0
8761,2.0342,0
8762,2.1562,0
8763,1.9940,0
8764,2.6146,0
8765,2.3962,0
8766,2.1477,0
8767,2.2751,0
8768,2.6569,0
8769,2.6042,0
8770,2.2280,0
8771,2.4548,0
8772,2.7939,0
8773,2.1437,0
8774,1.9808,0
8775,2.0985,0
8776,2.0871,0
8777,2.3761,0
8778,2.4789,0
8779,2.0280,0
8780,2.3763,0
8781,3.1347,0
8782,2.4524,0
8783,2.4477,0
8784,2.0307,0
8785,2.1029,0
8786,2.1432,0
8787,2.1687,0
8788,2.0352,0
8789,2.3107,0
8790,2.1028,0
8791,2.3321,0
8792,2.3634,0
8793,2.2719,0
8794,2.3253,0
8795,2.2601,0
8796,2.0977,0
8797,2.1109,0
8798,2.4214,0
8799,2.0207,0
8800,1.9788,0
8801,2.2024,0
8802,2.8162,0
8803,2.0217,0
8804,2.2450,0
8805,2.0426,0
8806,2.1355,0
8807,2.1609,0
8808,2.8812,0
8809,2.5516,0
8810,2.2394,0
8811,2.4584,0
8812,2.1224,0
8813,2.2244,0
8814,2.1682,0
8815,2.0377,0
8816,2.0893,0
8817,2.3353,0
8818,2.1195,0
8819,2.0986,0
8820,1.9942,0
8821,2.1253,0
8822,2.2023,0
8823,2.3304,0
8824,2.1435,0
8825,2.1358,0
8826,2.1618,0
8827,2.1945,0
8828,2.2282,0
8829,2.3444,0
8830,2.1044,0
8831,2.0708,0
8832,2.0376,0
8833,2.4840,0
8834,2.5997,0
8835,2.5016,0
8836,2.2349,0
8837,2.9196,0
8838,2.5646,0
8839,2.6326,0
8840,2.6252,0
8841,2.5110,0
8842,2.6277,0
8843,2.3482,0
8844,2.2671,0
8845,2.7610,0
8846,2.7447,0
8847,2.5662,0
8848,2.6223,0
8849,2.6670,0
8850,2.8436,0
8851,2.5323,0
8852,2.7425,0
8853,2.7522,0
8854,3.0061,0
8855,3.2189,0
8856,2.9369,0
8857,2.6271,0
8858,2.7353,0
8859,2.5681,0
8860,3.0350,0
8861,2.5817,0
8862,3.1106,0
8863,2.7686,0
8864,3.3202,0
8865,3.2795,0
8866,2.8262,0
8867,2.8476,0
8868,2.6643,0
8869,2.9119,0
8870,2.7194,0
8871,2.5198,0
8872,3.0672,0
8873,2.7713,0
8874,3.1443,0
8875,3.1642,0
8876,3.0103,0
8877,2.9880,0
8878,2.9443,0
8879,3.1299,0
8880,2.7736,0
8881,2.6580,0
8882,2.7896,0
8883,2.5770,0
8884,2.5593,0
8885,2.5477,0
8886,2.6481,0
8887,2.3231,0
8888,2.3122,0
8889,2.4551,0
8890,2.4185,0
8891,2.6782,0
8892,2.3823,0
8893,2.6232,0
8894,2.2829,0
8895,2.5542,0
8896,2.5488,0
8897,2.5110,0
8898,2.4394,0
8899,2.5944,0
8900,2.7037,0
8901,2.6616,0
8902,2.5057,0
8903,2.5365,0
8904,2.2517,0
8905,2.5004,0
8906,2.2554,0
8907,2.4678,0
8908,2.4672,0
8909,2.4363,0
8910,2.7438,0
8911,2.2166,0
8912,2.4195,0
8913,2.1745,0
8914,2.3965,0
8915,2.5186,0
8916,2.8698,0
8917,2.7516,0
8918,2.6973,0
8919,2.6766,0
8920,2.6636,0
8921,2.7431,0
8922,2.5775,0
8923,2.9092,0
8924,2.5633,0
8925,2.3708,0
8926,2.6160,0
8927,2.5092,0
8928,2.9112,0
8929,2.8182,0
8930,2.7655,0
8931,2.8696,0
8932,3.0197,0
8933,3.0618,0
8934,3.0038,0
8935,3.2248,0
8936,3.0105,0
8937,3.4136,0
8938,3.4510,0
8939,3.6221,0
8940,3.6808,0
8941,2.9340,0
8942,2.9344,0
8943,3.5740,0
8944,2.9297,0
8945,2.7640,0
8946,2.9279,0
8947,3.2277,0
8948,3.5119,0
8949,2.8572,0
8950,3.1198,0
8951,3.1346,0
8952,3.0484,0
8953,3.2766,0
8954,2.7336,0
8955,2.8543,0
8956,2.7129,0
8957,3.3154,0
8958,2.6850,0
8959,2.7559,0
8960,2.4716,0
8961,2.5297,0
8962,2.4285,0
8963,2.8778,0
8964,2.8539,0
8965,2.8524,0
8966,2.6898,0
8967,2.8094,0
8968,2.7233,0
8969,2.5342,0
8970,3.2650,0
8971,2.4460,0
8972,2.3250,0
8973,2.5270,0
8974,2.7151,0
8975,2.7737,0
8976,2.7085,0
8977,2.6316,0
8978,3.1479,0
8979,3.0469,0
8980,2.8948,0
8981,2.9393,0
8982,3.3190,0
8983,2.6675,0
8984,2.8732,0
8985,2.9812,0
8986,2.8501,0
8987,2.6991,0
8988,2.6375,0
8989,2.5250,0
8990,2.4744,0
8991,2.2954,0
8992,2.5588,0
8993,2.6914,0
8994,2.7025,0
8995,2.5296,0
8996,2.6822,0
8997,2.5483,0
8998,2.7193,0
8999,2.6300,0
9000,2.5908,0
9001,2.8531,0
9002,2.8216,0
9003,2.6031,0
9004,2.6189,0
9005,2.4962,0
9006,2.4906,0
9007,2.7946,0
9008,2.9743,0
9009,3.1423,0
9010,2.9895,0
9011,3.7348,0
9012,3.1976,0
9013,2.6598,0
9014,3.3000,0
9015,2.7861,0
9016,2.8009,0
9017,2.5652,0
9018,2.5245,0
9019,2.7040,0
9020,2.8518,0
9021,2.9749,0
9022,2.9023,0
9023,2.6026,0
9024,2.7172,0
9025,2.6846,0
9026,2.5568,0
9027,2.4367,0
9028,2.7042,0
9029,3.0413,0
9030,2.4973,0
9031,6.2349,0
9032,6.1284,0
9033,6.2111,0
9034,6.0200,0
9035,6.2700,0
9036,6.2182,0
9037,6.0478,0
9038,5.9455,0
9039,6.3706,0
9040,5.9131,0
9041,6.0898,0
9042,5.9460,0
9043,6.0148,0
9044,26.0459,1
9045,2.9176,0
9046,2.9306,0
9047,3.1688,0
9048,2.6685,0
9049,2.5193,0
9050,3.1722,0
9051,3.2323,0
9052,2.7897,0
9053,2.8561,0
9054,2.8522,0
9055,3.3768,0
9056,2.8100,0
9057,2.8185,0
9058,3.2801,0
9059,2.9908,0
9060,3.0126,0
9061,3.0055,0
9062,2.5708,0
9063,2.6194,0
9064,2.5450,0
9065,2.4375,0
9066,2.6741,0
9067,2.4917,0
9068,2.2625,0
9069,2.4929,0
9070,2.3077,0
9071,2.5312,0
9072,2.3389,0
9073,2.7446,0
9074,2.8232,0
9075,2.3322,0
9076,2.3101,0
9077,2.2708,0
9078,2.4547,0
9079,2.6761,0
9080,2.4865,0
9081,2.5389,0
9082,2.6372,0
9083,2.7379,0
9084,2.7988,0
9085,2.8001,0
9086,2.7522,0
9087,2.6178,0
9088,2.4957,0
9089,2.8343,0
9090,2.8415,0
9091,2.7129,0
9092,3.3811,0
9093,2.8709,0
9094,2.7771,0
9095,2.6537,0
9096,2.8867,0
9097,2.8162,0
9098,3.0369,0
9099,2.5093,0
9100,2.5742,0
9101,2.6484,0
9102,2.4202,0
9103,2.6454,0
9104,2.5875,0
9105,2.4592,0
9106,2.6041,0
9107,2.6704,0
9108,2.5792,0
9109,2.5416,0
9110,2.5910,0
9111,3.1327,0
9112,2.5955,0
9113,2.7892,0
9114,2.6961,0
9115,2.8548,0
9116,2.6983,0
9117,2.3390,0
9118,2.5423,0
9119,2.7879,0
9120,2.6604,0
9121,2.6089,0
9122,2.4987,0
9123,2.4686,0
9124,3.0799,0
9125,2.2614,0
9126,2.5604,0
9127,2.5721,0
9128,2.0330,0
9129,2.3275,0
9130,2.2606,0
9131,2.3557,0
9132,2.2744,0
9133,2.3740,0
9134,2.2941,0
9135,2.3427,0
9136,2.4061,0
9137,2.6452,0
9138,2.3192,0
9139,2.4606,0
9140,2.7528,0
9141,2.3061,0
9142,2.4932,0
9143,2.6987,0
9144,2.7736,0
9145,2.6782,0
9146,2.7613,0
9147,2.7115,0
9148,2.7059,0
9149,2.8411,0
9150,2.9158,0
9151,3.0481,0
9152,2.6698,0
9153,2.4444,0
9154,2.8912,0
9155,2.5208,0
9156,2.5699,0
9157,2.7796,0
9158,2.8771,0
9159,2.7909,0
9160,2.7031,0
9161,2.6637,0
9162,2.8381,0
9163,2.5066,0
9164,2.5414,0
9165,2.3905,0
9166,2.4623,0
9167,2.2132,0
9168,2.2448,0
9169,2.2520,0
9170,2.1859,0
9171,2.2625,0
9172,2.3456,0
9173,2.2871,0
9174,2.2913,0
9175,2.3403,0
9176,2.3613,0
9177,2.2808,0
9178,2.3908,0
9179,2.0630,0
9180,2.7966,0
9181,2.3622,0
9182,2.3662,0
9183,2.0080,0
9184,2.6211,0
9185,1.9578,0
9186,2.3278,0
9187,2.2906,0
9188,1.9957,0
9189,2.0810,0
9190,2.1096,0
9191,2.1189,0
9192,2.6560,0
9193,2.0873,0
9194,2.2258,0
9195,2.2697,0
9196,2.5630,0
9197,2.5637,0
9198,2.6025,0
9199,2.2529,0
9200,2.4625,0
9201,2.0010,0
9202,2.4591,0
9203,2.4972,0
9204,2.5297,0
9205,2.4691,0
9206,2.1294,0
9207,2.1451,0
9208,2.3117,0
9209,2.3932,0
9210,2.1922,0
9211,2.0449,0
9212,2.0226,0
9213,2.6389,0
9214,2.4569,0
9215,2.3996,0
9216,2.4383,0
9217,2.3379,0
9218,2.0082,0
9219,2.0433,0
9220,2.2407,0
9221,2.0716,0
9222,2.3062,0
9223,2.5337,0
9224,2.0447,0
9225,2.1322,0
9226,2.0448,0
9227,2.0704,0
9228,2.4930,0
9229,2.6714,0
9230,2.2269,0
9231,2.3154,0
9232,2.6917,0
9233,2.3675,0
9234,2.0626,0
9235,2.4731,0
9236,2.0546,0
9237,2.2237,0
9238,2.4493,0
9239,2.1865,0
9240,1.9742,0
9241,2.2765,0
9242,2.0212,0
9243,2.1564,0
9244,2.2366,0
9245,2.1563,0
9246,2.0727,0
9247,2.7187,0
9248,2.2678,0
9249,2.0509,0
9250,2.2810,0
9251,2.1922,0
9252,2.1160,0
9253,2.0884,0
9254,2.1940,0
9255,2.2020,0
9256,2.0855,0
9257,2.1862,0
9258,2.2019,0
9259,2.1372,0
9260,2.0937,0
9261,2.2090,0
9262,2.6455,0
9263,2.4098,0
9264,1.9880,0
9265,2.6422,0
9266,2.3819,0
9267,2.4599,0
9268,2.2272,0
9269,2.0880,0
9270,2.3899,0
9271,2.1365,0
9272,2.0158,0
9273,2.2825,0
9274,2.3180,0
9275,2.3490,0
9276,2.1381,0
9277,2.4543,0
9278,2.4025,0
9279,2.5389,0
9280,2.1022,0
9281,2.1708,0
9282,2.2799,0
9283,2.0186,0
9284,2.4153,0
9285,2.2066,0
9286,2.3622,0
9287,2.2609,0
9288,2.5136,0
9289,2.1870,0
9290,2.5362,0
9291,2.5577,0
9292,2.3754,0
9293,2.2061,0
9294,2.7064,0
9295,2.6707,0
9296,2.3551,0
9297,2.1170,0
9298,2.3465,0
9299,2.4590,0
9300,2.3405,0
9301,2.3695,0
9302,2.6390,0
9303,2.2607,0
9304,1.9009,0
9305,2.1540,0
9306,1.9720,0
9307,2.3237,0
9308,2.2409,0
9309,2.3397,0
9310,2.4525,0
9311,2.1888,0
9312,2.2637,0
9313,2.6736,0
9314,2.2134,0
9315,2.1537,0
9316,2.1815,0
9317,2.1158,0
9318,2.4645,0
9319,2.9658,0
9320,2.6556,0
9321,2.4531,0
9322,2.1419,0
9323,1.9796,0
9324,2.1951,0
9325,2.1187,0
9326,2.0612,0
9327,2.0600,0
9328,2.4889,0
9329,2.7284,0
9330,2.1714,0
9331,2.2801,0
9332,2.1090,0
9333,1.9399,0
9334,2.0881,0
9335,1.9309,0
9336,2.6486,0
9337,2.0144,0
9338,2.1751,0
9339,1.9253,0
9340,2.6651,0
9341,2.5157,0
9342,1.9159,0
9343,1.9565,0
9344,1.9284,0
9345,2.0803,0
9346,1.9811,0
9347,2.6882,0
9348,2.5502,0
9349,2.1913,0
9350,1.9239,0
9351,2.5766,0
9352,2.0467,0
9353,2.6631,0
9354,3.0108,0
9355,2.5684,0
9356,2.4526,0
9357,2.4655,0
9358,1.9330,0
9359,2.6025,0
9360,2.7092,0
9361,2.6625,0
9362,1.9635,0
9363,2.5311,0
9364,1.9248,0
9365,1.8252,0
9366,2.0039,0
9367,2.6761,0
9368,2.4988,0
9369,2.1258,0
9370,2.7134,0
9371,1.9401,0
9372,2.4153,0
9373,2.2435,0
9374,2.1630,0
9375,2.2001,0
9376,2.5159,0
9377,2.6757,0
9378,2.3813,0
9379,2.5371,0
9380,1.9498,0
9381,2.6577,0
9382,2.3069,0
9383,1.9292,0
9384,2.4415,0
9385,1.8997,0
9386,2.0502,0
9387,2.5194,0
9388,2.4644,0
9389,2.5089,0
9390,2.3834,0
9391,2.3971,0
9392,2.0179,0
9393,2.1887,0
9394,2.5877,0
9395,2.2942,0
9396,2.2310,0
9397,2.3641,0
9398,2.1452,0
9399,2.4161,0
9400,2.5110,0
9401,2.3818,0
9402,2.3321,0
9403,2.2636,0
9404,2.3103,0
9405,2.1352,0
9406,2.3730,0
9407,2.2868,0
9408,2.3690,0
9409,2.2566,0
9410,2.3069,0
9411,2.2676,0
9412,2.5419,0
9413,2.2688,0
9414,2.3024,0
9415,2.1691,0
9416,2.1640,0
9417,2.3889,0
9418,2.2135,0
9419,2.3627,0
9420,1.9586,0
9421,2.1401,0
9422,2.2180,0
9423,2.2489,0
9424,2.1368,0
9425,2.1060,0
9426,2.0476,0
9427,2.4118,0
9428,2.4182,0
9429,2.1730,0
9430,2.1146,0
9431,2.0462,0
9432,2.5578,0
9433,2.4377,0
9434,2.1074,0
9435,2.0878,0
9436,2.1823,0
9437,2.3415,0
9438,2.2160,0
9439,2.2068,0
9440,2.0681,0
9441,2.1597,0
9442,2.3464,0
9443,2.1878,0
9444,2.1214,0
9445,2.4026,0
9446,2.0113,0
9447,2.2175,0
9448,1.9963,0
9449,2.3038,0
9450,2.3481,0
9451,2.2599,0
9452,2.2966,0
9453,2.2589,0
9454,2.4458,0
9455,2.2675,0
9456,2.4212,0
9457,2.1244,0
9458,2.2674,0
9459,2.2135,0
9460,1.8583,0
9461,2.0337,0
9462,2.0483,0
9463,2.1947,0
9464,2.1921,0
9465,2.0374,0
9466,2.4802,0
9467,2.4448,0
9468,2.4294,0
9469,2.5449,0
9470,2.2667,0
9471,2.4157,0
9472,2.2485,0
9473,2.0304,0
9474,2.3230,0
9475,2.3930,0
9476,2.2430,0
9477,2.1006,0
9478,1.9629,0
9479,2.1173,0
9480,2.0908,0
9481,2.2659,0
9482,2.2930,0
9483,2.1631,0
9484,2.5707,0
9485,2.2890,0
9486,2.4661,0
9487,2.3290,0
9488,2.1969,0
9489,2.0934,0
9490,2.4082,0
9491,2.2050,0
9492,2.2186,0
9493,2.1111,0
9494,2.3869,0
9495,2.1735,0
9496,2.3433,0
9497,2.5956,0
9498,2.3381,0
9499,2.3591,0
9500,1.9066,0
9501,2.0902,0
9502,1.8924,0
9503,2.1132,0
9504,2.0727,0
9505,2.1678,0
9506,2.1801,0
9507,2.0733,0
9508,2.0724,0
9509,2.1944,0
9510,2.1003,0
9511,2.1881,0
9512,2.1986,0
9513,2.3449,0
9514,2.8884,0
9515,2.4725,0
9516,2.3528,0
9517,2.3584,0
9518,2.2321,0
9519,2.0959,0
9520,2.0905,0
9521,2.3909,0
9522,2.1857,0
9523,2.0117,0
9524,2.0008,0
9525,2.0673,0
9526,2.3585,0
9527,2.2129,0
9528,2.1403,0
9529,2.4384,0
9530,2.1521,0
9531,1.9707,0
9532,2.0855,0
9533,2.2296,0
9534,2.0837,0
9535,2.5293,0
9536,2.5710,0
9537,2.1718,0
9538,2.3307,0
9539,2.0849,0
9540,2.0603,0
9541,2.1070,0
9542,2.1654,0
9543,2.1186,0
9544,2.6087,0
9545,2.0504,0
9546,2.5895,0
9547,2.2702,0
9548,2.3689,0
9549,2.1072,0
9550,2.0287,0
9551,2.5555,0
9552,2.2294,0
9553,2.3805,0
9554,1.9969,0
9555,2.1098,0
9556,2.0572,0
9557,2.1657,0
9558,2.1830,0
9559,2.2807,0
9560,2.1270,0
9561,2.1185,0
9562,2.1402,0
9563,2.1388,0
9564,2.0318,0
9565,2.2159,0
9566,2.1518,0
9567,2.2308,0
9568,1.9959,0
9569,2.6786,0
9570,2.0196,0
9571,2.2142,0
9572,2.4038,0
9573,1.9922,0
9574,2.4628,0
9575,2.0460,0
9576,2.3025,0
9577,2.0951,0
9578,2.7896,0
9579,2.1493,0
9580,2.2184,0
9581,2.0315,0
9582,2.1953,0
9583,2.0535,0
9584,2.1701,0
9585,2.0609,0
9586,2.5532,0
9587,2.1404,0
9588,2.0530,0
9589,2.3908,0
9590,2.0870,0
9591,2.5624,0
9592,2.2871,0
9593,2.2624,0
9594,2.4467,0
9595,2.1102,0
9596,1.8378,0
9597,2.1093,0
9598,2.4590,0
9599,2.4446,0
9600,2.1958,0
9601,2.4506,0
9602,2.2728,0
9603,2.3019,0
9604,2.0967,0
9605,2.1744,0
9606,2.0668,0
9607,2.0395,0
9608,2.5641,0
9609,2.5887,0
9610,2.3678,0
9611,2.3615,0
9612,2.1739,0
9613,2.1785,0
9614,1.9373,0
9615,1.8274,0
9616,2.0511,0
9617,1.9275,0
9618,2.1128,0
9619,2.0138,0
9620,2.2388,0
9621,2.1285,0
9622,2.1506,0
9623,2.6128,0
9624,2.5266,0
9625,2.4354,0
9626,2.1188,0
9627,2.3517,0
9628,2.0366,0
9629,2.5804,0
9630,2.4777,0
9631,2.0973,0
9632,2.4462,0
9633,1.9404,0
9634,2.1089,0
9635,2.0179,0
9636,2.2894,0
9637,3.5197,0
9638,2.1153,0
9639,2.1382,0
9640,2.0528,0
9641,2.4815,0
9642,2.1020,0
9643,2.1300,0
9644,2.4371,0
9645,2.8760,0
9646,2.3522,0
9647,2.2400,0
9648,2.7742,0
9649,2.2553,0
9650,2.1283,0
9651,2.5664,0
9652,2.2287,0
9653,2.1005,0
9654,2.0083,0
9655,2.5428,0
9656,2.3012,0
9657,2.8504,0
9658,2.4897,0
9659,2.2995,0
9660,2.3044,0
9661,2.1866,0
9662,2.0993,0
9663,2.1007,0
9664,2.3895,0
9665,2.3703,0
9666,2.4120,0
9667,2.8805,0
9668,2.4856,0
9669,2.4331,0
9670,2.4605,0
9671,2.6281,0
9672,2.2657,0
9673,2.3991,0
9674,2.5328,0
9675,2.1376,0
9676,2.4353,0
9677,2.0551,0
9678,2.1584,0
9679,2.3801,0
9680,2.2052,0
9681,2.1703,0
9682,2.1728,0
9683,1.9862,0
9684,2.6495,0
9685,2.2948,0
9686,2.3235,0
9687,2.5066,0
9688,2.5316,0
9689,2.6107,0
9690,2.6182,0
9691,2.5188,0
9692,2.5811,0
9693,2.3065,0
9694,2.4772,0
9695,2.5691,0
9696,2.3207,0
9697,2.5939,0
9698,2.0278,0
9699,2.2031,0
9700,2.5403,0
9701,2.3276,0
9702,2.3992,0
9703,2.4560,0
9704,2.4971,0
9705,2.4146,0
9706,2.4658,0
9707,2.3507,0
9708,2.2264,0
9709,2.8857,0
9710,2.5272,0
9711,2.6020,0
9712,2.5065,0
9713,2.5176,0
9714,2.3959,0
9715,2.4287,0
9716,2.1941,0
9717,2.2826,0
9718,2.1684,0
9719,2.2984,0
9720,2.3314,0
9721,2.3339,0
9722,2.3195,0
9723,2.2001,0
9724,2.3053,0
9725,2.0887,0
9726,2.2290,0
9727,2.1180,0
9728,1.9389,0
9729,2.2107,0
9730,2.3415,0
9731,2.3364,0
9732,2.1259,0
9733,2.1611,0
9734,1.9124,0
9735,2.0626,0
9736,2.3472,0
9737,2.6087,0
9738,2.5340,0
9739,2.7058,0
9740,2.3734,0
9741,2.4550,0
9742,2.2305,0
9743,2.1023,0
9744,2.7152,0
9745,2.0859,0
9746,2.0433,0
9747,2.2810,0
9748,2.0767,0
9749,2.1621,0
9750,2.1058,0
9751,2.3347,0
9752,2.2722,0
9753,2.5291,0
9754,2.9096,0
9755,2.1937,0
9756,2.1900,0
9757,2.1362,0
9758,2.4181,0
9759,2.2502,0
9760,2.3979,0
9761,2.1872,0
9762,2.4023,0
9763,2.0236,0
9764,2.8689,0
9765,2.6713,0
9766,2.4979,0
9767,2.2960,0
9768,2.0915,0
9769,2.2187,0
9770,2.1879,0
9771,2.0639,0
9772,1.9660,0
9773,2.0774,0
9774,1.9038,0
9775,1.9141,0
9776,1.8434,0
9777,2.0886,0
9778,2.0239,0
9779,2.6478,0
9780,2.6439,0
9781,2.3904,0
9782,2.1190,0
9783,1.9966,0
9784,2.1604,0
9785,2.2679,0
9786,2.6159,0
9787,1.8874,0
9788,1.9993,0
9789,2.2323,0
9790,2.2214,0
9791,2.2584,0
9792,2.6322,0
9793,2.3579,0
9794,2.2809,0
9795,2.0600,0
9796,2.0581,0
9797,2.2588,0
9798,2.5590,0
9799,2.5278,0
9800,2.1547,0
9801,2.7769,0
9802,2.2034,0
9803,2.1244,0
9804,2.3414,0
9805,2.5564,0
9806,2.3970,0
9807,1.9801,0
9808,2.0058,0
9809,2.0538,0
9810,2.6379,0
9811,2.3046,0
9812,2.0887,0
9813,2.6908,0
9814,2.1444,0
9815,2.0202,0
9816,2.0039,0
9817,2.5729,0
9818,2.5334,0
9819,2.1361,0
9820,2.0839,0
9821,2.1143,0
9822,2.4839,0
9823,2.0653,0
9824,1.9739,0
9825,1.9984,0
9826,2.2654,0
9827,2.0620,0
9828,2.0087,0
9829,2.0199,0
9830,1.9975,0
9831,2.2024,0
9832,2.0701,0
9833,2.4686,0
9834,2.2125,0
9835,2.1875,0
9836,2.5050,0
9837,2.0709,0
9838,2.3934,0
9839,1.9782,0
9840,2.4900,0
9841,2.3036,0
9842,2.2538,0
9843,2.7095,0
9844,2.2937,0
9845,2.1718,0
9846,2.0357,0
9847,2.1691,0
9848,2.4809,0
9849,2.3662,0
9850,1.9845,0
9851,2.6808,0
9852,2.2877,0
9853,2.2396,0
9854,2.6587,0
9855,2.6661,0
9856,2.8951,0
9857,2.7208,0
9858,2.3359,0
9859,2.2203,0
9860,2.2705,0
9861,2.0835,0
9862,1.9708,0
9863,2.5356,0
9864,2.5359,0
9865,2.5856,0
9866,2.1784,0
9867,2.1795,0
9868,2.3561,0
9869,2.3817,0
9870,2.0906,0
9871,1.8475,0
9872,2.1449,0
9873,2.0261,0
9874,2.1345,0
9875,2.1912,0
9876,2.2400,0
9877,2.2189,0
9878,2.2618,0
9879,1.9262,0
9880,2.4751,0
9881,2.5838,0
9882,2.3966,0
9883,2.6876,0
9884,2.6657,0
9885,2.5817,0
9886,2.0680,0
9887,2.5110,0
9888,2.4476,0
9889,2.1521,0
9890,1.9982,0
9891,1.8984,0
9892,1.9234,0
9893,1.8470,0
9894,2.0611,0
9895,2.2687,0
9896,2.0108,0
9897,2.3958,0
9898,1.9916,0
9899,2.4551,0
9900,2.2093,0
9901,2.1535,0
9902,2.3343,0
9903,2.2742,0
9904,2.2637,0
9905,2.3442,0
9906,2.3058,0
9907,2.0813,0
9908,2.4030,0
9909,2.3859,0
9910,2.1793,0
9911,2.4553,0
9912,2.2685,0
9913,2.3897,0
9914,1.9185,0
9915,2.1185,0
9916,2.4030,0
9917,2.3384,0
9918,2.3271,0
9919,2.2054,0
9920,2.0082,0
9921,2.4428,0
9922,2.0246,0
9923,2.2464,0
9924,2.2595,0
9925,2.1576,0
9926,2.2014,0
9927,1.7385,0
9928,2.2533,0
9929,1.9120,0
9930,1.8556,0
9931,1.9477,0
9932,2.1413,0
9933,2.5085,0
9934,2.4824,0
9935,2.0821,0
9936,2.0618,0
9937,1.8978,0
9938,2.0732,0
9939,2.3896,0
9940,2.3910,0
9941,2.1762,0
9942,2.3127,0
9943,2.3343,0
9944,2.4794,0
9945,2.1775,0
9946,2.2970,0
9947,2.3579,0
9948,2.2292,0
9949,2.1025,0
9950,1.9485,0
9951,2.0659,0
9952,2.0557,0
9953,2.2639,0
9954,2.1866,0
9955,2.3169,0
9956,1.9694,0
9957,2.3584,0
9958,2.0081,0
9959,2.0533,0
9960,1.9362,0
9961,2.1170,0
9962,1.9902,0
9963,2.4265,0
9964,1.9778,0
9965,2.4622,0
9966,2.0435,0
9967,2.3822,0
9968,2.1265,0
9969,2.5994,0
9970,2.3863,0
9971,2.2090,0
9972,2.3223,0
9973,2.1412,0
9974,1.9947,0
9975,1.9241,0
9976,2.1539,0
9977,1.9765,0
9978,2.4772,0
9979,2.3444,0
9980,2.0558,0
9981,2.0734,0
9982,2.1891,0
9983,2.1624,0
9984,2.1309,0
9985,2.1104,0
9986,2.0746,0
9987,1.9726,0
9988,2.3748,0
9989,2.1096,0
9990,2.0756,0
9991,1.9773,0
9992,2.4888,0
9993,2.0975,0
9994,1.9927,0
9995,2.5191,0
9996,2.0483,0
9997,2.3370,0
9998,2.4902,0
9999,2.1885,0
10000,1.9658,0
10001,2.1926,0
10002,2.2788,0
10003,1.9323,0
10004,2.0197,0
10005,2.4026,0
10006,2.0010,0
10007,2.0835,0
10008,2.1589,0
10009,2.0560,0
10010,2.1093,0
10011,2.0608,0
10012,2.1395,0
10013,2.2464,0
10014,2.1911,0
10015,2.1723,0
10016,2.2076,0
10017,2.6499,0
10018,2.5396,0
10019,2.4711,0
10020,2.3605,0
10021,2.3343,0
10022,1.9471,0
10023,1.9893,0
10024,2.2593,0
10025,2.2029,0
10026,2.2207,0
10027,2.0346,0
10028,2.1417,0
10029,2.2697,0
10030,2.0975,0
10031,2.3855,0
10032,2.4139,0
10033,2.4889,0
10034,2.2435,0
10035,2.2114,0
10036,2.0396,0
10037,2.1762,0
10038,2.0797,0
10039,2.0991,0
10040,2.1096,0
10041,2.4091,0
10042,2.1792,0
10043,2.0370,0
10044,2.1201,0
10045,2.3908,0
10046,2.1450,0
10047,2.2994,0
10048,2.5457,0
10049,2.1308,0
10050,2.1605,0
10051,2.1523,0
10052,2.1985,0
10053,2.4976,0
10054,2.6507,0
10055,2.3559,0
10056,1.9858,0
10057,2.4016,0
10058,2.4808,0
10059,2.2188,0
10060,1.9649,0
10061,1.9089,0
10062,2.3520,0
10063,2.3428,0
10064,1.8479,0
10065,2.0687,0
10066,1.8441,0
10067,2.4719,0
10068,2.3226,0
10069,2.3623,0
10070,2.4829,0
10071,2.3072,0
10072,2.2247,0
10073,2.2946,0
10074,2.1890,0
10075,1.8114,0
10076,1.9509,0
10077,2.0238,0
10078,2.2001,0
10079,2.2136,0
10080,2.2484,0
10081,2.3466,0
10082,2.8583,0
10083,2.3523,0
10084,2.2936,0
10085,2.3367,0
10086,2.1344,0
10087,2.3070,0
10088,1.9031,0
10089,2.2173,0
10090,1.9239,0
10091,2.5401,0
10092,2.3709,0
10093,2.2619,0
10094,2.3410,0
10095,2.1042,0
10096,2.2272,0
10097,2.3803,0
10098,2.2696,0
10099,2.1187,0
10100,1.9854,0
10101,2.2792,0
10102,1.9940,0
10103,2.0996,0
10104,2.2923,0
10105,2.2000,0
10106,2.3356,0
10107,2.2383,0
10108,2.4862,0
10109,2.4278,0
10110,2.4394,0
10111,2.2342,0
10112,2.1024,0
10113,2.1392,0
10114,2.2825,0
10115,2.5276,0
10116,2.4565,0
10117,2.2539,0
10118,2.1956,0
10119,2.1372,0
10120,1.9147,0
10121,2.2078,0
10122,2.0735,0
10123,2.0436,0
10124,1.9402,0
10125,2.1692,0
10126,2.3420,0
10127,2.3241,0
10128,2.4681,0
10129,2.1332,0
10130,2.5393,0
10131,2.0766,0
10132,2.1184,0
10133,1.9938,0
10134,2.5618,0
10135,2.2049,0
10136,2.2583,0
10137,2.1335,0
10138,1.9461,0
10139,2.1909,0
10140,1.9211,0
10141,2.1033,0
10142,2.0296,0
10143,2.0381,0
10144,2.3136,0
10145,2.0320,0
10146,2.0814,0
10147,2.0222,0
10148,2.0794,0
10149,2.2260,0
10150,2.2046,0
10151,2.4125,0
10152,2.3574,0
10153,2.3248,0
10154,2.1828,0
10155,2.4338,0
10156,2.0925,0
10157,2.1251,0
10158,2.1252,0
10159,2.1798,0
10160,2.2521,0
10161,2.3643,0
10162,2.5034,0
10163,2.2719,0
10164,2.2510,0
10165,1.8141,0
10166,1.9107,0
10167,1.9022,0
10168,2.2267,0
10169,2.5052,0
10170,2.6961,0
10171,2.1886,0
10172,2.2547,0
10173,2.3124,0
10174,2.5343,0
10175,2.5630,0
10176,2.1297,0
10177,2.2557,0
10178,2.2803,0
10179,2.4775,0
10180,1.9305,0
10181,2.0642,0
10182,2.0938,0
10183,2.5206,0
10184,1.9734,0
10185,1.9606,0
10186,1.9088,0
10187,2.1970,0
10188,2.3694,0
10189,2.4335,0
10190,1.9496,0
10191,2.2756,0
10192,1.9211,0
10193,2.0704,0
10194,2.4800,0
10195,2.3566,0
10196,2.1801,0
10197,2.0264,0
10198,2.2892,0
10199,2.0581,0
10200,2.1329,0
10201,2.1232,0
10202,2.1713,0
10203,2.3370,0
10204,2.2785,0
10205,2.2417,0
10206,2.2545,0
10207,2.3845,0
10208,2.2031,0
10209,1.9713,0
10210,2.1658,0
10211,2.0642,0
10212,2.2037,0
10213,2.1399,0
10214,2.3467,0
10215,2.2757,0
10216,2.6725,0
10217,2.3593,0
10218,2.0039,0
10219,1.9328,0
10220,1.8735,0
10221,2.9452,0
10222,2.3114,0
10223,2.3998,0
10224,2.1344,0
10225,2.0781,0
10226,2.0343,0
10227,2.2213,0
10228,2.6391,0
10229,2.7267,0
10230,2.3205,0
10231,2.1847,0
10232,2.2061,0
10233,2.2581,0
10234,2.2007,0
10235,2.6488,0
10236,2.1099,0
10237,2.4050,0
10238,2.1068,0
10239,2.3189,0
10240,2.4894,0
10241,2.1630,0
10242,2.4628,0
10243,2.2789,0
10244,2.2437,0
10245,2.1280,0
10246,2.0532,0
10247,2.0891,0
10248,2.1852,0
10249,1.9206,0
10250,1.9998,0
10251,2.2521,0
10252,2.4865,0
10253,2.0278,0
10254,2.0346,0
10255,1.9318,0
10256,2.6474,0
10257,2.0154,0
10258,2.1112,0
10259,2.4062,0
10260,2.2826,0
10261,2.4792,0
10262,2.1458,0
10263,1.9665,0
10264,1.9436,0
10265,2.5977,0
10266,2.4166,0
10267,1.9712,0
10268,1.9617,0
10269,2.3377,0
10270,2.3594,0
10271,2.2021,0
10272,2.4160,0
10273,1.9125,0
10274,2.1687,0
10275,1.9580,0
10276,1.9244,0
10277,2.0469,0
10278,1.9652,0
10279,2.4725,0
10280,2.5754,0
10281,2.0241,0
10282,2.2977,0
10283,2.2142,0
10284,2.2361,0
10285,2.3041,0
10286,2.2311,0
10287,2.4758,0
10288,2.0479,0
10289,2.0153,0
10290,2.0874,0
10291,1.9350,0
10292,2.3780,0
10293,1.8736,0
10294,2.1323,0
10295,2.3031,0
10296,2.2085,0
10297,2.7513,0
10298,2.5246,0
10299,2.3211,0
10300,2.0825,0
10301,2.6179,0
10302,2.0418,0
10303,2.6875,0
10304,2.1594,0
10305,2.1882,0
10306,2.2783,0
10307,2.0952,0
10308,2.0954,0
10309,2.3630,0
10310,2.0773,0
10311,1.9768,0
10312,2.4803,0
10313,2.2292,0
10314,2.3178,0
10315,2.0540,0
10316,2.4456,0
10317,2.0183,0
10318,2.2078,0
10319,2.1892,0
10320,2.1632,0
10321,2.2203,0
10322,2.5083,0
10323,2.3047,0
10324,2.1152,0
10325,2.3445,0
10326,2.1602,0
10327,2.1917,0
10328,2.1495,0
10329,2.1294,0
10330,2.1006,0
10331,2.1436,0
10332,2.0420,0
10333,2.7899,0
10334,2.1630,0
10335,2.2303,0
10336,2.1291,0
10337,2.2011,0
10338,2.0606,0
10339,2.3909,0
10340,2.6300,0
10341,2.4951,0
10342,2.7739,0
10343,2.4831,0
10344,2.2993,0
10345,2.0176,0
10346,1.9785,0
10347,2.2616,0
10348,2.2191,0
10349,1.9018,0
10350,2.0624,0
10351,1.8645,0
10352,2.1472,0
10353,2.1184,0
10354,2.0755,0
10355,2.1650,0
10356,2.5955,0
10357,2.4483,0
10358,2.0896,0
10359,2.6145,0
10360,2.1148,0
10361,2.3636,0
10362,1.9798,0
10363,2.0701,0
10364,1.9066,0
10365,2.0491,0
10366,2.0867,0
10367,2.0816,0
10368,2.1179,0
10369,2.3889,0
10370,2.3492,0
10371,2.2001,0
10372,2.3128,0
10373,2.2382,0
10374,2.2476,0
10375,1.9213,0
10376,2.2591,0
10377,1.9882,0
10378,2.2069,0
10379,2.1405,0
10380,2.0521,0
10381,2.0997,0
10382,2.4197,0
10383,2.2469,0
10384,2.4901,0
10385,2.1395,0
10386,2.0105,0
10387,2.2462,0
10388,2.3495,0
10389,2.2708,0
10390,2.2178,0
10391,2.6134,0
10392,2.3625,0
10393,2.1635,0
10394,2.3002,0
10395,2.3295,0
10396,2.0138,0
10397,2.0338,0
10398,2.2699,0
10399,2.3032,0
10400,2.0896,0
10401,2.0648,0
10402,1.9328,0
10403,2.3006,0
10404,2.3467,0
10405,2.3098,0
10406,2.5171,0
10407,2.3902,0
10408,2.6091,0
10409,2.3180,0
10410,2.2471,0
10411,2.1578,0
10412,2.2322,0
10413,2.3415,0
10414,1.9329,0
10415,2.4525,0
10416,1.9420,0
10417,1.9491,0
10418,2.6152,0
10419,2.6115,0
10420,2.5147,0
10421,2.1095,0
10422,2.0774,0
10423,2.1822,0
10424,2.0615,0
10425,2.5471,0
10426,2.4762,0
10427,2.1604,0
10428,2.0052,0
10429,1.9856,0
10430,2.0791,0
10431,2.0938,0
10432,2.5502,0
10433,2.5620,0
10434,2.2894,0
10435,2.0259,0
10436,2.1359,0
10437,2.0204,0
10438,2.3591,0
10439,2.7272,0
10440,2.3028,0
10441,2.5085,0
10442,1.9713,0
10443,2.5433,0
10444,2.0499,0
10445,2.1110,0
10446,1.9854,0
10447,2.2589,0
10448,2.0085,0
10449,2.1755,0
10450,2.0822,0
10451,2.0214,0
10452,2.6235,0
10453,2.2753,0
10454,2.0601,0
10455,1.9978,0
10456,2.0617,0
10457,2.6532,0
10458,2.2601,0
10459,2.0075,0
10460,2.2145,0
10461,2.2591,0
10462,2.2280,0
10463,2.1413,0
10464,2.0542,0
10465,2.0883,0
10466,2.2119,0
10467,2.1446,0
10468,2.4137,0
10469,2.0464,0
10470,2.0436,0
10471,2.6212,0
10472,2.2766,0
10473,2.5423,0
10474,2.4904,0
10475,2.2124,0
10476,2.0771,0
10477,2.1527,0
10478,2.3036,0
10479,2.4319,0
10480,2.0283,0
10481,2.3036,0
10482,2.3855,0
10483,2.3650,0
10484,2.4532,0
10485,1.9002,0
10486,1.9767,0
10487,2.3750,0
10488,2.4493,0
10489,2.6360,0
10490,2.4328,0
10491,2.1344,0
10492,2.0750,0
10493,2.0451,0
10494,2.2441,0
10495,2.0917,0
10496,1.9844,0
10497,2.0389,0
10498,2.1675,0
10499,2.1092,0
10500,2.0478,0
10501,2.6355,0
10502,2.0499,0
10503,2.4316,0
10504,1.8804,0
10505,2.2286,0
10506,2.4525,0
10507,2.0319,0
10508,2.1221,0
10509,2.1090,0
10510,2.3595,0
10511,2.3989,0
10512,2.3397,0
10513,2.1399,0
10514,1.8801,0
10515,1.9210,0
10516,2.4397,0
10517,2.3353,0
10518,2.0956,0
10519,2.2997,0
10520,2.3641,0
10521,2.2437,0
10522,2.0211,0
10523,2.0541,0
10524,2.0973,0
10525,2.0162,0
10526,2.3058,0
10527,2.1605,0
10528,2.3396,0
10529,2.2860,0
10530,2.1971,0
10531,2.1593,0
10532,2.5859,0
10533,2.1420,0
10534,1.9702,0
10535,2.2804,0
10536,2.3225,0
10537,2.2897,0
10538,1.9878,0
10539,2.2206,0
10540,1.9986,0
10541,1.9777,0
10542,2.1205,0
10543,2.1702,0
10544,2.2706,0
10545,2.2255,0
10546,2.3366,0
10547,2.1736,0
10548,2.2303,0
10549,2.1184,0
10550,2.0832,0
10551,2.0828,0
10552,2.4081,0
10553,2.6044,0
10554,2.0245,0
10555,2.1439,0
10556,2.0763,0
10557,1.9678,0
10558,2.5860,0
10559,2.5053,0
10560,2.4631,0
10561,1.9827,0
10562,2.1801,0
10563,2.0974,0
10564,2.5057,0
10565,2.1471,0
10566,2.1674,0
10567,2.0883,0
10568,1.9232,0
10569,2.0276,0
10570,2.4529,0
10571,2.4990,0
10572,2.1348,0
10573,2.3748,0
10574,2.2437,0
10575,2.0959,0
10576,2.1621,0
10577,2.2446,0
10578,2.1143,0
10579,2.0066,0
10580,2.1249,0
10581,2.0906,0
10582,2.1939,0
10583,2.2427,0
10584,2.0476,0
10585,2.1667,0
10586,2.1914,0
10587,2.3237,0
10588,2.4182,0
10589,2.2538,0
10590,2.3827,0
10591,2.0935,0
10592,2.1748,0
10593,2.5144,0
10594,2.2177,0
10595,2.1312,0
10596,2.1342,0
10597,2.0609,0
10598,2.0025,0
10599,1.9735,0
10600,2.1697,0
10601,2.2302,0
10602,2.1725,0
10603,2.2119,0
10604,2.3245,0
10605,2.2047,0
10606,2.1098,0
10607,2.1259,0
10608,2.0126,0
10609,1.9364,0
10610,2.2963,0
10611,2.1884,0
10612,2.2661,0
10613,2.2307,0
10614,1.9445,0
10615,2.4091,0
10616,2.3039,0
10617,2.1228,0
10618,2.0897,0
10619,2.0984,0
10620,2.1202,0
10621,1.9452,0
10622,2.5414,0
10623,2.1998,0
10624,1.8259,0
10625,2.0517,0
10626,2.0240,0
10627,2.4662,0
10628,2.1160,0
10629,2.6441,0
10630,2.7202,0
10631,2.4840,0
10632,2.3633,0
10633,1.9437,0
10634,1.9541,0
10635,2.1741,0
10636,2.5920,0
10637,2.1239,0
10638,2.1355,0
10639,2.6959,0
10640,2.4335,0
10641,2.4010,0
10642,2.4905,0
10643,2.1206,0
10644,2.0442,0
10645,2.0394,0
10646,2.6638,0
10647,2.1776,0
10648,2.1621,0
10649,2.2002,0
10650,2.3843,0
10651,2.4136,0
10652,2.5250,0
10653,2.3084,0
10654,2.1865,0
10655,1.9346,0
10656,2.1033,0
10657,2.0852,0
10658,2.1536,0
10659,2.5457,0
10660,2.2491,0
10661,2.3997,0
10662,2.5651,0
10663,2.1178,0
10664,2.0407,0
10665,2.3089,0
10666,2.5384,0
10667,2.2321,0
10668,2.1506,0
10669,2.0530,0
10670,2.0383,0
10671,2.2458,0
10672,2.2979,0
10673,2.2965,0
10674,2.8946,0
10675,2.6729,0
10676,2.7950,0
10677,2.6813,0
10678,2.2076,0
10679,2.3963,0
10680,1.9190,0
10681,2.1963,0
10682,2.7921,0
10683,2.5398,0
10684,2.2165,0
10685,2.1093,0
10686,2.2707,0
10687,2.2095,0
10688,2.4600,0
10689,2.8760,0
10690,2.1941,0
10691,2.3927,0
10692,2.1386,0
10693,2.0350,0
10694,2.0045,0
10695,2.1138,0
10696,2.0903,0
10697,2.7114,0
10698,2.4083,0
10699,2.3068,0
10700,2.0574,0
10701,2.1333,0
10702,2.0521,0
10703,2.1723,0
10704,2.5111,0
10705,2.2656,0
10706,2.3494,0
10707,2.2128,0
10708,2.3388,0
10709,2.1064,0
10710,2.3857,0
10711,2.2210,0
10712,2.6950,0
10713,1.9990,0
10714,2.0304,0
10715,2.6953,0
10716,2.3989,0
10717,2.5635,0
10718,2.2964,0
10719,2.4195,0
10720,1.8660,0
10721,2.0868,0
10722,2.3264,0
10723,2.3008,0
10724,1.8972,0
10725,1.9186,0
10726,2.0832,0
10727,2.1006,0
10728,2.0205,0
10729,2.0802,0
10730,2.1201,0
10731,2.1188,0
10732,2.3581,0
10733,2.1019,0
10734,2.9220,0
10735,2.5310,0
10736,2.1738,0
10737,1.9907,0
10738,2.3408,0
10739,2.0246,0
10740,2.1409,0
10741,1.9754,0
10742,2.0390,0
10743,2.1410,0
10744,2.3589,0
10745,2.1756,0
10746,2.4411,0
10747,2.0862,0
10748,2.1908,0
10749,2.2158,0
10750,2.1872,0
10751,1.9862,0
10752,2.0382,0
10753,2.7556,0
10754,2.3490,0
10755,2.1451,0
10756,1.9350,0
10757,2.0114,0
10758,2.2757,0
10759,2.2739,0
10760,2.8543,0
10761,2.4834,0
10762,2.1534,0
10763,2.0708,0
10764,2.3531,0
10765,2.0794,0
10766,2.5447,0
10767,2.4054,0
10768,2.1578,0
10769,2.0723,0
10770,2.0461,0
10771,1.9733,0
10772,2.3812,0
10773,2.2639,0
10774,2.1021,0
10775,2.2912,0
10776,2.7077,0
10777,2.5906,0
10778,2.1947,0
10779,2.6066,0
10780,2.4695,0
10781,2.2241,0
10782,2.2580,0
10783,2.0818,0
10784,2.2329,0
10785,2.1463,0
10786,2.0721,0
10787,1.8887,0
10788,2.3266,0
10789,2.1924,0
10790,2.0745,0
10791,2.4381,0
10792,2.1809,0
10793,2.0331,0
10794,2.4464,0
10795,2.3622,0
10796,2.1600,0
10797,2.0017,0
10798,2.6174,0
10799,2.6375,0
10800,2.1829,0
10801,2.8083,0
10802,2.7425,0
10803,2.3357,0
10804,2.2284,0
10805,2.2814,0
10806,2.6053,0
10807,2.0909,0
10808,2.1108,0
10809,2.0084,0
10810,2.0381,0
10811,2.3101,0
10812,2.8415,0
10813,2.3785,0
10814,2.2012,0
10815,2.1585,0
10816,2.1672,0
10817,2.1639,0
10818,2.0163,0
10819,2.1119,0
10820,2.1098,0
10821,2.1470,0
10822,2.0639,0
10823,2.1937,0
10824,1.9842,0
10825,2.0858,0
10826,2.1873,0
10827,2.5609,0
10828,2.2939,0
10829,2.2730,0
10830,2.2120,0
10831,2.1467,0
10832,2.0290,0
10833,2.0692,0
10834,2.5873,0
10835,2.1812,0
10836,2.3996,0
10837,2.0040,0
10838,2.1341,0
10839,2.7176,0
10840,2.4155,0
10841,2.0148,0
10842,2.0156,0
10843,2.1305,0
10844,2.0758,0
10845,2.4001,0
10846,2.6909,0
10847,2.1547,0
10848,2.4808,0
10849,2.7610,0
10850,2.1572,0
10851,2.1021,0
10852,2.0266,0
10853,2.2191,0
10854,2.2093,0
10855,2.2088,0
10856,1.9950,0
10857,2.2266,0
10858,2.1317,0
10859,2.2738,0
10860,2.1631,0
10861,2.1469,0
10862,2.4488,0
10863,2.1111,0
10864,2.1668,0
10865,2.0980,0
10866,2.4927,0
10867,2.2370,0
10868,2.2239,0
10869,2.1979,0
10870,2.0009,0
10871,2.6027,0
10872,2.3665,0
10873,2.5937,0
10874,2.0154,0
10875,2.0329,0
10876,2.0801,0
10877,2.0518,0
10878,2.1926,0
10879,2.2774,0
10880,2.3247,0
10881,2.6308,0
10882,2.5501,0
10883,2.4764,0
10884,2.3787,0
10885,2.6048,0
10886,2.0797,0
10887,2.2598,0
10888,2.0566,0
10889,1.9556,0
10890,2.5029,0
10891,1.9386,0
10892,2.0134,0
10893,2.0139,0
10894,2.6819,0
10895,2.0557,0
10896,2.0969,0
10897,2.1001,0
10898,2.0912,0
10899,2.2419,0
10900,2.4529,0
10901,2.1853,0
10902,2.2748,0
10903,2.3570,0
10904,2.0825,0
10905,2.2498,0
10906,2.5751,0
10907,2.4883,0
10908,2.1049,0
10909,2.0014,0
10910,2.2398,0
10911,2.3432,0
10912,2.4887,0
10913,2.2894,0
10914,2.2252,0
10915,2.4312,0
10916,2.0092,0
10917,1.8769,0
10918,2.1994,0
10919,1.9518,0
10920,2.3317,0
10921,2.7375,0
10922,2.4768,0
10923,2.2257,0
10924,2.2948,0
10925,2.1621,0
10926,2.1517,0
10927,2.3665,0
10928,2.2354,0
10929,2.1968,0
10930,2.2779,0
10931,2.3167,0
10932,2.0869,0
10933,2.3144,0
10934,2.1463,0
10935,2.0429,0
10936,2.1041,0
10937,2.1443,0
10938,2.0774,0
10939,2.2639,0
10940,2.2817,0
10941,2.8221,0
10942,2.8087,0
10943,2.4109,0
10944,1.9776,0
10945,1.9472,0
10946,1.9122,0
10947,2.1310,0
10948,2.2653,0
10949,2.1130,0
10950,2.0210,0
10951,2.0793,0
10952,2.1937,0
10953,2.2014,0
10954,2.0739,0
10955,2.1757,0
10956,2.1171,0
10957,2.2142,0
10958,2.2358,0
10959,2.2590,0
10960,1.9673,0
10961,2.4476,0
10962,2.3599,0
10963,2.5510,0
10964,2.1347,0
10965,2.0297,0
10966,2.1311,0
10967,2.0608,0
10968,2.3335,0
10969,2.2602,0
10970,2.0068,0
10971,1.9966,0
10972,2.3380,0
10973,2.0970,0
10974,2.3445,0
10975,2.3089,0
10976,2.1907,0
10977,1.9998,0
10978,1.8939,0
10979,2.0574,0
10980,1.8468,0
10981,1.8675,0
10982,1.9346,0
10983,2.3477,0
10984,2.9787,0
10985,2.3320,0
10986,2.3824,0
10987,2.3869,0
10988,2.2598,0
10989,2.7155,0
10990,2.1564,0
10991,2.4681,0
10992,1.8927,0
10993,2.4487,0
10994,2.6750,0
10995,2.9327,0
10996,2.5227,0
10997,2.3447,0
10998,2.4140,0
10999,2.3816,0
11000,2.6336,0
11001,2.8223,0
11002,2.3844,0
11003,2.6111,0
11004,2.7176,0
11005,2.6251,0
11006,2.7803,0
11007,2.0495,0
11008,2.5191,0
11009,2.1475,0
11010,2.9565,0
11011,2.2955,0
11012,2.3366,0
11013,2.1458,0
11014,2.1000,0
11015,2.0819,0
11016,1.9532,0
11017,2.0678,0
11018,2.2319,0
11019,2.1763,0
11020,1.9981,0
11021,1.9994,0
11022,1.9741,0
11023,2.1052,0
11024,1.9852,0
11025,2.2150,0
11026,2.0968,0
11027,2.2048,0
11028,2.0195,0
11029,2.1297,0
11030,2.2884,0
11031,2.2715,0
11032,1.9719,0
11033,2.1626,0
11034,2.1641,0
11035,2.1782,0
11036,2.2579,0
11037,2.3199,0
11038,2.3169,0
11039,2.0892,0
11040,2.3981,0
11041,2.2374,0
11042,2.5042,0
11043,2.4063,0
11044,2.2796,0
11045,2.1460,0
11046,2.1815,0
11047,2.1351,0
11048,2.2675,0
11049,2.7184,0
11050,2.0957,0
11051,2.0818,0
11052,2.0311,0
11053,1.9901,0
11054,1.8227,0
11055,2.0352,0
11056,2.3637,0
11057,2.1629,0
11058,2.4265,0
11059,3.0950,0
11060,2.7280,0
11061,2.0367,0
11062,2.6824,0
11063,2.4077,0
11064,2.6371,0
11065,3.1817,0
11066,2.3992,0
11067,2.3459,0
11068,2.5584,0
11069,2.6615,0
11070,2.5580,0
11071,2.5966,0
11072,2.4424,0
11073,2.3159,0
11074,2.6792,0
11075,2.5229,0
11076,2.9029,0
11077,2.1501,0
11078,2.7456,0
11079,2.1139,0
11080,2.7597,0
11081,2.0489,0
11082,2.7857,0
11083,2.7441,0
11084,2.9290,0
11085,2.6276,0
11086,2.4075,0
11087,2.7799,0
11088,2.3098,0
11089,2.5478,0
11090,2.0511,0
11091,3.2019,0
11092,2.5689,0
11093,5.5985,0
11094,3.7025,0
11095,3.0808,0
11096,2.3237,0
11097,2.5254,0
11098,2.5610,0
11099,2.8251,0
11100,3.2259,0
11101,3.6097,0
11102,4.0087,0
11103,3.7734,0
11104,2.9577,0
11105,2.8068,0
11106,2.8278,0
11107,3.3005,0
11108,3.1677,0
11109,2.8732,0
11110,2.2828,0
11111,2.4503,0
11112,2.1878,0
11113,2.3077,0
11114,2.7039,0
11115,2.7167,0
11116,2.2659,0
11117,2.2026,0
11118,2.3894,0
11119,2.1896,0
11120,2.3314,0
11121,2.4454,0
11122,2.8492,0
11123,2.7146,0
11124,2.9483,0
11125,3.0167,0
11126,2.8446,0
11127,2.5086,0
11128,2.6492,0
11129,2.9975,0
11130,2.9184,0
11131,2.9654,0
11132,3.0544,0
11133,2.4680,0
11134,2.5582,0
11135,2.8506,0
11136,2.6615,0
11137,2.9295,0
11138,2.5931,0
11139,2.4821,0
11140,2.4570,0
11141,2.3855,0
11142,2.6846,0
11143,3.2489,0
11144,3.1747,0
11145,2.7760,0
11146,2.8245,0
11147,2.2153,0
11148,2.8061,0
11149,2.2836,0
11150,2.2452,0
11151,2.2921,0
11152,2.1170,0
11153,1.9973,0
11154,2.0153,0
11155,2.0559,0
11156,1.9194,0
11157,1.9634,0
11158,1.9121,0
11159,2.0204,0
11160,2.1914,0
11161,2.3305,0
11162,2.0951,0
11163,2.3754,0
11164,2.4505,0
11165,2.2528,0
11166,2.2046,0
11167,2.0755,0
11168,2.2154,0
11169,2.3699,0
11170,2.1528,0
11171,1.9968,0
11172,1.9435,0
11173,1.9972,0
11174,2.2707,0
11175,1.9853,0
11176,2.1331,0
11177,1.9106,0
11178,2.3774,0
11179,2.3175,0
11180,2.1002,0
11181,2.1813,0
11182,2.3246,0
11183,2.0942,0
11184,2.3900,0
11185,2.3183,0
11186,2.2517,0
11187,2.2443,0
11188,2.2743,0
11189,2.3234,0
11190,2.4376,0
11191,2.1529,0
11192,2.2735,0
11193,2.3882,0
11194,2.2866,0
11195,2.0389,0
11196,2.0827,0
11197,1.9410,0
11198,2.5209,0
11199,2.2446,0
11200,2.0655,0
11201,2.1009,0
11202,2.5074,0
11203,2.2946,0
11204,2.5849,0
11205,2.1536,0
11206,3.0217,0
11207,3.0088,0
11208,2.4870,0
11209,2.4875,0
11210,2.2972,0
11211,2.9327,0
11212,2.6561,0
11213,2.9379,0
11214,2.3652,0
11215,2.5295,0
11216,2.2652,0
11217,2.3438,0
11218,2.7216,0
11219,2.4912,0
11220,2.5145,0
11221,2.8891,0
11222,2.5459,0
11223,2.5166,0
11224,2.7768,0
11225,2.2417,0
11226,2.3139,0
11227,2.2627,0
11228,2.5131,0
11229,2.4520,0
11230,2.3635,0
11231,2.4832,0
11232,2.2067,0
11233,2.6979,0
11234,2.3223,0
11235,2.6495,0
11236,2.6038,0
11237,2.5349,0
11238,2.7455,0
11239,2.3552,0
11240,2.1385,0
11241,2.1542,0
11242,2.6254,0
11243,2.6788,0
11244,2.6011,0
11245,2.2472,0
11246,2.3298,0
11247,2.1604,0
11248,2.2952,0
11249,2.4022,0
11250,2.2554,0
11251,2.3878,0
11252,2.3044,0
11253,2.2376,0
11254,2.3256,0
11255,2.2646,0
11256,2.4441,0
11257,2.3837,0
11258,2.2514,0
11259,1.9754,0
11260,2.5002,0
11261,2.0774,0
11262,2.3609,0
11263,2.2173,0
11264,2.2440,0
11265,2.2955,0
11266,2.5701,0
11267,2.2475,0
11268,2.1776,0
11269,2.1278,0
11270,2.0413,0
11271,2.2277,0
11272,2.2691,0
11273,2.5660,0
11274,2.2879,0
11275,4.5137,0
11276,2.5641,0
11277,2.2199,0
11278,2.2083,0
11279,2.0911,0
11280,1.9885,0
11281,2.0103,0
11282,1.9968,0
11283,2.4055,0
11284,2.1816,0
11285,2.5609,0
11286,2.2768,0
11287,1.8397,0
11288,2.0209,0
11289,2.0804,0
11290,2.3263,0
11291,2.2375,0
11292,2.4679,0
11293,2.5323,0
11294,2.2634,0
11295,2.1713,0
11296,2.2583,0
11297,2.1598,0
11298,2.1331,0
11299,2.2521,0
11300,2.5184,0
11301,2.7357,0
11302,2.3779,0
11303,2.7686,0
11304,2.3400,0
11305,2.5565,0
11306,1.8314,0
11307,2.0854,0
11308,2.3523,0
11309,1.9525,0
11310,2.2932,0
11311,2.1246,0
11312,2.2497,0
11313,2.1256,0
11314,2.1757,0
11315,2.5280,0
11316,2.1570,0
11317,2.1934,0
11318,2.0473,0
11319,2.0250,0
11320,2.6916,0
11321,2.8735,0
11322,2.3388,0
11323,2.5654,0
11324,2.7268,0
11325,2.5541,0
11326,2.5778,0
11327,2.1747,0
11328,2.4222,0
11329,2.3487,0
11330,2.2494,0
11331,2.2610,0
11332,2.7536,0
11333,2.0787,0
11334,2.2824,0
11335,2.2080,0
11336,2.0205,0
11337,2.1077,0
11338,2.2644,0
11339,2.2124,0
11340,2.2543,0
11341,2.2772,0
11342,2.0768,0
11343,2.7350,0
11344,2.1740,0
11345,2.4073,0
11346,2.2978,0
11347,2.8034,0
11348,2.2978,0
11349,2.8686,0
11350,2.2160,0
11351,2.3509,0
11352,2.9678,0
11353,2.4502,0
11354,2.5595,0
11355,2.4858,0
11356,1.8974,0
11357,2.6221,0
11358,2.0410,0
11359,2.5954,0
11360,2.3017,0
11361,2.9765,0
11362,2.2858,0
11363,2.8816,0
11364,2.4687,0
11365,2.0848,0
11366,2.2464,0
11367,1.9909,0
11368,2.4107,0
11369,2.7327,0
11370,2.0434,0
11371,2.6529,0
11372,2.3797,0
11373,2.8367,0
11374,2.1868,0
11375,2.5265,0
11376,3.4882,0
11377,2.2851,0
11378,2.6239,0
11379,2.2266,0
11380,2.2595,0
11381,1.9344,0
11382,1.9534,0
11383,2.4363,0
11384,2.0611,0
11385,2.1546,0
11386,2.0101,0
11387,2.3966,0
11388,2.7042,0
11389,1.9889,0
11390,2.1647,0
11391,2.0922,0
11392,2.3693,0
11393,2.3090,0
11394,2.1644,0
11395,2.9289,0
11396,2.5005,0
11397,2.1923,0
11398,2.5951,0
11399,2.3078,0
11400,2.5746,0
11401,2.4343,0
11402,2.9390,0
11403,2.0524,0
11404,2.9002,0
11405,2.1255,0
11406,2.5423,0
11407,2.4796,0
11408,2.5935,0
11409,2.1125,0
11410,2.6396,0
11411,2.1212,0
11412,2.0152,0
11413,2.0742,0
11414,2.7232,0
11415,2.1394,0
11416,1.9718,0
11417,2.5143,0
11418,2.0562,0
11419,2.2400,0
11420,2.2124,0
11421,2.0216,0
11422,1.9768,0
11423,2.0634,0
11424,2.1675,0
11425,2.1513,0
11426,2.3606,0
11427,2.1238,0
11428,2.0814,0
11429,2.1154,0
11430,2.1649,0
11431,2.3636,0
11432,2.3195,0
11433,2.0523,0
11434,2.1195,0
11435,2.2187,0
11436,2.1893,0
11437,2.1360,0
11438,1.8500,0
11439,2.5835,0
11440,2.0609,0
11441,2.0139,0
11442,2.1490,0
11443,2.1706,0
11444,2.1487,0
11445,2.1231,0
11446,2.0874,0
11447,2.1937,0
11448,1.9859,0
11449,2.0959,0
11450,2.1785,0
11451,2.0969,0
11452,2.3033,0
11453,2.2466,0
11454,2.3906,0
11455,2.2100,0
11456,2.4088,0
11457,2.3044,0
11458,2.1962,0
11459,2.1600,0
11460,2.0794,0
11461,2.1366,0
11462,2.2736,0
11463,2.0664,0
11464,2.0673,0
11465,2.0113,0
11466,2.0946,0
11467,2.0939,0
11468,2.4957,0
11469,2.1273,0
11470,1.9470,0
11471,1.9858,0
11472,2.4808,0
11473,2.1252,0
11474,2.1438,0
11475,2.0686,0
11476,1.9871,0
11477,2.4413,0
11478,2.0317,0
11479,2.2753,0
11480,2.0911,0
11481,2.3011,0
11482,2.2392,0
11483,2.2023,0
11484,2.1641,0
11485,2.2343,0
11486,2.3018,0
11487,2.2814,0
11488,2.1153,0
11489,2.1023,0
11490,2.0677,0
11491,2.1617,0
11492,2.2832,0
11493,2.2089,0
11494,2.0498,0
11495,2.2072,0
11496,2.1129,0
11497,2.3098,0
11498,2.0273,0
11499,2.1807,0
11500,2.4119,0
11501,2.4426,0
11502,2.1919,0
11503,2.2736,0
11504,2.4439,0
11505,2.3407,0
11506,2.2141,0
11507,1.9476,0
11508,1.9715,0
11509,2.1811,0
11510,2.0108,0
11511,2.1310,0
11512,110.2099,1
11513,10.0481,0
11514,2.9686,0
11515,3.1341,0
11516,3.2968,0
11517,3.0017,0
11518,3.0048,0
11519,2.8725,0
11520,2.9548,0
11521,3.4806,0
11522,3.2262,0
11523,2.9997,0
11524,3.1216,0
11525,3.6485,0
11526,2.9557,0
11527,2.8938,0
11528,2.9533,0
11529,2.9952,0
11530,2.9718,0
11531,3.0945,0
11532,2.9848,0
11533,3.2093,0
11534,3.0399,0
11535,2.8584,0
11536,3.0239,0
11537,3.4305,0
11538,2.6442,0
11539,2.9632,0
11540,3.1006,0
11541,2.9150,0
11542,2.8296,0
11543,3.7243,0
11544,3.1833,0
11545,3.1293,0
11546,2.6678,0
11547,2.9749,0
11548,3.2976,0
11549,3.4114,0
11550,2.8280,0
11551,3.0672,0
11552,3.4995,0
11553,3.4585,0
11554,3.0793,0
11555,3.5263,0
11556,3.8261,0
11557,3.6181,0
11558,3.5980,0
11559,3.4845,0
11560,2.6376,0
11561,3.8350,0
11562,3.8524,0
11563,3.7458,0
11564,3.1933,0
11565,3.6133,0
11566,3.6113,0
11567,3.6693,0
11568,3.1492,0
11569,3.7005,0
11570,3.5022,0
11571,3.7835,0
11572,3.7175,0
11573,3.9049,0
11574,4.2080,0
11575,4.0433,0
11576,5.0387,0
11577,4.1548,0
11578,6.9001,0
11579,5.1931,0
11580,5.7037,0
11581,5.0323,0
11582,4.3960,0
11583,4.7336,0
11584,3.9258,0
11585,3.3859,0
11586,4.6924,0
11587,3.8593,0
11588,3.8182,0
11589,3.2492,0
11590,3.3147,0
11591,3.5436,0
11592,3.6192,0
11593,3.5323,0
11594,2.7401,0
11595,2.8191,0
11596,3.3145,0
11597,2.9908,0
11598,2.8859,0
11599,2.7591,0
11600,2.8512,0
11601,3.5314,0
11602,2.8146,0
11603,3.1268,0
11604,2.7478,0
11605,2.6842,0
11606,2.7178,0
11607,2.5998,0
11608,2.9132,0
11609,3.1405,0
11610,2.8781,0
11611,3.1597,0
11612,4.3015,0
11613,2.7473,0
11614,2.8206,0
11615,2.9721,0
11616,2.8610,0
11617,3.5286,0
11618,2.5546,0
11619,2.4609,0
11620,2.7212,0
11621,2.5207,0
11622,2.8519,0
11623,2.3855,0
11624,2.4390,0
11625,2.5834,0
11626,3.3091,0
11627,2.2676,0
11628,2.7610,0
11629,2.7853,0
11630,3.3070,0
11631,2.8388,0
11632,3.0576,0
11633,2.9343,0
11634,3.1467,0
11635,2.6391,0
11636,3.1092,0
11637,2.5687,0
11638,3.0294,0
11639,3.5352,0
11640,3.1172,0
11641,2.5738,0
11642,2.3072,0
11643,3.0519,0
11644,3.0332,0
11645,2.7586,0
11646,2.6513,0
11647,2.8151,0
11648,3.0423,0
11649,2.7558,0
11650,2.6123,0
11651,3.2328,0
11652,3.1575,0
11653,2.6113,0
11654,3.3732,0
11655,2.8978,0
11656,2.4867,0
11657,2.7238,0
11658,2.6585,0
11659,2.8061,0
11660,2.6446,0
11661,2.1889,0
11662,2.2917,0
11663,2.3135,0
11664,2.2092,0
11665,2.7940,0
11666,2.1607,0
11667,2.0829,0
11668,2.6361,0
11669,2.2610,0
11670,2.2856,0
11671,2.9302,0
11672,2.4134,0
11673,2.2999,0
11674,2.4655,0
11675,2.4957,0
11676,3.0304,0
11677,2.7755,0
11678,2.3082,0
11679,2.3075,0
11680,2.4247,0
11681,3.1221,0
11682,2.7162,0
11683,3.1387,0
11684,3.2796,0
11685,2.6465,0
11686,3.1530,0
11687,3.0334,0
11688,2.5734,0
11689,2.4910,0
11690,2.9851,0
11691,2.8543,0
11692,3.0168,0
11693,3.0600,0
11694,2.6140,0
11695,2.4770,0
11696,2.9970,0
11697,2.7750,0
11698,2.5531,0
11699,2.8773,0
11700,2.1064,0
11701,2.9515,0
11702,2.5986,0
11703,3.0501,0
11704,2.6675,0
11705,2.9099,0
11706,3.2664,0
11707,2.6736,0
11708,2.5988,0
11709,2.6829,0
11710,3.2425,0
11711,2.9223,0
11712,3.0063,0
11713,2.5731,0
11714,2.9390,0
11715,2.7238,0
11716,2.8224,0
11717,2.6418,0
11718,2.5696,0
11719,2.8202,0
11720,2.6461,0
11721,2.9082,0
11722,2.7751,0
11723,2.7488,0
11724,2.8743,0
11725,2.9364,0
11726,2.7531,0
11727,2.7955,0
11728,2.4421,0
11729,2.9089,0
11730,2.5668,0
11731,2.6255,0
11732,2.2978,0
11733,2.8814,0
11734,2.3390,0
11735,3.4783,0
11736,2.6605,0
11737,2.6548,0
11738,2.7389,0
11739,2.3649,0
11740,2.6014,0
11741,2.4689,0
11742,2.9906,0
11743,2.8104,0
11744,2.3320,0
11745,2.2774,0
11746,2.3437,0
11747,2.5255,0
11748,3.1766,0
11749,2.8398,0
11750,3.1320,0
11751,2.8759,0
11752,2.5350,0
11753,2.6566,0
11754,2.5716,0
11755,2.5358,0
11756,2.2915,0
11757,3.4428,0
11758,2.3234,0
11759,2.4857,0
11760,2.4309,0
11761,2.6455,0
11762,2.8068,0
11763,2.2377,0
11764,2.5074,0
11765,2.9329,0
11766,2.4774,0
11767,2.5559,0
11768,2.3899,0
11769,2.3726,0
11770,3.1035,0
11771,2.2621,0
11772,2.5398,0
11773,2.5151,0
11774,2.1151,0
11775,2.0735,0
11776,2.0937,0
11777,2.2271,0
11778,2.3343,0
11779,2.3477,0
11780,2.0547,0
11781,2.1875,0
11782,1.9731,0
11783,2.2642,0
11784,2.3649,0
11785,2.1738,0
11786,2.6297,0
11787,2.6042,0
11788,2.3486,0
11789,2.2780,0
11790,2.3288,0
11791,2.3523,0
11792,2.2929,0
11793,2.3963,0
11794,2.5078,0
11795,2.5234,0
11796,2.6142,0
11797,2.2016,0
11798,2.6054,0
11799,2.4556,0
11800,2.2644,0
11801,2.3721,0
11802,2.3005,0
11803,2.1754,0
11804,2.3663,0
11805,2.4402,0
11806,2.6625,0
11807,2.3589,0
11808,2.3045,0
11809,2.3193,0
11810,2.2238,0
11811,2.3008,0
11812,2.3020,0
11813,2.3328,0
11814,2.4624,0
11815,2.2657,0
11816,2.3469,0
11817,2.2272,0
11818,2.0966,0
11819,2.1734,0
11820,2.5497,0
11821,2.3897,0
11822,2.3838,0
11823,2.3674,0
11824,2.6981,0
11825,2.2731,0
11826,2.3030,0
11827,2.6422,0
11828,3.0081,0
11829,3.0994,0
11830,2.9765,0
11831,2.8279,0
11832,2.4609,0
11833,2.5807,0
11834,2.5824,0
11835,2.5695,0
11836,2.5838,0
11837,2.5157,0
11838,2.7180,0
11839,3.1559,0
11840,2.6120,0
11841,3.0802,0
11842,2.7016,0
11843,2.4829,0
11844,2.7461,0
11845,2.5990,0
11846,2.5303,0
11847,2.5131,0
11848,2.7290,0
11849,2.6547,0
11850,3.1669,0
11851,3.0597,0
11852,2.7636,0
11853,3.0345,0
11854,3.0186,0
11855,3.0075,0
11856,3.0496,0
11857,2.9282,0
11858,3.0288,0
11859,2.6744,0
11860,2.8437,0
11861,2.8022,0
11862,2.9600,0
11863,2.8794,0
11864,2.7945,0
11865,3.0395,0
11866,3.0027,0
11867,2.7879,0
11868,2.9788,0
11869,2.6988,0
11870,2.5236,0
11871,2.6481,0
11872,2.7442,0
11873,2.6227,0
11874,2.8812,0
11875,2.9379,0
11876,2.4973,0
11877,2.9898,0
11878,2.4032,0
11879,2.7290,0
11880,2.9977,0
11881,2.6922,0
11882,2.8753,0
11883,2.4928,0
11884,2.6482,0
11885,2.9919,0
11886,2.5392,0
11887,2.5636,0
11888,2.4891,0
11889,2.4422,0
11890,2.7364,0
11891,2.4766,0
11892,2.6272,0
11893,3.4730,0
11894,2.5637,0
11895,2.7270,0
11896,2.6170,0
11897,2.6466,0
11898,2.3919,0
11899,2.2002,0
11900,2.3027,0
11901,2.8108,0
11902,3.1893,0
11903,2.4359,0
11904,2.6271,0
11905,2.7190,0
11906,3.4943,0
11907,3.5176,0
11908,2.2406,0
11909,2.2477,0
11910,2.3422,0
11911,2.8792,0
11912,2.6881,0
11913,2.6799,0
11914,2.3417,0
11915,2.5147,0
11916,2.7471,0
11917,2.1968,0
11918,2.5790,0
11919,2.5625,0
11920,2.4276,0
11921,2.8709,0
11922,2.3782,0
11923,2.5898,0
11924,2.6032,0
11925,2.5742,0
11926,2.8966,0
11927,2.5166,0
11928,2.3993,0
11929,2.3713,0
11930,2.5955,0
11931,2.3948,0
11932,2.6472,0
11933,2.2844,0
11934,2.2487,0
11935,2.3185,0
11936,2.3254,0
11937,2.2570,0
11938,2.3885,0
11939,2.3781,0
11940,2.4325,0
11941,2.1666,0
11942,2.7164,0
11943,2.3891,0
11944,2.2965,0
11945,2.5307,0
11946,2.2368,0
11947,2.1025,0
11948,2.2765,0
11949,2.3289,0
11950,2.3422,0
11951,2.3343,0
11952,2.3289,0
11953,2.3935,0
11954,2.8050,0
11955,2.2216,0
11956,2.4501,0
11957,2.3397,0
11958,2.2078,0
11959,2.1905,0
11960,2.4145,0
11961,2.4406,0
11962,2.3237,0
11963,2.3027,0
11964,2.2448,0
11965,2.3622,0
11966,2.2419,0
11967,2.3426,0
11968,2.2528,0
11969,2.3297,0
11970,2.4474,0
11971,2.4721,0
11972,2.3667,0
11973,2.3055,0
11974,2.4145,0
11975,2.4138,0
11976,2.3856,0
11977,2.2473,0
11978,2.5289,0
11979,2.3664,0
11980,2.9032,0
11981,2.2636,0
11982,2.8880,0
11983,2.0999,0
11984,2.6605,0
11985,3.2543,0
11986,2.2484,0
11987,2.8980,0
11988,2.2987,0
11989,2.9073,0
11990,2.7324,0
11991,2.7336,0
11992,3.2509,0
11993,2.7916,0
11994,3.1082,0
11995,3.1054,0
11996,2.6130,0
11997,2.5045,0
11998,2.4972,0
11999,3.3139,0
12000,2.6571,0
12001,2.8807,0
12002,2.6688,0
12003,2.6045,0
12004,2.0783,0
12005,2.3366,0
12006,2.2305,0
12007,2.2015,0
12008,2.0688,0
12009,2.3346,0
12010,2.2905,0
12011,2.1338,0
12012,2.2253,0
12013,2.3760,0
12014,2.2294,0
12015,2.4012,0
12016,2.3578,0
12017,2.1581,0
12018,2.2053,0
12019,2.2549,0
12020,2.2906,0
12021,2.1010,0
12022,2.3632,0
12023,2.2871,0
12024,2.2965,0
12025,2.1114,0
12026,2.3492,0
12027,2.3281,0
12028,2.2218,0
12029,2.3533,0
12030,2.4153,0
12031,2.3794,0
12032,2.1718,0
12033,2.2590,0
12034,2.5528,0
12035,2.2854,0
12036,2.5417,0
12037,2.3341,0
12038,2.4028,0
12039,2.4025,0
12040,2.2427,0
12041,2.6448,0
12042,2.2334,0
12043,2.4071,0
12044,2.2641,0
12045,2.6650,0
12046,2.1924,0
12047,2.4232,0
12048,2.5018,0
12049,2.2362,0
12050,2.2145,0
12051,2.3304,0
12052,2.3570,0
12053,2.3912,0
12054,2.4204,0
12055,2.6030,0
12056,2.6785,0
12057,2.5252,0
12058,2.2944,0
12059,2.4878,0
12060,2.2789,0
12061,2.2415,0
12062,2.3142,0
12063,2.4182,0
12064,2.5526,0
12065,2.3596,0
12066,3.0245,0
12067,3.2681,0
12068,2.2844,0
12069,2.3342,0
12070,2.3190,0
12071,2.3720,0
12072,2.3178,0
12073,2.2642,0
12074,2.3721,0
12075,2.1356,0
12076,2.4530,0
12077,2.1013,0
12078,2.7453,0
12079,2.4611,0
12080,2.3339,0
12081,2.4220,0
12082,2.8732,0
12083,2.5919,0
12084,4.0050,0
12085,2.9210,0
12086,2.7342,0
12087,3.0886,0
12088,3.0022,0
12089,3.1172,0
12090,2.8581,0
12091,2.3131,0
12092,2.5962,0
12093,2.0358,0
12094,2.7498,0
12095,2.4681,0
12096,2.8219,0
12097,2.4561,0
12098,2.7595,0
12099,2.7586,0
12100,2.2644,0
12101,2.5974,0
12102,2.4721,0
12103,2.4921,0
12104,2.5727,0
12105,2.5330,0
12106,2.6280,0
12107,2.5205,0
12108,2.6845,0
12109,3.1744,0
12110,2.6259,0
12111,2.5410,0
12112,2.9553,0
12113,3.1211,0
12114,2.6297,0
12115,2.6146,0
12116,2.8062,0
12117,2.5441,0
12118,2.7511,0
12119,3.8151,0
12120,3.5758,0
12121,2.3749,0
12122,2.7321,0
12123,2.2367,0
12124,2.8321,0
12125,2.0987,0
12126,2.2684,0
12127,2.1603,0
12128,2.0581,0
12129,2.1510,0
12130,1.9646,0
12131,2.5227,0
12132,2.3997,0
12133,2.5461,0
12134,2.2517,0
12135,2.0190,0
12136,1.8496,0
12137,2.3912,0
12138,2.2631,0
12139,2.5060,0
12140,2.2175,0
12141,2.4060,0
12142,2.3526,0
12143,2.5375,0
12144,3.0901,0
12145,2.4722,0
12146,2.4650,0
12147,2.8844,0
12148,3.3887,0
12149,2.8261,0
12150,2.2877,0
12151,2.3677,0
12152,2.5942,0
12153,2.4073,0
12154,2.2317,0
12155,3.5080,0
12156,2.4508,0
12157,2.3212,0
12158,2.3109,0
12159,2.1799,0
12160,2.2904,0
12161,2.2500,0
12162,2.3870,0
12163,2.3886,0
12164,2.2942,0
12165,2.2624,0
12166,2.2140,0
12167,2.2605,0
12168,2.0180,0
12169,2.3073,0
12170,2.3841,0
12171,3.0568,0
12172,2.2140,0
12173,2.8924,0
12174,2.2258,0
12175,2.3043,0
12176,2.5667,0
12177,2.2634,0
12178,2.5912,0
12179,2.3050,0
12180,2.2690,0
12181,2.4373,0
12182,2.2705,0
12183,2.4659,0
12184,2.3225,0
12185,2.2375,0
12186,2.4830,0
12187,2.3405,0
12188,2.3586,0
12189,2.5210,0
12190,2.4495,0
12191,2.4260,0
12192,2.2645,0
12193,2.6017,0
12194,2.2921,0
12195,2.4492,0
12196,2.3657,0
12197,2.1665,0
12198,3.0643,0
12199,2.4738,0
12200,2.4153,0
12201,2.5768,0
12202,2.3886,0
12203,2.5485,0
12204,2.5271,0
12205,2.4948,0
12206,2.1981,0
12207,2.2624,0
12208,2.4619,0
12209,2.3011,0
12210,2.3176,0
12211,2.3820,0
12212,2.5681,0
12213,2.6390,0
12214,2.7656,0
12215,2.5439,0
12216,2.5402,0
12217,2.3863,0
12218,2.1281,0
12219,2.3623,0
12220,2.2681,0
12221,2.2807,0
12222,2.4758,0
12223,2.3509,0
12224,2.8944,0
12225,2.4142,0
12226,2.2775,0
12227,2.7613,0
12228,2.3647,0
12229,2.2765,0
12230,2.2674,0
12231,2.4259,0
12232,2.3960,0
12233,2.4476,0
12234,2.8369,0
12235,2.3362,0
12236,2.3353,0
12237,2.5201,0
12238,2.8180,0
12239,2.5276,0
12240,2.3826,0
12241,2.1657,0
12242,2.2906,0
12243,2.3619,0
12244,2.5970,0
12245,2.5614,0
12246,2.3842,0
12247,2.3405,0
12248,2.5200,0
12249,2.4382,0
12250,2.2691,0
12251,2.5713,0
12252,2.7670,0
12253,2.7057,0
12254,2.7542,0
12255,2.8269,0
12256,2.7353,0
12257,3.1687,0
12258,3.1772,0
12259,3.2007,0
12260,2.7385,0
12261,2.6284,0
12262,2.7897,0
12263,2.2366,0
12264,2.6948,0
12265,2.5683,0
12266,2.8321,0
12267,2.4257,0
12268,2.9522,0
12269,3.3152,0
12270,2.9593,0
12271,2.6289,0
12272,2.9568,0
12273,2.8053,0
12274,3.0028,0
12275,2.6481,0
12276,2.8690,0
12277,3.2051,0
12278,2.5608,0
12279,2.4957,0
12280,2.9033,0
12281,2.3633,0
12282,2.5410,0
12283,2.3323,0
12284,2.8763,0
12285,2.3577,0
12286,2.2417,0
12287,2.4876,0
12288,2.3527,0
12289,2.6435,0
12290,2.3743,0
12291,2.3531,0
12292,2.2869,0
12293,2.2499,0
12294,2.1510,0
12295,2.2459,0
12296,2.3304,0
12297,2.2919,0
12298,2.5943,0
12299,2.5040,0
12300,2.3196,0
12301,2.3791,0
12302,2.4278,0
12303,2.3351,0
12304,2.3748,0
12305,2.6365,0
12306,2.5597,0
12307,2.5448,0
12308,2.4427,0
12309,2.4856,0
12310,2.4484,0
12311,2.1414,0
12312,2.1848,0
12313,2.1024,0
12314,2.8072,0
12315,2.4457,0
12316,2.6242,0
12317,2.8199,0
12318,2.8207,0
12319,2.6974,0
12320,2.7943,0
12321,3.0827,0
12322,3.0092,0
12323,3.1171,0
12324,2.8172,0
12325,3.1171,0
12326,2.5752,0
12327,2.6873,0
12328,2.6870,0
12329,2.5426,0
12330,3.2574,0
12331,3.3739,0
12332,2.8458,0
12333,2.9343,0
12334,2.8300,0
12335,3.2557,0
12336,2.7905,0
12337,3.2044,0
12338,2.6259,0
12339,2.9483,0
12340,3.4740,0
12341,2.7501,0
12342,2.5378,0
12343,2.4888,0
12344,3.5289,0
12345,2.8784,0
12346,2.2885,0
12347,2.7833,0
12348,2.6445,0
12349,2.8715,0
12350,2.8292,0
12351,3.2694,0
12352,2.7442,0
12353,3.3243,0
12354,2.8484,0
12355,3.0017,0
12356,3.0244,0
12357,2.3700,0
12358,2.8673,0
12359,2.2281,0
12360,2.9112,0
12361,2.4690,0
12362,3.0116,0
12363,2.4493,0
12364,2.7101,0
12365,2.4651,0
12366,2.6656,0
12367,2.3054,0
12368,2.7613,0
12369,2.3454,0
12370,2.7074,0
12371,2.2534,0
12372,2.6219,0
12373,2.6838,0
12374,2.3190,0
12375,2.8850,0
12376,2.7963,0
12377,2.5504,0
12378,2.2554,0
12379,2.4646,0
12380,2.4935,0
12381,2.2073,0
12382,2.2579,0
12383,2.7633,0
12384,2.2096,0
12385,2.3901,0
12386,2.6713,0
12387,2.2694,0
12388,2.2987,0
12389,2.2311,0
12390,2.7191,0
12391,2.1782,0
12392,3.0397,0
12393,3.0333,0
12394,2.0691,0
12395,2.9565,0
12396,2.3299,0
12397,2.6705,0
12398,2.4520,0
12399,2.8804,0
12400,2.8751,0
12401,2.8264,0
12402,2.7713,0
12403,3.2116,0
12404,3.1281,0
12405,2.9728,0
12406,2.8608,0
12407,3.2065,0
12408,2.9805,0
12409,2.7485,0
12410,2.6696,0
12411,2.4076,0
12412,2.4844,0
12413,2.8925,0
12414,3.3464,0
12415,2.9971,0
12416,2.9028,0
12417,2.8724,0
12418,2.7836,0
12419,2.6472,0
12420,2.8731,0
12421,2.6305,0
12422,2.8308,0
12423,2.7136,0
12424,2.5029,0
12425,2.1363,0
12426,2.5840,0
12427,2.2161,0
12428,2.6193,0
12429,2.4240,0
12430,2.6283,0
12431,2.8093,0
12432,2.5675,0
12433,2.4646,0
12434,2.2724,0
12435,2.6075,0
12436,2.4046,0
12437,2.9604,0
12438,2.8142,0
12439,2.3331,0
12440,2.6055,0
12441,2.9230,0
12442,2.4967,0
12443,2.1726,0
12444,2.0584,0
12445,2.6365,0
12446,2.6448,0
12447,2.7106,0
12448,2.4365,0
12449,2.1006,0
12450,2.4296,0
12451,2.2988,0
12452,2.4342,0
12453,2.4623,0
12454,2.2411,0
12455,2.1251,0
12456,2.1859,0
12457,2.1351,0
12458,2.4154,0
12459,2.3853,0
12460,2.8563,0
12461,3.1556,0
12462,2.9901,0
12463,3.0651,0
12464,2.9790,0
12465,2.5875,0
12466,3.1027,0
12467,2.3213,0
12468,3.0763,0
12469,2.3599,0
12470,2.9279,0
12471,2.5812,0
12472,2.9505,0
12473,3.2971,0
12474,2.7074,0
12475,2.8291,0
12476,2.4969,0
12477,2.8834,0
12478,2.2686,0
12479,2.5069,0
12480,2.1751,0
12481,2.6903,0
12482,2.2026,0
12483,2.7719,0
12484,2.1210,0
12485,2.9424,0
12486,2.5117,0
12487,2.3522,0
12488,2.3335,0
12489,2.7230,0
12490,2.0931,0
12491,2.9073,0
12492,2.5073,0
12493,2.9810,0
12494,2.1567,0
12495,2.5571,0
12496,2.2993,0
12497,2.5881,0
12498,2.4022,0
12499,2.6678,0
12500,2.3715,0
12501,2.5197,0
12502,2.1821,0
12503,2.8275,0
12504,2.3187,0
12505,2.7952,0
12506,2.3378,0
12507,2.7845,0
12508,2.6051,0
12509,2.9701,0
12510,2.1296,0
12511,2.2217,0
12512,2.2694,0
12513,2.1358,0
12514,2.1154,0
12515,2.0915,0
12516,1.9881,0
12517,2.2754,0
12518,2.2400,0
12519,2.5013,0
12520,2.3403,0
12521,2.5992,0
12522,2.9802,0
12523,3.2783,0
12524,3.2143,0
12525,2.8923,0
12526,3.1618,0
12527,2.9568,0
12528,2.1177,0
12529,2.7519,0
12530,2.3932,0
12531,2.8753,0
12532,2.4363,0
12533,2.4890,0
12534,2.3965,0
12535,2.6119,0
12536,2.1133,0
12537,3.1819,0
12538,2.4678,0
12539,3.0691,0
12540,3.1221,0
12541,2.8670,0
12542,3.1056,0
12543,3.0249,0
12544,3.0064,0
12545,3.0391,0
12546,3.1867,0
12547,3.2406,0
12548,3.0653,0
12549,3.2856,0
12550,2.4104,0
12551,2.5677,0
12552,3.1663,0
12553,2.4352,0
12554,2.6263,0
12555,2.1256,0
12556,2.6807,0
12557,2.4635,0
12558,3.6587,0
12559,2.8093,0
12560,2.7759,0
12561,2.8954,0
12562,2.9895,0
12563,3.3127,0
12564,3.0407,0
12565,2.7272,0
12566,2.7747,0
12567,2.8990,0
12568,2.4322,0
12569,2.4901,0
12570,2.5576,0
12571,2.7808,0
12572,2.7251,0
12573,2.7016,0
12574,2.9359,0
12575,3.0796,0
12576,3.1248,0
12577,3.0321,0
12578,2.9755,0
12579,2.9815,0
12580,2.9757,0
12581,2.8491,0
12582,3.1537,0
12583,2.9982,0
12584,2.7056,0
12585,2.7580,0
12586,2.7282,0
12587,3.2673,0
12588,3.1975,0
12589,2.7209,0
12590,2.6431,0
12591,2.6958,0
12592,2.6641,0
12593,2.9545,0
12594,2.3916,0
12595,2.8113,0
12596,2.8861,0
12597,3.3948,0
12598,2.6670,0
12599,2.7525,0
12600,2.8180,0
12601,3.0575,0
12602,2.8513,0
12603,3.0610,0
12604,2.9346,0
12605,2.7349,0
12606,2.6841,0
12607,2.9593,0
12608,2.4124,0
12609,3.2075,0
12610,3.0419,0
12611,3.0278,0
12612,2.8957,0
12613,2.7700,0
12614,2.9529,0
12615,2.5722,0
12616,2.7423,0
12617,2.9356,0
12618,2.7676,0
12619,3.0469,0
12620,2.4590,0
12621,2.8498,0
12622,2.9574,0
12623,2.9495,0
12624,2.8333,0
12625,2.6735,0
12626,2.7642,0
12627,2.4437,0
12628,2.6378,0
12629,2.6455,0
12630,2.9104,0
12631,3.0682,0
12632,2.4317,0
12633,2.7652,0
12634,2.6373,0
12635,3.1606,0
12636,2.8223,0
12637,3.3526,0
12638,2.8132,0
12639,3.0370,0
12640,2.8986,0
12641,2.8567,0
12642,2.5082,0
12643,2.4753,0
12644,3.0474,0
12645,3.3183,0
12646,2.4064,0
12647,2.7923,0
12648,2.2326,0
12649,3.2020,0
12650,3.2547,0
12651,3.1578,0
12652,2.8406,0
12653,3.0616,0
12654,2.8829,0
12655,3.1821,0
12656,3.0455,0
12657,2.6852,0
12658,3.0927,0
12659,2.3636,0
12660,2.5796,0
12661,2.6505,0
12662,2.9939,0
12663,3.5642,0
12664,2.6513,0
12665,2.5921,0
12666,2.6689,0
12667,3.0425,0
12668,2.6248,0
12669,2.5682,0
12670,2.8411,0
12671,2.6446,0
12672,2.5208,0
12673,2.8870,0
12674,2.8444,0
12675,3.0938,0
12676,2.9084,0
12677,2.8189,0
12678,3.1989,0
12679,3.0173,0
12680,2.5090,0
12681,2.5370,0
12682,2.7287,0
12683,2.5093,0
12684,2.4831,0
12685,2.9365,0
12686,3.3028,0
12687,2.6568,0
12688,3.3110,0
12689,3.0162,0
12690,2.3685,0
12691,2.7509,0
12692,2.1672,0
12693,3.1885,0
12694,2.8376,0
12695,2.8214,0
12696,2.8574,0
12697,2.8007,0
12698,2.4770,0
12699,2.5291,0
12700,2.5326,0
12701,2.9289,0
12702,2.8728,0
12703,2.7201,0
12704,2.5163,0
12705,2.5523,0
12706,2.6667,0
12707,2.6654,0
12708,3.0167,0
12709,2.6815,0
12710,2.5894,0
12711,2.8849,0
12712,2.6550,0
12713,3.8897,0
12714,2.9752,0
12715,2.9647,0
12716,3.1939,0
12717,2.6142,0
12718,3.0983,0
12719,2.7129,0
12720,2.8820,0
12721,2.8201,0
12722,2.7365,0
12723,3.1141,0
12724,2.7526,0
12725,3.0211,0
12726,2.4193,0
12727,2.6400,0
12728,2.7264,0
12729,2.8289,0
12730,3.4779,0
12731,3.1471,0
12732,2.8992,0
12733,2.8321,0
12734,2.7079,0
12735,2.7846,0
12736,2.9528,0
12737,2.8814,0
12738,2.5630,0
12739,2.4855,0
12740,2.7270,0
12741,2.4356,0
12742,2.5776,0
12743,3.1745,0
12744,2.7989,0
12745,2.3131,0
12746,2.6374,0
12747,2.3024,0
12748,3.2642,0
12749,2.8410,0
12750,2.5293,0
12751,3.4866,0
12752,2.9905,0
12753,2.6773,0
12754,2.7506,0
12755,3.2840,0
12756,2.9838,0
12757,3.0365,0
12758,2.7459,0
12759,3.1274,0
12760,2.3853,0
12761,2.5703,0
12762,2.6128,0
12763,2.9481,0
12764,2.5255,0
12765,3.0205,0
12766,3.1636,0
12767,2.8523,0
12768,2.2808,0
12769,2.8884,0
12770,2.4959,0
12771,2.5934,0
12772,2.2660,0
12773,2.5649,0
12774,2.4221,0
12775,2.6060,0
12776,2.1491,0
12777,2.6239,0
12778,2.4158,0
12779,3.0091,0
12780,2.6785,0
12781,2.8810,0
12782,2.6453,0
12783,2.9381,0
12784,2.7399,0
12785,2.7472,0
12786,3.0774,0
12787,2.4477,0
12788,2.7812,0
12789,2.3719,0
12790,2.9154,0
12791,2.6287,0
12792,2.8786,0
12793,3.2142,0
12794,2.7981,0
12795,2.7351,0
12796,3.1980,0
12797,2.5093,0
12798,2.7631,0
12799,2.6850,0
12800,3.0552,0
12801,3.2170,0
12802,2.8935,0
12803,3.2742,0
12804,3.4798,0
12805,2.7316,0
12806,3.6311,0
12807,2.7008,0
12808,3.1515,0
12809,2.6933,0
12810,3.2422,0
12811,2.9868,0
12812,2.3848,0
12813,2.9023,0
12814,2.4117,0
12815,3.4835,0
12816,2.7241,0
12817,2.6536,0
12818,2.6955,0
12819,2.8205,0
12820,2.6822,0
12821,3.2500,0
12822,2.6684,0
12823,2.7514,0
12824,2.7603,0
12825,2.7817,0
12826,3.1777,0
12827,2.7173,0
12828,3.2134,0
12829,2.8189,0
12830,2.7761,0
12831,3.3061,0
12832,2.9689,0
12833,2.7853,0
12834,3.3727,0
12835,2.7365,0
12836,3.2900,0
12837,2.8635,0
12838,2.9916,0
12839,2.8156,0
12840,3.1475,0
12841,3.1663,0
12842,2.8612,0
12843,2.8090,0
12844,2.8408,0
12845,3.4162,0
12846,2.8352,0
12847,3.3146,0
12848,2.5317,0
12849,2.8304,0
12850,2.8488,0
12851,2.6588,0
12852,2.6492,0
12853,3.2020,0
12854,2.9306,0
12855,2.6835,0
12856,2.7836,0
12857,2.8297,0
12858,2.6394,0
12859,2.6169,0
12860,2.9457,0
12861,2.5197,0
12862,3.2762,0
12863,2.8114,0
12864,2.9433,0
12865,2.6473,0
12866,2.6236,0
12867,2.6233,0
12868,3.0036,0
12869,2.2340,0
12870,2.9620,0
12871,2.5309,0
12872,2.6632,0
12873,2.2797,0
12874,2.8877,0
12875,2.4733,0
12876,2.7329,0
12877,2.7852,0
12878,2.6719,0
12879,2.8455,0
12880,2.1196,0
12881,2.7719,0
12882,2.2952,0
12883,2.6834,0
12884,2.5722,0
12885,2.6265,0
12886,2.6664,0
12887,2.7197,0
12888,2.2828,0
12889,2.5846,0
12890,2.4033,0
12891,2.5521,0
12892,2.3231,0
12893,2.7167,0
12894,2.7160,0
12895,3.1290,0
12896,3.0935,0
12897,2.4115,0
12898,2.5677,0
12899,3.0386,0
12900,2.5204,0
12901,2.9522,0
12902,3.3156,0
12903,3.1109,0
12904,2.8658,0
12905,3.2335,0
12906,2.6654,0
12907,2.5110,0
12908,2.7915,0
12909,3.1622,0
12910,2.5906,0
12911,2.6668,0
12912,3.1905,0
12913,3.2264,0
12914,2.6246,0
12915,2.5811,0
12916,2.9872,0
12917,2.7477,0
12918,3.2171,0
12919,2.3881,0
12920,2.5971,0
12921,2.5598,0
12922,3.2390,0
12923,3.1572,0
12924,3.0137,0
12925,2.8620,0
12926,3.2237,0
12927,2.7679,0
12928,2.9911,0
12929,2.8999,0
12930,2.7013,0
12931,2.3046,0
12932,2.0661,0
12933,3.1139,0
12934,3.0157,0
12935,2.3433,0
12936,3.0067,0
12937,2.2398,0
12938,2.7624,0
12939,2.2545,0
12940,2.8166,0
12941,3.1231,0
12942,2.6553,0
12943,2.3277,0
12944,2.9230,0
12945,2.7452,0
12946,2.6386,0
12947,3.2523,0
12948,3.0325,0
12949,3.0352,0
12950,2.6069,0
12951,3.2888,0
12952,2.7222,0
12953,2.6330,0
12954,2.3897,0
12955,2.5482,0
12956,2.7482,0
12957,2.8344,0
12958,3.2428,0
12959,2.7461,0
12960,3.0606,0
12961,3.2555,0
12962,2.8141,0
12963,2.9046,0
12964,2.3163,0
12965,2.5280,0
12966,2.3234,0
12967,2.8871,0
12968,2.2955,0
12969,2.7678,0
12970,2.6141,0
12971,2.6160,0
12972,2.5112,0
12973,2.7508,0
12974,2.5951,0
12975,2.9341,0
12976,2.8025,0
12977,2.8211,0
12978,3.3297,0
12979,2.5458,0
12980,3.3130,0
12981,3.3721,0
12982,2.6766,0
12983,2.7735,0
12984,3.4366,0
12985,2.8846,0
12986,2.9831,0
12987,2.9850,0
12988,2.9883,0
12989,2.4420,0
12990,2.9667,0
12991,2.7154,0
12992,2.7415,0
12993,3.0086,0
12994,3.2629,0
12995,2.7142,0
12996,2.9667,0
12997,3.4500,0
12998,2.6338,0
12999,3.1289,0
13000,2.7829,0
13001,2.8055,0
13002,2.7945,0
13003,3.0494,0
13004,2.6683,0
13005,2.7225,0
13006,2.4670,0
13007,3.0727,0
13008,2.6399,0
13009,2.7490,0
13010,3.0854,0
13011,3.3740,0
13012,2.9162,0
13013,3.2330,0
13014,3.1646,0
13015,2.7827,0
13016,2.7687,0
13017,2.6797,0
13018,3.0596,0
13019,2.8095,0
13020,3.3439,0
13021,3.1565,0
13022,2.9406,0
13023,2.7513,0
13024,3.2636,0
13025,2.8855,0
13026,3.0278,0
13027,2.6666,0
13028,2.6579,0
13029,2.8071,0
13030,2.5833,0
13031,2.5038,0
13032,2.5336,0
13033,2.7616,0
13034,2.6496,0
13035,2.9360,0
13036,2.6929,0
13037,2.7804,0
13038,2.7410,0
13039,3.0267,0
13040,2.5233,0
13041,2.6642,0
13042,2.5777,0
13043,2.7686,0
13044,2.8393,0
13045,3.3216,0
13046,3.0167,0
13047,2.4344,0
13048,3.5441,0
13049,2.8692,0
13050,3.3681,0
13051,2.7753,0
13052,2.6876,0
13053,2.8226,0
13054,2.7237,0
13055,2.4164,0
13056,2.8960,0
13057,2.8165,0
13058,2.8517,0
13059,2.6245,0
13060,3.1996,0
13061,2.8350,0
13062,3.0688,0
13063,2.2831,0
13064,2.6560,0
13065,2.3940,0
13066,2.9817,0
13067,2.5657,0
13068,3.0360,0
13069,2.5290,0
13070,3.2503,0
13071,3.4858,0
13072,2.9821,0
13073,3.0600,0
13074,2.6174,0
13075,2.7918,0
13076,2.7570,0
13077,3.0415,0
13078,2.6277,0
13079,2.6545,0
13080,2.4442,0
13081,2.8411,0
13082,2.6417,0
13083,2.8640,0
13084,3.1967,0
13085,3.3335,0
13086,2.8944,0
13087,3.0358,0
13088,3.1209,0
13089,2.8509,0
13090,2.8322,0
13091,2.6031,0
13092,2.6751,0
13093,2.7871,0
13094,3.3636,0
13095,2.6132,0
13096,2.8467,0
13097,2.5593,0
13098,2.8127,0
13099,2.7207,0
13100,2.6216,0
13101,2.7675,0
13102,2.6249,0
13103,2.7878,0
13104,2.7057,0
13105,3.0100,0
13106,2.7133,0
13107,3.1558,0
13108,2.8407,0
13109,3.3150,0
13110,2.8076,0
13111,2.5938,0
13112,2.5823,0
13113,2.9277,0
13114,2.7144,0
13115,3.1701,0
13116,2.7415,0
13117,3.2371,0
13118,2.9755,0
13119,2.5839,0
13120,2.5879,0
13121,2.2539,0
13122,2.4560,0
13123,2.4127,0
13124,2.5111,0
13125,2.3448,0
13126,2.5933,0
13127,2.3629,0
13128,3.0595,0
13129,2.6429,0
13130,3.4140,0
13131,2.8599,0
13132,2.9179,0
13133,2.8565,0
13134,3.1203,0
13135,2.4885,0
13136,2.7467,0
13137,2.2038,0
13138,2.7547,0
13139,2.4099,0
13140,3.4435,0
13141,2.7492,0
13142,2.4908,0
13143,2.5967,0
13144,2.9900,0
13145,2.5999,0
13146,2.5430,0
13147,2.9764,0
13148,2.3368,0
13149,2.5226,0
13150,2.0529,0
13151,2.9624,0
13152,2.3244,0
13153,2.7012,0
13154,2.2686,0
13155,2.8893,0
13156,2.4706,0
13157,2.9244,0
13158,2.4853,0
13159,3.1700,0
13160,2.6268,0
13161,2.5795,0
13162,2.8138,0
13163,2.6745,0
13164,3.3990,0
13165,2.5778,0
13166,2.4095,0
13167,2.5745,0
13168,2.5262,0
13169,2.7425,0
13170,2.6990,0
13171,2.3344,0
13172,2.9387,0
13173,2.8861,0
13174,2.7150,0
13175,3.3910,0
13176,2.9864,0
13177,2.9068,0
13178,2.5524,0
13179,2.6096,0
13180,2.9607,0
13181,2.9628,0
13182,3.0730,0
13183,3.0290,0
13184,2.9274,0
13185,2.4652,0
13186,2.6643,0
13187,2.3045,0
13188,2.6571,0
13189,2.1352,0
13190,2.6897,0
13191,2.3929,0
13192,2.6972,0
13193,2.2597,0
13194,3.0709,0
13195,2.6094,0
13196,3.2032,0
13197,2.7244,0
13198,2.3504,0
13199,2.3608,0
13200,2.7130,0
13201,2.7655,0
13202,2.9198,0
13203,2.4605,0
13204,2.2570,0
13205,3.3211,0
13206,2.7839,0
13207,2.7053,0
13208,2.5946,0
13209,2.7109,0
13210,2.4682,0
13211,2.4459,0
13212,2.3378,0
13213,2.7094,0
13214,2.7532,0
13215,2.8606,0
13216,2.6676,0
13217,2.4771,0
13218,2.6524,0
13219,2.9115,0
13220,2.4988,0
13221,2.8864,0
13222,2.7243,0
13223,2.4891,0
13224,2.6316,0
13225,2.5789,0
13226,3.1389,0
13227,2.9747,0
13228,2.6873,0
13229,2.5853,0
13230,2.4246,0
13231,2.6431,0
13232,2.6946,0
13233,3.0346,0
13234,2.5176,0
13235,2.5376,0
13236,3.2170,0
13237,2.6559,0
13238,3.1013,0
13239,2.7682,0
13240,2.3582,0
13241,2.8734,0
13242,2.8748,0
13243,2.7009,0
13244,2.5825,0
13245,2.5145,0
13246,2.3619,0
13247,2.5363,0
13248,2.9032,0
13249,2.8309,0
13250,2.7649,0
13251,2.7252,0
13252,3.1993,0
13253,2.7892,0
13254,2.5776,0
13255,2.9115,0
13256,2.8508,0
13257,2.6394,0
13258,3.0734,0
13259,2.9560,0
13260,2.6455,0
13261,3.1948,0
13262,3.3015,0
13263,2.9012,0
13264,3.1327,0
13265,2.7198,0
13266,2.7570,0
13267,2.9492,0
13268,3.0120,0
13269,2.9323,0
13270,2.6373,0
13271,2.8365,0
13272,2.3509,0
13273,2.7376,0
13274,2.9173,0
13275,2.4972,0
13276,2.7416,0
13277,2.4351,0
13278,2.6374,0
13279,2.4186,0
13280,2.9111,0
13281,3.2678,0
13282,3.0583,0
13283,3.0828,0
13284,2.8125,0
13285,3.4341,0
13286,2.5391,0
13287,3.1878,0
13288,3.0695,0
13289,2.9553,0
13290,2.3675,0
13291,2.6170,0
13292,3.0334,0
13293,2.5211,0
13294,2.5246,0
13295,3.0276,0
13296,2.9493,0
13297,2.9656,0
13298,3.0528,0
13299,2.9491,0
13300,2.7123,0
13301,3.0994,0
13302,3.2267,0
13303,2.9715,0
13304,3.0922,0
13305,2.8007,0
13306,2.7373,0
13307,2.9061,0
13308,2.9454,0
13309,3.2700,0
13310,2.5164,0
13311,2.6347,0
13312,2.7292,0
13313,2.5929,0
13314,2.6276,0
13315,2.3849,0
13316,2.7487,0
13317,2.3295,0
13318,2.8406,0
13319,2.7248,0
13320,2.3565,0
13321,2.3789,0
13322,2.3800,0
13323,2.1550,0
13324,2.3168,0
13325,2.2245,0
13326,2.6933,0
13327,2.6487,0
13328,2.5570,0
13329,2.3657,0
13330,2.1486,0
13331,2.8598,0
13332,2.3155,0
13333,2.8531,0
13334,2.5215,0
13335,2.3606,0
13336,2.2567,0
13337,2.6613,0
13338,3.1177,0
13339,2.8655,0
13340,2.7285,0
13341,2.5883,0
13342,3.1172,0
13343,2.8542,0
13344,2.5120,0
13345,2.7447,0
13346,2.6706,0
13347,2.5955,0
13348,2.7897,0
13349,2.8492,0
13350,3.6517,0
13351,2.7692,0
13352,2.5889,0
13353,2.4077,0
13354,2.3672,0
13355,2.3026,0
13356,2.7478,0
13357,2.8811,0
13358,2.5395,0
13359,2.3204,0
13360,2.3670,0
13361,2.8155,0
13362,3.0593,0
13363,2.7842,0
13364,2.5615,0
13365,2.4166,0
13366,2.2467,0
13367,2.2720,0
13368,2.1697,0
13369,2.3511,0
13370,2.3418,0
13371,2.5350,0
13372,2.5369,0
13373,2.2770,0
13374,2.5577,0
13375,2.9661,0
13376,2.2384,0
13377,2.7781,0
13378,2.4496,0
13379,2.9113,0
13380,2.9304,0
13381,2.5402,0
13382,2.4239,0
13383,2.6012,0
13384,2.1759,0
13385,3.4791,0
13386,2.7376,0
13387,2.5858,0
13388,2.7841,0
13389,2.7198,0
13390,3.0094,0
13391,3.1375,0
13392,2.6922,0
13393,3.5820,0
13394,2.6918,0
13395,2.2946,0
13396,2.5971,0
13397,2.6715,0
13398,2.6693,0
13399,2.4183,0
13400,2.5997,0
13401,2.4091,0
13402,2.4766,0
13403,3.1682,0
13404,2.8203,0
13405,3.0836,0
13406,3.2041,0
13407,3.1995,0
13408,2.4444,0
13409,2.4669,0
13410,3.0186,0
13411,2.6976,0
13412,3.1196,0
13413,2.1800,0
13414,2.8409,0
13415,2.6228,0
13416,2.6179,0
13417,2.4852,0
13418,2.9170,0
13419,2.6896,0
13420,2.4300,0
13421,2.5134,0
13422,2.4777,0
13423,2.4010,0
13424,2.5929,0
13425,2.8484,0
13426,2.6156,0
13427,2.5013,0
13428,2.5759,0
13429,2.5275,0
13430,2.9977,0
13431,3.0999,0
13432,2.9870,0
13433,3.0656,0
13434,2.5721,0
13435,3.0614,0
13436,3.0444,0
13437,3.3958,0
13438,2.7368,0
13439,2.8098,0
13440,3.2604,0
13441,2.8311,0
13442,3.2443,0
13443,2.7480,0
13444,2.5112,0
13445,2.6778,0
13446,3.1346,0
13447,2.9795,0
13448,2.7420,0
13449,2.7182,0
13450,2.4600,0
13451,3.0131,0
13452,2.6018,0
13453,2.7212,0
13454,3.7677,0
13455,3.1628,0
13456,2.7139,0
13457,3.1560,0
13458,2.7020,0
13459,2.6983,0
13460,2.5988,0
13461,2.7493,0
13462,2.5403,0
13463,2.5929,0
13464,3.0057,0
13465,2.8094,0
13466,3.2111,0
13467,2.6076,0
13468,2.7231,0
13469,3.6417,0
13470,2.8324,0
13471,2.8368,0
13472,2.6371,0
13473,2.7462,0
13474,2.7399,0
13475,2.4148,0
13476,7.1696,0
13477,6.5397,0
13478,5.6708,0
13479,4.8156,0
13480,3.5235,0
13481,3.7555,0
13482,3.4645,0
13483,3.6019,0
13484,3.6270,0
13485,2.8954,0
13486,3.0742,0
13487,2.9151,0
13488,3.0696,0
13489,2.8597,0
13490,2.7073,0
13491,3.3128,0
13492,2.8291,0
13493,3.0630,0
13494,2.8196,0
13495,3.0705,0
13496,3.1478,0
13497,3.1254,0
13498,3.0994,0
13499,2.8674,0
13500,3.4323,0
13501,2.8757,0
13502,2.7731,0
13503,2.9628,0
13504,2.8598,0
13505,3.1704,0
13506,4.0132,0
13507,3.1824,0
13508,2.9339,0
13509,2.9912,0
13510,2.9104,0
13511,3.2591,0
13512,3.7504,0
13513,3.8201,0
13514,3.1393,0
13515,3.0660,0
13516,3.5031,0
13517,3.6598,0
13518,3.7185,0
13519,3.2018,0
13520,3.6198,0
13521,4.2817,0
13522,3.1180,0
13523,3.0270,0
13524,3.6644,0
13525,3.1619,0
13526,3.2867,0
13527,2.4750,0
13528,3.1216,0
13529,2.4999,0
13530,3.2587,0
13531,3.1574,0
13532,3.3195,0
13533,2.4701,0
13534,3.0865,0
13535,2.6073,0
13536,2.8648,0
13537,2.6968,0
13538,2.7961,0
13539,2.6686,0
13540,2.8193,0
13541,2.6462,0
13542,2.6238,0
13543,2.7151,0
13544,2.7937,0
13545,2.7754,0
13546,2.8273,0
13547,2.7754,0
13548,2.4608,0
13549,2.4116,0
13550,2.9848,0
13551,2.2413,0
13552,2.1572,0
13553,2.0835,0
13554,1.9974,0
13555,1.9770,0
13556,1.9465,0
13557,1.9604,0
13558,2.0614,0
13559,2.1714,0
13560,2.3912,0
13561,2.6778,0
13562,2.3135,0
13563,2.4467,0
13564,2.6269,0
13565,2.1788,0
13566,2.1090,0
13567,2.2871,0
13568,1.9975,0
13569,2.2086,0
13570,2.1750,0
13571,2.0559,0
13572,2.2738,0
13573,2.3301,0
13574,2.1447,0
13575,2.4321,0
13576,2.3373,0
13577,2.3746,0
13578,2.4552,0
13579,2.2621,0
13580,2.5397,0
13581,2.5330,0
13582,2.0668,0
13583,2.1599,0
13584,2.2923,0
13585,2.8461,0
13586,2.3566,0
13587,2.6892,0
13588,2.3759,0
13589,2.9230,0
13590,2.3977,0
13591,2.6100,0
13592,2.6630,0
13593,3.3471,0
13594,2.6061,0
13595,2.3122,0
13596,2.7312,0
13597,2.3352,0
13598,2.6450,0
13599,2.6721,0
13600,2.8317,0
13601,2.6950,0
13602,2.7420,0
13603,2.6656,0
13604,2.6863,0
13605,2.7770,0
13606,2.6127,0
13607,2.5722,0
13608,2.2352,0
13609,2.3936,0
13610,2.4445,0
13611,2.4451,0
13612,2.6040,0
13613,2.4493,0
13614,2.8234,0
13615,2.5692,0
13616,2.3293,0
13617,2.9744,0
13618,2.4948,0
13619,2.2645,0
13620,2.7083,0
13621,2.2441,0
13622,2.5914,0
13623,2.2133,0
13624,2.6896,0
13625,2.0752,0
13626,2.2383,0
13627,2.1604,0
13628,2.0631,0
13629,2.1271,0
13630,2.3826,0
13631,2.2866,0
13632,2.3389,0
13633,2.3616,0
13634,2.1182,0
13635,2.1714,0
13636,2.0664,0
13637,2.0828,0
13638,2.3383,0
13639,2.0758,0
13640,2.0350,0
13641,2.5201,0
13642,2.2000,0
13643,2.3535,0
13644,2.1651,0
13645,2.4535,0
13646,2.3652,0
13647,2.7292,0
13648,3.0052,0
13649,2.2945,0
13650,3.3607,0
13651,2.6543,0
13652,2.6472,0
13653,2.3513,0
13654,2.8654,0
13655,2.7598,0
13656,2.9048,0
13657,3.2898,0
13658,2.7711,0
13659,3.2405,0
13660,2.7463,0
13661,2.8858,0
13662,3.1982,0
13663,3.2035,0
13664,2.5439,0
13665,2.5629,0
13666,2.6423,0
13667,3.1155,0
13668,3.0658,0
13669,2.7565,0
13670,2.9837,0
13671,2.9399,0
13672,2.8343,0
13673,2.6947,0
13674,2.7274,0
13675,2.6990,0
13676,2.2801,0
13677,2.2596,0
13678,2.3325,0
13679,2.3157,0
13680,2.3095,0
13681,2.3463,0
13682,2.8002,0
13683,2.2413,0
13684,2.2783,0
13685,2.4767,0
13686,2.4338,0
13687,2.2678,0
13688,2.3122,0
13689,2.6778,0
13690,2.3381,0
13691,2.7848,0
13692,2.5721,0
13693,3.2133,0
13694,2.5084,0
13695,2.7944,0
13696,2.9589,0
13697,2.6569,0
13698,2.2401,0
13699,2.7146,0
13700,2.1972,0
13701,2.2001,0
13702,2.8289,0
13703,2.2891,0
13704,2.2437,0
13705,2.4445,0
13706,2.4924,0
13707,2.7115,0
13708,2.5433,0
13709,2.2833,0
13710,2.2441,0
13711,2.4284,0
13712,2.5032,0
13713,2.5186,0
13714,2.4906,0
13715,2.3881,0
13716,2.2439,0
13717,2.4433,0
13718,2.3169,0
13719,2.1107,0
13720,2.3654,0
13721,2.3893,0
13722,2.3045,0
13723,2.3940,0
13724,2.0640,0
13725,2.2578,0
13726,2.2075,0
13727,2.5213,0
13728,2.4243,0
13729,2.3405,0
13730,2.5366,0
13731,2.2655,0
13732,2.5900,0
13733,2.8076,0
13734,2.8328,0
13735,2.5767,0
13736,2.6231,0
13737,2.3229,0
13738,2.1314,0
13739,2.2289,0
13740,2.5603,0
13741,2.3830,0
13742,2.1899,0
13743,2.1690,0
13744,2.2125,0
13745,2.3442,0
13746,2.3979,0
13747,2.3712,0
13748,2.3892,0
13749,2.3454,0
13750,2.4730,0
13751,2.4592,0
13752,2.5070,0
13753,2.5571,0
13754,2.5309,0
13755,2.3428,0
13756,2.3697,0
13757,2.4334,0
13758,2.2440,0
13759,2.9698,0
13760,2.2731,0
13761,2.4259,0
13762,2.9397,0
13763,2.8982,0
13764,2.1918,0
13765,2.3268,0
13766,2.7306,0
13767,2.2634,0
13768,2.1523,0
13769,2.2573,0
13770,2.2222,0
13771,2.2842,0
13772,2.5078,0
13773,2.8615,0
13774,2.6746,0
13775,2.3713,0
13776,2.6872,0
13777,2.4148,0
13778,2.5332,0
13779,2.1625,0
13780,2.6008,0
13781,2.2746,0
13782,2.2661,0
13783,2.2913,0
13784,2.6973,0
13785,2.6371,0
13786,2.4468,0
13787,2.6702,0
13788,2.5485,0
13789,2.4171,0
13790,2.3623,0
13791,2.3084,0
13792,2.3023,0
13793,2.9855,0
13794,2.8280,0
13795,2.4390,0
13796,2.2908,0
13797,2.3338,0
13798,2.4702,0
13799,2.3945,0
13800,2.3176,0
13801,2.2683,0
13802,2.3042,0
13803,2.5506,0
13804,2.7574,0
13805,2.3124,0
13806,2.3462,0
13807,2.2936,0
13808,2.4916,0
13809,2.4018,0
13810,2.4816,0
13811,2.4797,0
13812,2.4479,0
13813,2.1697,0
13814,2.3407,0
13815,2.2123,0
13816,2.2896,0
13817,2.3993,0
13818,2.3647,0
13819,2.3877,0
13820,2.1912,0
13821,2.5120,0
13822,2.2786,0
13823,2.7348,0
13824,2.5129,0
13825,2.3255,0
13826,2.4045,0
13827,2.2120,0
13828,2.9040,0
13829,2.4148,0
13830,2.4028,0
13831,2.3787,0
13832,2.2859,0
13833,2.2415,0
13834,2.4321,0
13835,2.3170,0
13836,2.3425,0
13837,2.8319,0
13838,2.6094,0
13839,2.1486,0
13840,2.4409,0
13841,2.3442,0
13842,2.4654,0
13843,2.4238,0
13844,2.0370,0
13845,2.4191,0
13846,2.2583,0
13847,2.4014,0
13848,2.2782,0
13849,2.3200,0
13850,2.2468,0
13851,2.1970,0
13852,2.4601,0
13853,2.4211,0
13854,2.3736,0
13855,2.2222,0
13856,2.5662,0
13857,2.4849,0
13858,2.3326,0
13859,2.3065,0
13860,2.1871,0
13861,2.5580,0
13862,2.8419,0
13863,2.4436,0
13864,2.3295,0
13865,2.3846,0
13866,2.4685,0
13867,2.4975,0
13868,3.0310,0
13869,2.6241,0
13870,2.3860,0
13871,2.3838,0
13872,2.2436,0
13873,2.2809,0
13874,2.3538,0
13875,2.3790,0
13876,2.4428,0
13877,2.2922,0
13878,2.4167,0
13879,2.3318,0
13880,2.6402,0
13881,2.4496,0
13882,2.3437,0
13883,2.3608,0
13884,2.2256,0
13885,2.3382,0
13886,2.2390,0
13887,2.4355,0
13888,2.6139,0
13889,2.4034,0
13890,2.4548,0
13891,2.1991,0
13892,2.4870,0
13893,2.5011,0
13894,2.7571,0
13895,2.5297,0
13896,2.4976,0
13897,2.3800,0
13898,2.2621,0
13899,2.4366,0
13900,2.4036,0
13901,2.4351,0
13902,2.3334,0
13903,2.2234,0
13904,2.3591,0
13905,2.2745,0
13906,2.4038,0
13907,2.5337,0
13908,2.4108,0
13909,2.3990,0
13910,2.2760,0
13911,2.3412,0
13912,2.3284,0
13913,2.1463,0
13914,2.5113,0
13915,2.4449,0
13916,2.3644,0
13917,2.2556,0
13918,2.3941,0
13919,2.3374,0
13920,2.3468,0
13921,2.6063,0
13922,2.5453,0
13923,2.2390,0
13924,2.2789,0
13925,2.7863,0
13926,2.4423,0
13927,2.4087,0
13928,2.3674,0
13929,2.2528,0
13930,2.4617,0
13931,2.3559,0
13932,2.2623,0
13933,2.2440,0
13934,2.3159,0
13935,3.0375,0
13936,2.3018,0
13937,2.5465,0
13938,2.4706,0
13939,2.3790,0
13940,2.5160,0
13941,2.3848,0
13942,2.4427,0
13943,2.2925,0
13944,2.2570,0
13945,2.3052,0
13946,2.4250,0
13947,2.4146,0
13948,2.4186,0
13949,2.4820,0
13950,2.3145,0
13951,2.3928,0
13952,2.3542,0
13953,2.4188,0
13954,2.5071,0
13955,2.5636,0
13956,2.3109,0
13957,2.3515,0
13958,2.2951,0
13959,2.3005,0
13960,2.3882,0
13961,2.3230,0
13962,2.3460,0
13963,2.6509,0
13964,2.5897,0
13965,2.3813,0
13966,2.4684,0
13967,2.5359,0
13968,2.4468,0
13969,2.5378,0
13970,2.8937,0
13971,2.2782,0
13972,2.4120,0
13973,2.3600,0
13974,2.2284,0
13975,2.2408,0
13976,2.1282,0
13977,2.8436,0
13978,2.4040,0
13979,2.1858,0
13980,2.5000,0
13981,2.3361,0
13982,2.2971,0
13983,2.2621,0
13984,2.3132,0
13985,2.4566,0
13986,2.2507,0
13987,2.4749,0
13988,2.3032,0
13989,2.5369,0
13990,2.3734,0
13991,2.4264,0
13992,2.3978,0
13993,2.5558,0
13994,2.2953,0
13995,2.2449,0
13996,2.3093,0
13997,2.1941,0
13998,2.2272,0
13999,2.5070,0
14000,2.4575,0
14001,2.4359,0
14002,2.8192,0
14003,2.3368,0
14004,2.3174,0
14005,2.7262,0
14006,2.4505,0
14007,2.4145,0
14008,2.2680,0
14009,2.1650,0
14010,2.7595,0
14011,2.3806,0
14012,2.4966,0
14013,2.5110,0
14014,2.2968,0
14015,2.3479,0
14016,2.2036,0
14017,2.1935,0
14018,2.4313,0
14019,2.7687,0
14020,2.6341,0
14021,2.4149,0
14022,2.2588,0
14023,2.2675,0
14024,2.4618,0
14025,2.4148,0
14026,2.2266,0
14027,2.2511,0
14028,2.7142,0
14029,2.4919,0
14030,2.5491,0
14031,2.3051,0
14032,2.3036,0
14033,2.2124,0
14034,2.3105,0
14035,2.3403,0
14036,2.2169,0
14037,2.2941,0
14038,2.4169,0
14039,2.9157,0
14040,2.4481,0
14041,2.2909,0
14042,2.2721,0
14043,2.6601,0
14044,2.5077,0
14045,2.4580,0
14046,3.0531,0
14047,2.7131,0
14048,2.2722,0
14049,2.3383,0
14050,2.4030,0
14051,2.3080,0
14052,2.1691,0
14053,2.1886,0
14054,2.3134,0
14055,2.2685,0
14056,2.3709,0
14057,2.5249,0
14058,2.5785,0
14059,2.4021,0
14060,2.3074,0
14061,2.2285,0
14062,2.3040,0
14063,2.3641,0
14064,2.2708,0
14065,2.2611,0
14066,2.5086,0
14067,2.1641,0
14068,2.2152,0
14069,2.9104,0
14070,2.2827,0
14071,2.1727,0
14072,2.3660,0
14073,2.1211,0
14074,2.3683,0
14075,2.6739,0
14076,2.5836,0
14077,2.3797,0
14078,2.3343,0
14079,2.2742,0
14080,2.3216,0
14081,2.3681,0
14082,2.1658,0
14083,2.5776,0
14084,2.3385,0
14085,2.2282,0
14086,2.3092,0
14087,2.4479,0
14088,2.4270,0
14089,2.7302,0
14090,2.9087,0
14091,2.4405,0
14092,2.7178,0
14093,2.4225,0
14094,2.1867,0
14095,2.4163,0
14096,2.3210,0
14097,2.3321,0
14098,2.3974,0
14099,2.4769,0
14100,2.5223,0
14101,2.3561,0
14102,2.4565,0
14103,2.4254,0
14104,2.3008,0
14105,2.4619,0
14106,2.2805,0
14107,2.4147,0
14108,2.2884,0
14109,2.2180,0
14110,2.3848,0
14111,2.4534,0
14112,2.3497,0
14113,2.4206,0
14114,2.3008,0
14115,2.1923,0
14116,2.2630,0
14117,2.3266,0
14118,2.4526,0
14119,2.1465,0
14120,2.2065,0
14121,2.4381,0
14122,2.2802,0
14123,2.3909,0
14124,2.3331,0
14125,2.2750,0
14126,2.2512,0
14127,2.3556,0
14128,2.4556,0
14129,2.3982,0
14130,2.4650,0
14131,2.5059,0
14132,2.7543,0
14133,2.3339,0
14134,2.3663,0
14135,2.7449,0
14136,2.2961,0
14137,2.4546,0
14138,2.2836,0
14139,2.4166,0
14140,2.3589,0
14141,2.2781,0
14142,2.4346,0
14143,2.6490,0
14144,2.4527,0
14145,2.3239,0
14146,2.3587,0
14147,2.3450,0
14148,2.0588,0
14149,2.5386,0
14150,2.1331,0
14151,2.3332,0
14152,2.6016,0
14153,2.2185,0
14154,2.4898,0
14155,3.0104,0
14156,2.9256,0
14157,2.3586,0
14158,2.3318,0
14159,2.7133,0
14160,2.4108,0
14161,2.4887,0
14162,2.2639,0
14163,2.2661,0
14164,2.5462,0
14165,2.3533,0
14166,2.2489,0
14167,2.2581,0
14168,2.5141,0
14169,2.4684,0
14170,2.3312,0
14171,2.2585,0
14172,2.3078,0
14173,2.6805,0
14174,2.4686,0
14175,3.0011,0
14176,2.3154,0
14177,2.2107,0
14178,2.2948,0
14179,2.3864,0
14180,2.7963,0
14181,2.4500,0
14182,2.4846,0
14183,2.3754,0
14184,2.3408,0
14185,2.4854,0
14186,2.7224,0
14187,2.5531,0
14188,2.4272,0
14189,2.5742,0
14190,2.3486,0
14191,2.3636,0
14192,2.5503,0
14193,2.6086,0
14194,2.8988,0
14195,2.3080,0
14196,2.2055,0
14197,2.1931,0
14198,2.4308,0
14199,2.3440,0
14200,2.3216,0
14201,2.5051,0
14202,2.7012,0
14203,2.6930,0
14204,2.2073,0
14205,2.4020,0
14206,2.5762,0
14207,2.3011,0
14208,2.2833,0
14209,2.2491,0
14210,2.7846,0
14211,2.6132,0
14212,2.4954,0
14213,2.4488,0
14214,2.6496,0
14215,2.3940,0
14216,2.3052,0
14217,2.5048,0
14218,2.8117,0
14219,2.3099,0
14220,2.4523,0
14221,2.2201,0
14222,2.3537,0
14223,2.5333,0
14224,2.7231,0
14225,2.4765,0
14226,2.1346,0
14227,2.3295,0
14228,2.1993,0
14229,2.3709,0
14230,2.2805,0
14231,2.5038,0
14232,2.5395,0
14233,2.9556,0
14234,2.4192,0
14235,2.4522,0
14236,2.4359,0
14237,2.3073,0
14238,2.2982,0
14239,2.2859,0
14240,2.2213,0
14241,2.8729,0
14242,2.3494,0
14243,2.4268,0
14244,2.6382,0
14245,2.2044,0
14246,2.2424,0
14247,2.2118,0
14248,2.4805,0
14249,2.2803,0
14250,2.2072,0
14251,2.4621,0
14252,2.2834,0
14253,2.2640,0
14254,2.3835,0
14255,2.4933,0
14256,2.8591,0
14257,2.3645,0
14258,2.4593,0
14259,2.3311,0
14260,2.3754,0
14261,2.3411,0
14262,2.2904,0
14263,2.3881,0
14264,2.2313,0
14265,2.1521,0
14266,2.3991,0
14267,2.3514,0
14268,2.2961,0
14269,2.5353,0
14270,2.2680,0
14271,2.6507,0
14272,2.4981,0
14273,2.4037,0
14274,2.4553,0
14275,2.2848,0
14276,2.3502,0
14277,2.2851,0
14278,2.4332,0
14279,2.5928,0
14280,2.4237,0
14281,2.3273,0
14282,2.4333,0
14283,2.3650,0
14284,2.4533,0
14285,2.3133,0
14286,2.4869,0
14287,2.3005,0
14288,2.4318,0
14289,2.2557,0
14290,2.2719,0
14291,2.6114,0
14292,2.3799,0
14293,2.3284,0
14294,2.4248,0
14295,2.5457,0
14296,2.3620,0
14297,2.5500,0
14298,2.5880,0
14299,2.4264,0
14300,2.6074,0
14301,2.3232,0
14302,2.2992,0
14303,2.2075,0
14304,2.4140,0
14305,2.8505,0
14306,2.1872,0
14307,2.4363,0
14308,2.5158,0
14309,2.8152,0
14310,2.6056,0
14311,2.2368,0
14312,2.3331,0
14313,2.1811,0
14314,2.2976,0
14315,2.4049,0
14316,2.5197,0
14317,2.6023,0
14318,2.3075,0
14319,2.3120,0
14320,2.3653,0
14321,2.3516,0
14322,2.4480,0
14323,2.3973,0
14324,2.3048,0
14325,2.3830,0
14326,2.3990,0
14327,2.3344,0
14328,2.4015,0
14329,2.3756,0
14330,2.3558,0
14331,2.2962,0
14332,2.4375,0
14333,2.4948,0
14334,2.4679,0
14335,2.5836,0
14336,2.8347,0
14337,2.6847,0
14338,2.4262,0
14339,2.6833,0
14340,2.3534,0
14341,2.2467,0
14342,2.8014,0
14343,2.6492,0
14344,2.6909,0
14345,2.4045,0
14346,2.3336,0
14347,2.3518,0
14348,2.2535,0
14349,2.2477,0
14350,2.3888,0
14351,2.3895,0
14352,2.4020,0
14353,2.6603,0
14354,2.3468,0
14355,2.5590,0
14356,2.2726,0
14357,2.5186,0
14358,3.1948,0
14359,2.2021,0
14360,2.4443,0
14361,2.2585,0
14362,2.2369,0
14363,2.3736,0
14364,2.2441,0
14365,2.3095,0
14366,2.2204,0
14367,2.3299,0
14368,2.7173,0
14369,2.5506,0
14370,2.5805,0
14371,2.2872,0
14372,2.3464,0
14373,2.4804,0
14374,2.3368,0
14375,2.2099,0
14376,2.3084,0
14377,2.2733,0
14378,2.3576,0
14379,2.4176,0
14380,2.4299,0
14381,2.5475,0
14382,2.5314,0
14383,2.5325,0
14384,2.3186,0
14385,2.3155,0
14386,2.5419,0
14387,2.3433,0
14388,2.3295,0
14389,2.2622,0
14390,2.4227,0
14391,2.8451,0
14392,2.9846,0
14393,2.8406,0
14394,2.6394,0
14395,2.2599,0
14396,2.4590,0
14397,2.2505,0
14398,2.3455,0
14399,2.4608,0
14400,2.2647,0
14401,2.4233,0
14402,2.3350,0
14403,2.4481,0
14404,2.4779,0
14405,2.3796,0
14406,2.5058,0
14407,2.4235,0
14408,2.4349,0
14409,2.3803,0
14410,2.4167,0
14411,2.7832,0
14412,2.5529,0
14413,2.5036,0
14414,2.9823,0
14415,2.3382,0
14416,2.5835,0
14417,2.5027,0
14418,2.3875,0
14419,2.6144,0
14420,2.4143,0
14421,2.6029,0
14422,2.2876,0
14423,2.3891,0
14424,2.3918,0
14425,2.7857,0
14426,2.4870,0
14427,2.4654,0
14428,2.3253,0
14429,2.2347,0
14430,2.2930,0
14431,2.4365,0
14432,2.1997,0
14433,2.4414,0
14434,2.3349,0
14435,2.4468,0
14436,2.3928,0
14437,2.3569,0
14438,2.3994,0
14439,2.4715,0
14440,2.9274,0
14441,2.4304,0
14442,2.4327,0
14443,2.4859,0
14444,2.4858,0
14445,2.5403,0
14446,3.0386,0
14447,2.3757,0
14448,2.2098,0
14449,2.2814,0
14450,2.5033,0
14451,2.8394,0
14452,2.4434,0
14453,2.4249,0
14454,2.3114,0
14455,2.3290,0
14456,2.2665,0
14457,2.2405,0
14458,2.2592,0
14459,2.6035,0
14460,2.5884,0
14461,2.5499,0
14462,2.9967,0
14463,2.4541,0
14464,2.3439,0
14465,2.4037,0
14466,2.2098,0
14467,2.4710,0
14468,2.4863,0
14469,2.3785,0
14470,2.6116,0
14471,2.4474,0
14472,2.2512,0
14473,2.1525,0
14474,2.5873,0
14475,2.7191,0
14476,2.5403,0
14477,2.3466,0
14478,2.1965,0
14479,2.3752,0
14480,2.2870,0
14481,2.3953,0
14482,2.5539,0
14483,2.5505,0
14484,2.5885,0
14485,2.3464,0
14486,2.3483,0
14487,2.2898,0
14488,2.5153,0
14489,2.3913,0
14490,2.2718,0
14491,2.3716,0
14492,2.4340,0
14493,2.2962,0
14494,2.3923,0
14495,2.3731,0
14496,2.6103,0
14497,2.8571,0
14498,2.3659,0
14499,2.2608,0
14500,2.3014,0
14501,2.4149,0
14502,2.3644,0
14503,2.4440,0
14504,2.5597,0
14505,2.3725,0
14506,2.3666,0
14507,2.3550,0
14508,2.7120,0
14509,2.4304,0
14510,2.5258,0
14511,2.4217,0
14512,2.5952,0
14513,2.4440,0
14514,2.3564,0
14515,2.2458,0
14516,2.2930,0
14517,2.5317,0
14518,2.3185,0
14519,2.3227,0
14520,2.4234,0
14521,2.2664,0
14522,2.4974,0
14523,2.3022,0
14524,2.3910,0
14525,2.5024,0
14526,2.5497,0
14527,2.5082,0
14528,2.3218,0
14529,2.3966,0
14530,2.3570,0
14531,2.4252,0
14532,2.4938,0
14533,2.2693,0
14534,2.2711,0
14535,2.2956,0
14536,2.3736,0
14537,2.2517,0
14538,2.3380,0
14539,2.3465,0
14540,2.3916,0
14541,2.6361,0
14542,2.5988,0
14543,2.3984,0
14544,2.4131,0
14545,2.4011,0
14546,2.5232,0
14547,2.3762,0
14548,2.5414,0
14549,2.3651,0
14550,2.6285,0
14551,2.2925,0
14552,2.2912,0
14553,2.2835,0
14554,2.3704,0
14555,2.3611,0
14556,2.3041,0
14557,2.4133,0
14558,2.3619,0
14559,2.3411,0
14560,2.5472,0
14561,2.5309,0
14562,2.4899,0
14563,2.3761,0
14564,2.4683,0
14565,2.3812,0
14566,2.4132,0
14567,2.3745,0
14568,2.1556,0
14569,2.4374,0
14570,2.4414,0
14571,2.4007,0
14572,2.8052,0
14573,3.1699,0
14574,2.6107,0
14575,2.3509,0
14576,2.1810,0
14577,2.1905,0
14578,2.2894,0
14579,2.7794,0
14580,2.4027,0
14581,2.3547,0
14582,2.4417,0
14583,2.8479,0
14584,2.4881,0
14585,2.7197,0
14586,2.5127,0
14587,2.4360,0
14588,2.6689,0
14589,2.8321,0
14590,2.6930,0
14591,2.3319,0
14592,2.1608,0
14593,2.3586,0
14594,2.4996,0
14595,2.2187,0
14596,2.3147,0
14597,2.6343,0
14598,3.4980,0
14599,2.6947,0
14600,2.6471,0
14601,2.5191,0
14602,2.4968,0
14603,2.2656,0
14604,2.5033,0
14605,2.4621,0
14606,2.5510,0
14607,2.5577,0
14608,2.2445,0
14609,2.4876,0
14610,2.9049,0
14611,2.4630,0
14612,2.5700,0
14613,2.3608,0
14614,2.3921,0
14615,2.4246,0
14616,2.4751,0
14617,2.5436,0
14618,2.4434,0
14619,2.3857,0
14620,2.2800,0
14621,2.2585,0
14622,2.3963,0
14623,2.4914,0
14624,2.4341,0
14625,2.3565,0
14626,2.4923,0
14627,3.1196,0
14628,2.7309,0
14629,2.4094,0
14630,2.5162,0
14631,2.3361,0
14632,2.3072,0
14633,2.4271,0
14634,2.4863,0
14635,2.8880,0
14636,2.2391,0
14637,2.2091,0
14638,2.8883,0
14639,2.4661,0
14640,2.3780,0
14641,2.3049,0
14642,2.3355,0
14643,2.3655,0
14644,2.2738,0
14645,2.4439,0
14646,2.3854,0
14647,2.6268,0
14648,2.5831,0
14649,2.3194,0
14650,2.4361,0
14651,2.2806,0
14652,2.3687,0
14653,2.4443,0
14654,2.6262,0
14655,2.5155,0
14656,2.2035,0
14657,2.1186,0
14658,2.1793,0
14659,2.2139,0
14660,2.3272,0
14661,2.4620,0
14662,2.2933,0
14663,2.4752,0
14664,2.3760,0
14665,2.5298,0
14666,2.4672,0
14667,2.4628,0
14668,2.8337,0
14669,2.5629,0
14670,2.3239,0
14671,2.4949,0
14672,2.4044,0
14673,2.4664,0
14674,2.3378,0
14675,2.2958,0
14676,2.2862,0
14677,2.3267,0
14678,2.4630,0
14679,2.3145,0
14680,2.5981,0
14681,2.3965,0
14682,2.5028,0
14683,2.4939,0
14684,2.4308,0
14685,2.2775,0
14686,2.2213,0
14687,2.5824,0
14688,2.4350,0
14689,2.4822,0
14690,2.4991,0
14691,2.4271,0
14692,2.6362,0
14693,2.3724,0
14694,2.3758,0
14695,2.2784,0
14696,2.4446,0
14697,2.4798,0
14698,2.4737,0
14699,2.4740,0
14700,2.4622,0
14701,2.5880,0
14702,2.3721,0
14703,2.2246,0
14704,2.1607,0
14705,2.1600,0
14706,2.2709,0
14707,2.3348,0
14708,2.4038,0
14709,2.5295,0
14710,2.7659,0
14711,2.4430,0
14712,2.3482,0
14713,2.5365,0
14714,2.2572,0
14715,2.5635,0
14716,2.6279,0
14717,2.4016,0
14718,2.3114,0
14719,2.3126,0
14720,2.3545,0
14721,2.2784,0
14722,2.3654,0
14723,2.3544,0
14724,2.2864,0
14725,2.5824,0
14726,2.4791,0
14727,2.4084,0
14728,2.5071,0
14729,2.3205,0
14730,2.4420,0
14731,2.2262,0
14732,2.5311,0
14733,2.3226,0
14734,2.4743,0
14735,2.3157,0
14736,2.3833,0
14737,2.3278,0
14738,2.5742,0
14739,2.3109,0
14740,2.3384,0
14741,2.3545,0
14742,2.4402,0
14743,2.3060,0
14744,2.2470,0
14745,2.3464,0
14746,2.3998,0
14747,2.3350,0
14748,2.1996,0
14749,2.3220,0
14750,2.4261,0
14751,2.7426,0
14752,2.6280,0
14753,2.4995,0
14754,2.4802,0
14755,2.3730,0
14756,2.3735,0
14757,2.0917,0
14758,2.5189,0
14759,2.5099,0
14760,2.4253,0
14761,2.2683,0
14762,2.2900,0
14763,2.5490,0
14764,2.4618,0
14765,2.5773,0
14766,2.2633,0
14767,2.3437,0
14768,2.4444,0
14769,2.4155,0
14770,2.2955,0
14771,2.3614,0
14772,2.4697,0
14773,2.3849,0
14774,2.3854,0
14775,2.5211,0
14776,2.3752,0
14777,2.7163,0
14778,2.4609,0
14779,2.5009,0
14780,2.3323,0
14781,2.2821,0
14782,2.4693,0
14783,2.6566,0
14784,2.4215,0
14785,2.3735,0
14786,2.6264,0
14787,2.6256,0
14788,2.3795,0
14789,2.3072,0
14790,2.1905,0
14791,2.2278,0
14792,2.4826,0
14793,2.5031,0
14794,2.3939,0
14795,2.2643,0
14796,2.4910,0
14797,2.3950,0
14798,2.2322,0
14799,2.4177,0
14800,2.4412,0
14801,2.9791,0
14802,2.4660,0
14803,2.5522,0
14804,2.3576,0
14805,2.1343,0
14806,2.5246,0
14807,2.2386,0
14808,2.6599,0
14809,2.3975,0
14810,2.4678,0
14811,2.5967,0
14812,2.1489,0
14813,2.6258,0
14814,2.2665,0
14815,2.1654,0
14816,2.1849,0
14817,2.3122,0
14818,2.3994,0
14819,2.5038,0
14820,2.4481,0
14821,2.7535,0
14822,2.3750,0
14823,2.3488,0
14824,2.6361,0
14825,2.6620,0
14826,2.4681,0
14827,2.4491,0
14828,2.3975,0
14829,2.4018,0
14830,2.3940,0
14831,2.2335,0
14832,2.3203,0
14833,2.4548,0
14834,2.4605,0
14835,2.8974,0
14836,2.5921,0
14837,2.8326,0
14838,2.3451,0
14839,2.2984,0
14840,2.3712,0
14841,2.2556,0
14842,2.4221,0
14843,2.1755,0
14844,2.2677,0
14845,2.3771,0
14846,2.2400,0
14847,2.3296,0
14848,2.5398,0
14849,2.4826,0
14850,2.4104,0
14851,2.3343,0
14852,2.4198,0
14853,2.3073,0
14854,2.9807,0
14855,2.8682,0
14856,2.2341,0
14857,2.4666,0
14858,2.4525,0
14859,2.3541,0
14860,2.1122,0
14861,2.5634,0
14862,2.4196,0
14863,2.4683,0
14864,2.5373,0
14865,2.2312,0
14866,2.5461,0
14867,2.3186,0
14868,2.3692,0
14869,2.3363,0
14870,2.5470,0
14871,2.5266,0
14872,2.4755,0
14873,2.5573,0
14874,2.2900,0
14875,2.2827,0
14876,2.4187,0
14877,2.6524,0
14878,2.4633,0
14879,2.6092,0
14880,2.4122,0
14881,2.3841,0
14882,2.3689,0
14883,2.8632,0
14884,2.2700,0
14885,2.3151,0
14886,2.8923,0
14887,2.6735,0
14888,2.3913,0
14889,2.2377,0
14890,2.1812,0
14891,2.2176,0
14892,2.3586,0
14893,2.4029,0
14894,2.5424,0
14895,2.7101,0
14896,2.4766,0
14897,2.3699,0
14898,2.4063,0
14899,2.5930,0
14900,2.3997,0
14901,2.5307,0
14902,2.5471,0
14903,2.3608,0
14904,2.3137,0
14905,2.4615,0
14906,2.4371,0
14907,2.8833,0
14908,2.3853,0
14909,2.3295,0
14910,2.4257,0
14911,2.3121,0
14912,2.2950,0
14913,2.3398,0
14914,2.4371,0
14915,2.3708,0
14916,2.3046,0
14917,2.2394,0
14918,2.6889,0
14919,2.4836,0
14920,2.4042,0
14921,2.3940,0
14922,2.2991,0
14923,2.2470,0
14924,2.4171,0
14925,2.3427,0
14926,2.6490,0
14927,2.4651,0
14928,2.3671,0
14929,2.2332,0
14930,2.3443,0
14931,2.3505,0
14932,2.3864,0
14933,2.3704,0
14934,2.3181,0
14935,2.2871,0
14936,2.4659,0
14937,2.5334,0
14938,2.5459,0
14939,2.4258,0
14940,2.3418,0
14941,2.3302,0
14942,2.3928,0
14943,2.3159,0
14944,2.5198,0
14945,2.6175,0
14946,2.4196,0
14947,2.3500,0
14948,2.2389,0
14949,2.4803,0
14950,2.6066,0
14951,2.4589,0
14952,2.3622,0
14953,2.5977,0
14954,2.3648,0
14955,2.2455,0
14956,2.3827,0
14957,2.5878,0
14958,2.3799,0
14959,2.3256,0
14960,2.6221,0
14961,2.2383,0
14962,2.1683,0
14963,2.3767,0
14964,2.8053,0
14965,2.8839,0
14966,2.3910,0
14967,2.3830,0
14968,2.1884,0
14969,2.5581,0
14970,2.4443,0
14971,2.4356,0
14972,2.4614,0
14973,2.2311,0
14974,2.5648,0
14975,2.1742,0
14976,2.3336,0
14977,2.2476,0
14978,2.2834,0
14979,2.3233,0
14980,2.4437,0
14981,2.6262,0
14982,2.3665,0
14983,2.4404,0
14984,2.3789,0
14985,2.2940,0
14986,2.4814,0
14987,2.3815,0
14988,2.5843,0
14989,3.0583,0
14990,2.6941,0
14991,2.5471,0
14992,2.2626,0
14993,2.4369,0
14994,2.6665,0
14995,2.7139,0
14996,2.6378,0
14997,2.6261,0
14998,2.5229,0
14999,2.4597,0
15000,2.1346,0
15001,2.9285,0
15002,2.3239,0
15003,2.3898,0
15004,2.3741,0
15005,2.1921,0
15006,2.3618,0
15007,2.4550,0
15008,2.4324,0
15009,2.5592,0
15010,2.7509,0
15011,2.4134,0
15012,2.2663,0
15013,2.6241,0
15014,2.5938,0
15015,2.4241,0
15016,2.3557,0
15017,2.3516,0
15018,2.3780,0
15019,2.2597,0
15020,2.7724,0
15021,2.5525,0
15022,2.5888,0
15023,2.2670,0
15024,2.2355,0
15025,2.4359,0
15026,2.6073,0
15027,2.3485,0
15028,2.1276,0
15029,2.1562,0
15030,2.4033,0
15031,2.2821,0
15032,2.5280,0
15033,2.2371,0
15034,2.4581,0
15035,2.2992,0
15036,2.1568,0
15037,2.4343,0
15038,2.3658,0
15039,2.6604,0
15040,2.1979,0
15041,2.2721,0
15042,2.2380,0
15043,2.5339,0
15044,2.3609,0
15045,2.4824,0
15046,2.3977,0
15047,2.6254,0
15048,2.1972,0
15049,2.2941,0
15050,2.3184,0
15051,2.3435,0
15052,2.4986,0
15053,2.2412,0
15054,2.2083,0
15055,2.2623,0
15056,2.2535,0
15057,2.3843,0
15058,2.4758,0
15059,2.3010,0
15060,2.3522,0
15061,2.2928,0
15062,2.6032,0
15063,2.2554,0
15064,2.4948,0
15065,2.3430,0
15066,2.7571,0
15067,2.5836,0
15068,2.4256,0
15069,2.3730,0
15070,2.4149,0
15071,2.5362,0
15072,2.2774,0
15073,2.2161,0
15074,2.5860,0
15075,2.2939,0
15076,2.2979,0
15077,2.7793,0
15078,2.4620,0
15079,2.4461,0
15080,2.4936,0
15081,2.2453,0
15082,2.3167,0
15083,2.3164,0
15084,2.3667,0
15085,2.5076,0
15086,2.3502,0
15087,2.3749,0
15088,2.3216,0
15089,2.3653,0
15090,2.4608,0
15091,2.3833,0
15092,2.5345,0
15093,2.6628,0
15094,2.4519,0
15095,2.5397,0
15096,2.4178,0
15097,2.2968,0
15098,2.5076,0
15099,2.3576,0
15100,2.5597,0
15101,2.4297,0
15102,2.4829,0
15103,2.4028,0
15104,2.3808,0
15105,2.6459,0
15106,2.4573,0
15107,2.2798,0
15108,2.3207,0
15109,2.3323,0
15110,2.3603,0
15111,2.3351,0
15112,2.3488,0
15113,2.3402,0
15114,2.3495,0
15115,2.4572,0
15116,2.6008,0
15117,2.4906,0
15118,2.3948,0
15119,2.3486,0
15120,2.1262,0
15121,2.2627,0
15122,2.2101,0
15123,2.4640,0
15124,2.6007,0
15125,2.6365,0
15126,2.6046,0
15127,2.4089,0
15128,2.4461,0
15129,2.4424,0
15130,2.6371,0
15131,2.4802,0
15132,2.2901,0
15133,2.2334,0
15134,2.2099,0
15135,2.3940,0
15136,2.7599,0
15137,2.3612,0
15138,2.5625,0
15139,2.3456,0
15140,2.3730,0
15141,2.4684,0
15142,2.3025,0
15143,2.2421,0
15144,2.1496,0
15145,2.2151,0
15146,2.3889,0
15147,2.2240,0
15148,2.3326,0
15149,2.2973,0
15150,2.3852,0
15151,2.8117,0
15152,2.4918,0
15153,2.2166,0
15154,2.2492,0
15155,2.2889,0
15156,2.3508,0
15157,2.4899,0
15158,2.3924,0
15159,2.3768,0
15160,2.3648,0
15161,2.4085,0
15162,2.5083,0
15163,2.3589,0
15164,2.3395,0
15165,2.2226,0
15166,2.3106,0
15167,2.3253,0
15168,2.4575,0
15169,2.6843,0
15170,2.4725,0
15171,2.4484,0
15172,2.3349,0
15173,2.3698,0
15174,2.6404,0
15175,2.7641,0
15176,2.3943,0
15177,2.2272,0
15178,2.4078,0
15179,2.1949,0
15180,2.4913,0
15181,2.4217,0
15182,2.4131,0
15183,2.6273,0
15184,2.2991,0
15185,2.3252,0
15186,2.1789,0
15187,2.3624,0
15188,2.3263,0
15189,2.5513,0
15190,2.5759,0
15191,2.3670,0
15192,2.3196,0
15193,2.4487,0
15194,2.4055,0
15195,2.5732,0
15196,2.3729,0
15197,2.6686,0
15198,2.4576,0
15199,2.3096,0
15200,2.4766,0
15201,2.3648,0
15202,2.4043,0
15203,2.3184,0
15204,2.4289,0
15205,2.3005,0
15206,2.2085,0
15207,2.2791,0
15208,2.3638,0
15209,2.3283,0
15210,2.7366,0
15211,2.7614,0
15212,2.3808,0
15213,2.5097,0
15214,2.5073,0
15215,2.4299,0
15216,2.3683,0
15217,2.4379,0
15218,2.3285,0
15219,2.3152,0
15220,2.3804,0
15221,2.5328,0
15222,2.7238,0
15223,2.7167,0
15224,2.6028,0
15225,2.4061,0
15226,2.4603,0
15227,2.3156,0
15228,2.3218,0
15229,2.1665,0
15230,2.2062,0
15231,2.3329,0
15232,2.4010,0
15233,2.3546,0
15234,2.3837,0
15235,2.4621,0
15236,2.5183,0
15237,2.4100,0
15238,2.8661,0
15239,2.3814,0
15240,2.7586,0
15241,2.5683,0
15242,2.3093,0
15243,2.2726,0
15244,2.2789,0
15245,2.2565,0
15246,2.3018,0
15247,2.3281,0
15248,2.2205,0
15249,2.5167,0
15250,2.3500,0
15251,2.2879,0
15252,3.1026,0
15253,2.6461,0
15254,2.5049,0
15255,2.3219,0
15256,2.1546,0
15257,2.3602,0
15258,2.2375,0
15259,2.6154,0
15260,2.4134,0
15261,2.5960,0
15262,2.3874,0
15263,2.6545,0
15264,2.5721,0
15265,2.4085,0
15266,2.4612,0
15267,2.5126,0
15268,2.2414,0
15269,2.2081,0
15270,2.3203,0
15271,2.3468,0
15272,2.3349,0
15273,2.5235,0
15274,2.6800,0
15275,2.3870,0
15276,2.4150,0
15277,2.4360,0
15278,2.3935,0
15279,2.5240,0
15280,2.2751,0
15281,2.7101,0
15282,2.7811,0
15283,2.6523,0
15284,2.2519,0
15285,2.2811,0
15286,2.3465,0
15287,2.6488,0
15288,2.4202,0
15289,2.4588,0
15290,2.4210,0
15291,2.4664,0
15292,2.0369,0
15293,2.2740,0
15294,2.4604,0
15295,2.4190,0
15296,2.5836,0
15297,2.6775,0
15298,2.5271,0
15299,2.3346,0
15300,2.3269,0
15301,2.6105,0
15302,2.4092,0
15303,2.2922,0
15304,2.4946,0
15305,2.4428,0
15306,2.6608,0
15307,2.3942,0
15308,2.4836,0
15309,2.3206,0
15310,2.5276,0
15311,2.6520,0
15312,2.6439,0
15313,2.3900,0
15314,2.3143,0
15315,2.2893,0
15316,2.4342,0
15317,2.5382,0
15318,2.2845,0
15319,2.2129,0
15320,2.4980,0
15321,2.3657,0
15322,2.7948,0
15323,2.5933,0
15324,2.4862,0
15325,2.4874,0
15326,2.2966,0
15327,2.2335,0
15328,2.2081,0
15329,2.2448,0
15330,2.3241,0
15331,2.3701,0
15332,2.2964,0
15333,2.3551,0
15334,2.6014,0
15335,3.0809,0
15336,2.4151,0
15337,2.8726,0
15338,2.6941,0
15339,2.4284,0
15340,2.4460,0
15341,2.2778,0
15342,2.3435,0
15343,2.4625,0
15344,2.3922,0
15345,2.2436,0
15346,2.3657,0
15347,2.7596,0
15348,2.5100,0
15349,2.6332,0
15350,2.3610,0
15351,2.4930,0
15352,2.6500,0
15353,2.3654,0
15354,2.5990,0
15355,2.5419,0
15356,2.4835,0
15357,2.3279,0
15358,2.2514,0
15359,2.3901,0
15360,2.2001,0
15361,2.6476,0
15362,2.3833,0
15363,2.4115,0
15364,2.3680,0
15365,2.3072,0
15366,2.2770,0
15367,2.1831,0
15368,2.2995,0
15369,2.4278,0
15370,2.4160,0
15371,2.5139,0
15372,2.4462,0
15373,2.2917,0
15374,2.4259,0
15375,2.4759,0
15376,2.4973,0
15377,2.3463,0
15378,2.4353,0
15379,2.3149,0
15380,2.3572,0
15381,2.3290,0
15382,2.4272,0
15383,2.3998,0
15384,2.6046,0
15385,2.3982,0
15386,2.2697,0
15387,2.3339,0
15388,2.3084,0
15389,2.4349,0
15390,2.3555,0
15391,2.3584,0
15392,2.4110,0
15393,2.2210,0
15394,2.4385,0
15395,2.4752,0
15396,2.4522,0
15397,2.2509,0
15398,2.1845,0
15399,2.5989,0
15400,2.3618,0
15401,2.3285,0
15402,2.2275,0
15403,2.5845,0
15404,2.3028,0
15405,2.4174,0
15406,2.3801,0
15407,2.5866,0
15408,2.8638,0
15409,2.8278,0
15410,2.4601,0
15411,2.4010,0
15412,2.2529,0
15413,2.5306,0
15414,2.2449,0
15415,2.3752,0
15416,2.4686,0
15417,2.3402,0
15418,2.7938,0
15419,2.3022,0
15420,2.6437,0
15421,2.4531,0
15422,2.4405,0
15423,2.5069,0
15424,2.3493,0
15425,2.5289,0
15426,2.5194,0
15427,2.4263,0
15428,2.6402,0
15429,2.3216,0
15430,2.4295,0
15431,2.3766,0
15432,2.3044,0
15433,2.6077,0
15434,2.6392,0
15435,2.4184,0
15436,2.3023,0
15437,2.2442,0
15438,2.5912,0
15439,2.3632,0
15440,2.3719,0
15441,2.3607,0
15442,2.2139,0
15443,2.6839,0
15444,2.2845,0
15445,2.6882,0
15446,2.6171,0
15447,2.2940,0
15448,2.3622,0
15449,2.2424,0
15450,2.1795,0
15451,2.2577,0
15452,2.5541,0
15453,2.2160,0
15454,2.3109,0
15455,2.1967,0
15456,2.4837,0
15457,2.2473,0
15458,2.3451,0
15459,2.3458,0
15460,2.3984,0
15461,2.2716,0
15462,2.1643,0
15463,2.2803,0
15464,2.0869,0
15465,2.4226,0
15466,2.3642,0
15467,2.3385,0
15468,2.3747,0
15469,2.5263,0
15470,2.2625,0
15471,2.4996,0
15472,2.3169,0
15473,2.4240,0
15474,2.3465,0
15475,2.2548,0
15476,2.4250,0
15477,2.4831,0
15478,2.5418,0
15479,2.6727,0
15480,2.4058,0
15481,2.2815,0
15482,2.3042,0
15483,2.1899,0
15484,2.4543,0
15485,2.5248,0
15486,2.8226,0
15487,2.6270,0
15488,2.4545,0
15489,2.3892,0
15490,2.4877,0
15491,2.4044,0
15492,2.4913,0
15493,2.2417,0
15494,2.5319,0
15495,2.3483,0
15496,2.2728,0
15497,2.3420,0
15498,2.2839,0
15499,2.3720,0
15500,2.6419,0
15501,2.5073,0
15502,2.6913,0
15503,2.4777,0
15504,2.3588,0
15505,2.3950,0
15506,2.8828,0
15507,2.5593,0
15508,2.3701,0
15509,2.3444,0
15510,2.3913,0
15511,2.5538,0
15512,2.4446,0
15513,2.5207,0
15514,2.2654,0
15515,2.3866,0
15516,2.3740,0
15517,2.1436,0
15518,2.3191,0
15519,2.4055,0
15520,2.4196,0
15521,2.3150,0
15522,2.4697,0
15523,2.5180,0
15524,2.5224,0
15525,2.3213,0
15526,2.3361,0
15527,2.2162,0
15528,2.1810,0
15529,2.3829,0
15530,2.3045,0
15531,2.4588,0
15532,2.2517,0
15533,2.4389,0
15534,2.5477,0
15535,2.5205,0
15536,2.5189,0
15537,2.4798,0
15538,2.3343,0
15539,2.4283,0
15540,2.3387,0
15541,2.3534,0
15542,2.3805,0
15543,2.5763,0
15544,2.6798,0
15545,2.3692,0
15546,2.2793,0
15547,2.3825,0
15548,2.3113,0
15549,2.2299,0
15550,2.3604,0
15551,2.5513,0
15552,2.4267,0
15553,2.3536,0
15554,2.3601,0
15555,2.5629,0
15556,2.5391,0
15557,2.4758,0
15558,2.4138,0
15559,2.2905,0
15560,2.4925,0
15561,2.1761,0
15562,2.3225,0
15563,2.3232,0
15564,2.3122,0
15565,2.5699,0
15566,2.2079,0
15567,2.3334,0
15568,2.3509,0
15569,2.3223,0
15570,2.2677,0
15571,2.4735,0
15572,2.4825,0
15573,2.2664,0
15574,2.3756,0
15575,2.2036,0
15576,2.3045,0
15577,2.5215,0
15578,2.3241,0
15579,2.3620,0
15580,2.3221,0
15581,2.3633,0
15582,2.6193,0
15583,2.5793,0
15584,2.5669,0
15585,2.4292,0
15586,2.7063,0
15587,2.2687,0
15588,2.3865,0
15589,2.6295,0
15590,2.4189,0
15591,2.2983,0
15592,2.2420,0
15593,2.3895,0
15594,2.2180,0
15595,2.2091,0
15596,2.4468,0
15597,2.3115,0
15598,2.6867,0
15599,2.4182,0
15600,2.4550,0
15601,2.2799,0
15602,2.6280,0
15603,2.9324,0
15604,2.4721,0
15605,2.3825,0
15606,2.3944,0
15607,2.2552,0
15608,2.4479,0
15609,2.2975,0
15610,2.6359,0
15611,2.3984,0
15612,2.3612,0
15613,2.4452,0
15614,2.5207,0
15615,2.4797,0
15616,2.4521,0
15617,2.4733,0
15618,2.2966,0
15619,2.3101,0
15620,2.6279,0
15621,2.5239,0
15622,2.3381,0
15623,2.4500,0
15624,2.1607,0
15625,2.1031,0
15626,2.2689,0
15627,2.5544,0
15628,2.5458,0
15629,2.3327,0
15630,2.4273,0
15631,2.5402,0
15632,2.6408,0
15633,2.7076,0
15634,2.4406,0
15635,2.4854,0
15636,2.2582,0
15637,2.3449,0
15638,2.2565,0
15639,2.5945,0
15640,2.4071,0
15641,2.5509,0
15642,2.2793,0
15643,2.3609,0
15644,2.7076,0
15645,2.2797,0
15646,2.6153,0
15647,2.5514,0
15648,2.3063,0
15649,2.1871,0
15650,2.1467,0
15651,2.4743,0
15652,2.7571,0
15653,2.6482,0
15654,2.2259,0
15655,2.2863,0
15656,2.4782,0
15657,2.4059,0
15658,2.3280,0
15659,2.3543,0
15660,2.9154,0
15661,2.8628,0
15662,2.4256,0
15663,2.5597,0
15664,2.3254,0
15665,2.4839,0
15666,2.4926,0
15667,2.4244,0
15668,2.4491,0
15669,2.6965,0
15670,2.6887,0
15671,2.3727,0
15672,2.4550,0
15673,2.3252,0
15674,2.3150,0
15675,2.6569,0
15676,2.7062,0
15677,2.6766,0
15678,2.4775,0
15679,2.4101,0
15680,2.2363,0
15681,2.5457,0
15682,2.2923,0
15683,2.3435,0
15684,2.3148,0
15685,2.3449,0
15686,2.6742,0
15687,2.3071,0
15688,2.4510,0
15689,2.3932,0
15690,2.4827,0
15691,2.3588,0
15692,2.3816,0
15693,2.2920,0
15694,2.4648,0
15695,2.4250,0
15696,2.2538,0
15697,2.4209,0
15698,2.3019,0
15699,2.4671,0
15700,2.4591,0
15701,2.4184,0
15702,2.4414,0
15703,2.2269,0
15704,2.7182,0
15705,2.5857,0
15706,2.2824,0
15707,2.4350,0
15708,2.2193,0
15709,2.2218,0
15710,2.5842,0
15711,2.4979,0
15712,2.5015,0
15713,2.3380,0
15714,2.4069,0
15715,2.3398,0
15716,2.4181,0
15717,2.3697,0
15718,2.6766,0
15719,2.8566,0
15720,2.4067,0
15721,2.4948,0
15722,2.2822,0
15723,2.2594,0
15724,2.7516,0
15725,2.3001,0
15726,2.4897,0
15727,2.3320,0
15728,2.3241,0
15729,2.2717,0
15730,2.4451,0
15731,2.4799,0
15732,2.2805,0
15733,2.3490,0
15734,2.4913,0
15735,2.4167,0
15736,2.6047,0
15737,2.5890,0
15738,2.4224,0
15739,2.4570,0
15740,2.4349,0
15741,2.2966,0
15742,2.2356,0
15743,2.5200,0
15744,2.1713,0
15745,2.2003,0
15746,2.2393,0
15747,2.2195,0
15748,2.1981,0
15749,2.2192,0
15750,2.2971,0
15751,2.4295,0
15752,2.6144,0
15753,2.3337,0
15754,2.5992,0
15755,2.4115,0
15756,2.5352,0
15757,2.3274,0
15758,2.4027,0
15759,2.3999,0
15760,2.4682,0
15761,2.5419,0
15762,2.4711,0
15763,2.6368,0
15764,2.2322,0
15765,2.3810,0
15766,2.3687,0
15767,2.2763,0
15768,2.5082,0
15769,2.2728,0
15770,2.5934,0
15771,2.5573,0
15772,2.3020,0
15773,2.4858,0
15774,2.1027,0
15775,2.4842,0
15776,2.2587,0
15777,2.2803,0
15778,2.3889,0
15779,2.4707,0
15780,2.3391,0
15781,2.2586,0
15782,2.2951,0
15783,2.3344,0
15784,2.3996,0
15785,2.3664,0
15786,2.5425,0
15787,2.5593,0
15788,2.5371,0
15789,2.3920,0
15790,2.3601,0
15791,2.4567,0
15792,2.4362,0
15793,2.3115,0
15794,2.7645,0
15795,2.5026,0
15796,2.2985,0
15797,2.6768,0
15798,2.3324,0
15799,2.4379,0
15800,2.6505,0
15801,2.3885,0
15802,2.4067,0
15803,2.2256,0
15804,2.4204,0
15805,2.4408,0
15806,2.4425,0
15807,2.4265,0
15808,2.4978,0
15809,2.5884,0
15810,2.2939,0
15811,2.9701,0
15812,2.5572,0
15813,2.3017,0
15814,2.4838,0
15815,2.5730,0
15816,2.7052,0
15817,2.9313,0
15818,2.4947,0
15819,2.7524,0
15820,2.6691,0
15821,2.7166,0
15822,2.4329,0
15823,2.7448,0
15824,2.4961,0
15825,2.5309,0
15826,2.6601,0
15827,3.1410,0
15828,3.0509,0
15829,2.5222,0
15830,2.6028,0
15831,2.8577,0
15832,2.6001,0
15833,2.9776,0
15834,3.2225,0
15835,2.7980,0
15836,2.7239,0
15837,2.8845,0
15838,2.9453,0
15839,2.8204,0
15840,2.8591,0
15841,2.7792,0
15842,3.1483,0
15843,3.1533,0
15844,3.3511,0
15845,3.1567,0
15846,2.6598,0
15847,2.9079,0
15848,3.3103,0
15849,3.0442,0
15850,2.9291,0
15851,2.8920,0
15852,2.8528,0
15853,2.8238,0
15854,2.7171,0
15855,2.7843,0
15856,2.9822,0
15857,2.6742,0
15858,3.0893,0
15859,2.7937,0
15860,2.7146,0
15861,2.7314,0
15862,2.4122,0
15863,2.6732,0
15864,2.4011,0
15865,2.4279,0
15866,2.4582,0
15867,2.2592,0
15868,2.4159,0
15869,2.5729,0
15870,2.7971,0
15871,2.9035,0
15872,2.4878,0
15873,2.5754,0
15874,2.9188,0
15875,2.3958,0
15876,2.5032,0
15877,2.6735,0
15878,2.5389,0
15879,2.4654,0
15880,2.4175,0
15881,2.3611,0
15882,2.5161,0
15883,2.8857,0
15884,2.6550,0
15885,2.8312,0
15886,2.3425,0
15887,2.5868,0
15888,2.2890,0
15889,2.7788,0
15890,2.3704,0
15891,2.2386,0
15892,2.3476,0
15893,2.4385,0
15894,2.3235,0
15895,2.4286,0
15896,2.4325,0
15897,2.3848,0
15898,2.4056,0
15899,2.4188,0
15900,2.4084,0
15901,2.5086,0
15902,2.5666,0
15903,2.2693,0
15904,2.2470,0
15905,2.5196,0
15906,2.7800,0
15907,2.2805,0
15908,2.4938,0
15909,2.2505,0
15910,2.3749,0
15911,2.3486,0
15912,2.2697,0
15913,2.3775,0
15914,2.3756,0
15915,2.5581,0
15916,2.4000,0
15917,2.7115,0
15918,2.7338,0
15919,2.4846,0
15920,2.4616,0
15921,2.3910,0
15922,2.3152,0
15923,2.4076,0
15924,2.2999,0
15925,2.2514,0
15926,2.3905,0
15927,2.5538,0
15928,2.2267,0
15929,2.5000,0
15930,2.5767,0
15931,2.4755,0
15932,2.3437,0
15933,2.4664,0
15934,2.4670,0
15935,2.4297,0
15936,2.2309,0
15937,2.4864,0
15938,2.5108,0
15939,2.4398,0
15940,2.4439,0
15941,2.3967,0
15942,2.3791,0
15943,2.4398,0
15944,2.2610,0
15945,2.2542,0
15946,2.5178,0
15947,2.4710,0
15948,2.3719,0
15949,2.4193,0
15950,2.4572,0
15951,2.5388,0
15952,2.9199,0
15953,2.4506,0
15954,2.4180,0
15955,2.4853,0
15956,2.5233,0
15957,2.3872,0
15958,2.4655,0
15959,2.6345,0
15960,2.2807,0
15961,2.3370,0
15962,2.3900,0
15963,2.5251,0
15964,2.5960,0
15965,2.4124,0
15966,2.4868,0
15967,2.2731,0
15968,2.4890,0
15969,2.2633,0
15970,2.5924,0
15971,2.4126,0
15972,2.3786,0
15973,2.5802,0
15974,2.2456,0
15975,2.6063,0
15976,2.3700,0
15977,2.2877,0
15978,2.4252,0
15979,2.5601,0
15980,2.4013,0
15981,2.4157,0
15982,2.3865,0
15983,2.3700,0
15984,2.3200,0
15985,2.2720,0
15986,2.2221,0
15987,2.2394,0
15988,2.4330,0
15989,2.3306,0
15990,2.3055,0
15991,2.4817,0
15992,2.8523,0
15993,2.7516,0
15994,2.6538,0
15995,2.3963,0
15996,2.3278,0
15997,2.7222,0
15998,2.5755,0
15999,2.3595,0
16000,2.4287,0
16001,2.2792,0
16002,2.7811,0
16003,2.2056,0
16004,2.2943,0
16005,2.2224,0
16006,2.2789,0
16007,2.3134,0
16008,2.2053,0
16009,2.6194,0
16010,2.4311,0
16011,2.5642,0
16012,2.5200,0
16013,2.3774,0
16014,2.3244,0
16015,2.2260,0
16016,2.6835,0
16017,2.7499,0
16018,2.4623,0
16019,2.3213,0
16020,2.3360,0
16021,2.4353,0
16022,2.4368,0
16023,2.3682,0
16024,2.2693,0
16025,2.2879,0
16026,2.6290,0
16027,2.4353,0
16028,2.4526,0
16029,2.3214,0
16030,2.3062,0
16031,2.4828,0
16032,2.4665,0
16033,2.4913,0
16034,2.3289,0
16035,2.6196,0
16036,2.4661,0
16037,2.6815,0
16038,2.3051,0
16039,2.2992,0
16040,2.3093,0
16041,2.2593,0
16042,2.4848,0
16043,2.5542,0
16044,2.4546,0
16045,2.4380,0
16046,2.7034,0
16047,2.4716,0
16048,2.3256,0
16049,2.3972,0
16050,2.3198,0
16051,2.5369,0
16052,2.1830,0
16053,2.2289,0
16054,2.4355,0
16055,2.3768,0
16056,2.6888,0
16057,2.4062,0
16058,2.4495,0
16059,2.3400,0
16060,2.5464,0
16061,2.5572,0
16062,2.5574,0
16063,2.3360,0
16064,2.4100,0
16065,2.2335,0
16066,2.5179,0
16067,2.6274,0
16068,2.6996,0
16069,2.8952,0
16070,2.6676,0
16071,2.3329,0
16072,2.2654,0
16073,2.3238,0
16074,2.4412,0
16075,2.3977,0
16076,2.5830,0
16077,3.1885,0
16078,2.4611,0
16079,2.4723,0
16080,2.4017,0
16081,2.2818,0
16082,2.6778,0
16083,2.2374,0
16084,2.2644,0
16085,2.3631,0
16086,2.5211,0
16087,2.5111,0
16088,2.4464,0
16089,2.5681,0
16090,2.3428,0
16091,2.2926,0
16092,2.3566,0
16093,2.5359,0
16094,2.7920,0
16095,2.4688,0
16096,2.4755,0
16097,2.3251,0
16098,2.2175,0
16099,2.3802,0
16100,2.3993,0
16101,2.4484,0
16102,2.4054,0
16103,2.5203,0
16104,2.7233,0
16105,2.6135,0
16106,2.5025,0
16107,2.3163,0
16108,2.3127,0
16109,2.3414,0
16110,2.3510,0
16111,2.3395,0
16112,2.2402,0
16113,2.5137,0
16114,2.4954,0
16115,2.4854,0
16116,2.4468,0
16117,2.4772,0
16118,2.7268,0
16119,2.4462,0
16120,2.5756,0
16121,2.4118,0
16122,2.4615,0
16123,2.2815,0
16124,2.3091,0
16125,2.3350,0
16126,2.8135,0
16127,2.4368,0
16128,2.3007,0
16129,2.4829,0
16130,2.4321,0
16131,2.3802,0
16132,2.3759,0
16133,2.3760,0
16134,2.5176,0
16135,2.5021,0
16136,2.4919,0
16137,2.2572,0
16138,2.3751,0
16139,2.5487,0
16140,2.6788,0
16141,2.4678,0
16142,2.3826,0
16143,2.3816,0
16144,2.3264,0
16145,2.3440,0
16146,2.2837,0
16147,2.6458,0
16148,2.3426,0
16149,2.3468,0
16150,2.2678,0
16151,2.5590,0
16152,2.4165,0
16153,2.1644,0
16154,2.4554,0
16155,2.2620,0
16156,2.3909,0
16157,2.3344,0
16158,2.4514,0
16159,2.8932,0
16160,2.5961,0
16161,2.4392,0
16162,2.5111,0
16163,2.4478,0
16164,2.3975,0
16165,2.2280,0
16166,2.3378,0
16167,2.2506,0
16168,2.7543,0
16169,2.4110,0
16170,2.5010,0
16171,2.4425,0
16172,2.3953,0
16173,2.3866,0
16174,2.2359,0
16175,2.3627,0
16176,2.8416,0
16177,2.5124,0
16178,2.5380,0
16179,2.4024,0
16180,2.7409,0
16181,2.4292,0
16182,2.2577,0
16183,2.2762,0
16184,2.4095,0
16185,2.3675,0
16186,2.2695,0
16187,2.2222,0
16188,2.3828,0
16189,2.2954,0
16190,2.7422,0
16191,2.4199,0
16192,2.2686,0
16193,2.3509,0
16194,2.3138,0
16195,2.5611,0
16196,2.3002,0
16197,2.5299,0
16198,2.3743,0
16199,2.4385,0
16200,2.4533,0
16201,2.6926,0
16202,2.5818,0
16203,2.8829,0
16204,2.5446,0
16205,2.6434,0
16206,2.3674,0
16207,2.4345,0
16208,2.6276,0
16209,2.5798,0
16210,2.2712,0
16211,2.2316,0
16212,2.4595,0
16213,2.1893,0
16214,2.2816,0
16215,2.2825,0
16216,2.3609,0
16217,2.4916,0
16218,2.5989,0
16219,2.2855,0
16220,2.4766,0
16221,2.7487,0
16222,2.2973,0
16223,2.2537,0
16224,2.3920,0
16225,2.3684,0
16226,2.3338,0
16227,2.3080,0
16228,2.5759,0
16229,2.6400,0
16230,2.4677,0
16231,2.2782,0
16232,2.3249,0
16233,2.6130,0
16234,3.2183,0
16235,2.6941,0
16236,2.6019,0
16237,2.4599,0
16238,2.5524,0
16239,2.5501,0
16240,2.2102,0
16241,2.2561,0
16242,2.7285,0
16243,2.4345,0
16244,2.3980,0
16245,2.4403,0
16246,2.4829,0
16247,2.4360,0
16248,2.5872,0
16249,2.5703,0
16250,2.4300,0
16251,2.4537,0
16252,3.0272,0
16253,2.5019,0
16254,2.5664,0
16255,2.5947,0
16256,2.3398,0
16257,2.5952,0
16258,2.5492,0
16259,2.4223,0
16260,2.7317,0
16261,2.5480,0
16262,2.6528,0
16263,2.4182,0
16264,2.4675,0
16265,2.6868,0
16266,2.5768,0
16267,2.6959,0
16268,2.3283,0
16269,2.3619,0
16270,2.4550,0
16271,2.2656,0
16272,2.5890,0
16273,2.6068,0
16274,2.3365,0
16275,2.4101,0
16276,2.3593,0
16277,2.4501,0
16278,2.2220,0
16279,2.3533,0
16280,2.2990,0
16281,2.2422,0
16282,2.2252,0
16283,2.3272,0
16284,2.5077,0
16285,2.3791,0
16286,2.3420,0
16287,2.3944,0
16288,2.4490,0
16289,2.1785,0
16290,2.4677,0
16291,2.2314,0
16292,2.1805,0
16293,2.5401,0
16294,2.5289,0
16295,2.4456,0
16296,2.2188,0
16297,2.2732,0
16298,2.5384,0
16299,2.4195,0
16300,2.1365,0
16301,2.1744,0
16302,2.3665,0
16303,2.4945,0
16304,2.3093,0
16305,2.6065,0
16306,2.2556,0
16307,2.3968,0
16308,2.3236,0
16309,2.2996,0
16310,2.2786,0
16311,2.4298,0
16312,2.6292,0
16313,2.4156,0
16314,2.5159,0
16315,2.3491,0
16316,2.3520,0
16317,2.2361,0
16318,2.3111,0
16319,2.3055,0
16320,2.3459,0
16321,2.2896,0
16322,2.3286,0
16323,2.5261,0
16324,2.2984,0
16325,3.0307,0
16326,2.3922,0
16327,2.2296,0
16328,2.6688,0
16329,2.4609,0
16330,2.4677,0
16331,2.5081,0
16332,2.3833,0
16333,2.2975,0
16334,2.4499,0
16335,2.3099,0
16336,2.5010,0
16337,2.4176,0
16338,2.5996,0
16339,2.6282,0
16340,2.1838,0
16341,2.1876,0
16342,2.2227,0
16343,2.8191,0
16344,2.6354,0
16345,2.4693,0
16346,2.4688,0
16347,2.3333,0
16348,2.3253,0
16349,2.4712,0
16350,2.3412,0
16351,2.5410,0
16352,2.6037,0
16353,2.6001,0
16354,2.4978,0
16355,2.1733,0
16356,2.4227,0
16357,2.4890,0
16358,2.2582,0
16359,2.9050,0
16360,2.5445,0
16361,2.5196,0
16362,2.6300,0
16363,2.3506,0
16364,2.5195,0
16365,2.4565,0
16366,2.3924,0
16367,2.2445,0
16368,2.3089,0
16369,2.3264,0
16370,2.3279,0
16371,2.3186,0
16372,2.7236,0
16373,2.6125,0
16374,2.4178,0
16375,2.3675,0
16376,2.3297,0
16377,2.3944,0
16378,2.8599,0
16379,2.6318,0
16380,2.2508,0
16381,2.3732,0
16382,2.4828,0
16383,2.4487,0
16384,2.4203,0
16385,2.3400,0
16386,2.3006,0
16387,2.3404,0
16388,2.3157,0
16389,2.6457,0
16390,2.2838,0
16391,2.3662,0
16392,2.3651,0
16393,2.6298,0
16394,2.6584,0
16395,2.4230,0
16396,2.3781,0
16397,2.3199,0
16398,2.4573,0
16399,2.1428,0
16400,2.2235,0
16401,2.1534,0
16402,2.4281,0
16403,2.3813,0
16404,2.4865,0
16405,2.7225,0
16406,2.7383,0
16407,2.6603,0
16408,2.9621,0
16409,2.4691,0
16410,2.2346,0
16411,2.3528,0
16412,2.4881,0
16413,2.3658,0
16414,2.4181,0
16415,2.4487,0
16416,2.2826,0
16417,2.4520,0
16418,2.5613,0
16419,2.2986,0
16420,2.5432,0
16421,2.3440,0
16422,2.3927,0
16423,2.3012,0
16424,2.4561,0
16425,2.3254,0
16426,2.7392,0
16427,2.4365,0
16428,2.3026,0
16429,2.3910,0
16430,2.3877,0
16431,2.3619,0
16432,2.5634,0
16433,2.3193,0
16434,2.3878,0
16435,2.3498,0
16436,2.2746,0
16437,2.5410,0
16438,2.7400,0
16439,2.7184,0
16440,2.2507,0
16441,2.3638,0
16442,2.2259,0
16443,2.5533,0
16444,2.3926,0
16445,2.6526,0
16446,2.1965,0
16447,2.1787,0
16448,2.2349,0
16449,2.4438,0
16450,2.5783,0
16451,2.4353,0
16452,2.4964,0
16453,2.5916,0
16454,2.4505,0
16455,2.6019,0
16456,2.6089,0
16457,2.4065,0
16458,2.6985,0
16459,2.4437,0
16460,2.8788,0
16461,3.0314,0
16462,2.7322,0
16463,2.7925,0
16464,3.1281,0
16465,2.8682,0
16466,2.4531,0
16467,2.3935,0
16468,2.7765,0
16469,2.4903,0
16470,2.7223,0
16471,2.4298,0
16472,2.5219,0
16473,2.6010,0
16474,2.5725,0
16475,2.6537,0
16476,2.9501,0
16477,2.6594,0
16478,2.7873,0
16479,2.4512,0
16480,2.5527,0
16481,2.4454,0
16482,2.5603,0
16483,2.7051,0
16484,2.4227,0
16485,2.6916,0
16486,2.5113,0
16487,2.6965,0
16488,2.7259,0
16489,2.6117,0
16490,2.5739,0
16491,2.4707,0
16492,2.8626,0
16493,2.6860,0
16494,2.6384,0
16495,2.6060,0
16496,2.5922,0
16497,2.6109,0
16498,2.4939,0
16499,2.4885,0
16500,2.3322,0
16501,2.3490,0
16502,2.2278,0
16503,2.3303,0
16504,2.3978,0
16505,2.5532,0
16506,2.6044,0
16507,3.1328,0
16508,2.8901,0
16509,2.6328,0
16510,2.5754,0
16511,2.5440,0
16512,2.8137,0
16513,2.4015,0
16514,2.6088,0
16515,2.5890,0
16516,2.6002,0
16517,2.7319,0
16518,2.6372,0
16519,2.7829,0
16520,2.6877,0
16521,2.4820,0
16522,2.5413,0
16523,2.5036,0
16524,2.6139,0
16525,2.5489,0
16526,3.1348,0
16527,2.7299,0
16528,2.3860,0
16529,2.2835,0
16530,2.4730,0
16531,2.4417,0
16532,2.6722,0
16533,2.3705,0
16534,2.7588,0
16535,2.6397,0
16536,2.4801,0
16537,2.2822,0
16538,2.4575,0
16539,2.4029,0
16540,2.3465,0
16541,2.3282,0
16542,2.2152,0
16543,2.2910,0
16544,2.5350,0
16545,2.3384,0
16546,2.3727,0
16547,2.3975,0
16548,2.5437,0
16549,2.3749,0
16550,2.5351,0
16551,2.4869,0
16552,2.2825,0
16553,2.2089,0
16554,2.4049,0
16555,2.4542,0
16556,2.3320,0
16557,2.5017,0
16558,2.2619,0
16559,2.5215,0
16560,2.4050,0
16561,2.6260,0
16562,2.4701,0
16563,2.4507,0
16564,2.3925,0
16565,2.3807,0
16566,2.5002,0
16567,2.5320,0
16568,2.5587,0
16569,2.2699,0
16570,2.1436,0
16571,2.3107,0
16572,2.2748,0
16573,2.3309,0
16574,2.7003,0
16575,2.4405,0
16576,2.3139,0
16577,2.3835,0
16578,2.1995,0
16579,2.3215,0
16580,2.3208,0
16581,2.5636,0
16582,2.3327,0
16583,2.2408,0
16584,2.2598,0
16585,2.4018,0
16586,2.3768,0
16587,2.4193,0
16588,2.6094,0
16589,2.4708,0
16590,2.4471,0
16591,2.3445,0
16592,2.5440,0
16593,2.4362,0
16594,2.3272,0
16595,2.3620,0
16596,2.3179,0
16597,2.4350,0
16598,2.4483,0
16599,2.4280,0
16600,2.3340,0
16601,2.3572,0
16602,2.4297,0
16603,2.3615,0
16604,2.2709,0
16605,2.4081,0
16606,2.4011,0
16607,2.3700,0
16608,2.2550,0
16609,2.5822,0
16610,2.7686,0
16611,2.4893,0
16612,2.2616,0
16613,2.2270,0
16614,2.3902,0
16615,2.3554,0
16616,2.4715,0
16617,2.3777,0
16618,2.4972,0
16619,2.3579,0
16620,2.3151,0
16621,2.5709,0
16622,2.3716,0
16623,2.4636,0
16624,2.4107,0
16625,2.3431,0
16626,2.4712,0
16627,2.4685,0
16628,2.3428,0
16629,2.3310,0
16630,2.4265,0
16631,2.2450,0
16632,2.3855,0
16633,2.4936,0
16634,2.5098,0
16635,2.3797,0
16636,2.5049,0
16637,2.1658,0
16638,2.3462,0
16639,2.2678,0
16640,2.6288,0
16641,2.4307,0
16642,2.6110,0
16643,2.5332,0
16644,2.5865,0
16645,2.4391,0
16646,2.6023,0
16647,2.7943,0
16648,2.3956,0
16649,2.3799,0
16650,2.5942,0
16651,2.4783,0
16652,2.3574,0
16653,2.3000,0
16654,2.2011,0
16655,2.0403,0
16656,2.3260,0
16657,2.5540,0
16658,2.3536,0
16659,2.4107,0
16660,2.2832,0
16661,2.1978,0
16662,2.4885,0
16663,2.5170,0
16664,2.7317,0
16665,2.3945,0
16666,2.6022,0
16667,2.5606,0
16668,2.3211,0
16669,2.2450,0
16670,2.2895,0
16671,2.5109,0
16672,2.2997,0
16673,2.4524,0
16674,2.5395,0
16675,2.6419,0
16676,2.7040,0
16677,2.2822,0
16678,2.4302,0
16679,2.2840,0
16680,2.2791,0
16681,2.2777,0
16682,2.2249,0
16683,2.5079,0
16684,2.8938,0
16685,2.3851,0
16686,2.3823,0
16687,2.4341,0
16688,2.4895,0
16689,2.4814,0
16690,2.4690,0
16691,2.5822,0
16692,3.3233,0
16693,3.0148,0
16694,2.9274,0
16695,2.7319,0
16696,3.1683,0
16697,3.0257,0
16698,2.8926,0
16699,2.6813,0
16700,2.7547,0
16701,2.3572,0
16702,2.2983,0
16703,2.1924,0
16704,2.1962,0
16705,2.5632,0
16706,2.3520,0
16707,2.4678,0
16708,2.3760,0
16709,2.5013,0
16710,2.6312,0
16711,2.3270,0
16712,2.5016,0
16713,2.2988,0
16714,2.5611,0
16715,2.4795,0
16716,2.3638,0
16717,2.2780,0
16718,2.1973,0
16719,2.2684,0
16720,2.6361,0
16721,2.5442,0
16722,2.6358,0
16723,2.5537,0
16724,2.3509,0
16725,2.3214,0
16726,2.2808,0
16727,2.3960,0
16728,2.5348,0
16729,2.7302,0
16730,2.4398,0
16731,2.5014,0
16732,2.6911,0
16733,2.5620,0
16734,2.3268,0
16735,2.4090,0
16736,2.4550,0
16737,2.4276,0
16738,2.2440,0
16739,2.4869,0
16740,2.4883,0
16741,2.5308,0
16742,2.4244,0
16743,2.4035,0
16744,2.5210,0
16745,2.4460,0
16746,2.6457,0
16747,2.4657,0
16748,2.8886,0
16749,2.6683,0
16750,2.4160,0
16751,2.2139,0
16752,2.2590,0
16753,2.3232,0
16754,2.1510,0
16755,2.2639,0
16756,2.3538,0
16757,2.3526,0
16758,2.8429,0
16759,2.7870,0
16760,2.6137,0
16761,2.3253,0
16762,2.2187,0
16763,2.2822,0
16764,2.1821,0
16765,2.5298,0
16766,2.6631,0
16767,2.4228,0
16768,2.5937,0
16769,2.3467,0
16770,2.3981,0
16771,2.4182,0
16772,2.5332,0
16773,2.4827,0
16774,2.6594,0
16775,2.5265,0
16776,2.3197,0
16777,2.6603,0
16778,2.5961,0
16779,2.3379,0
16780,2.4165,0
16781,2.1884,0
16782,2.3029,0
16783,2.1691,0
16784,2.6144,0
16785,2.4617,0
16786,2.6038,0
16787,2.4146,0
16788,2.2354,0
16789,2.2324,0
16790,2.2565,0
16791,2.3545,0
16792,2.5442,0
16793,2.3509,0
16794,2.2839,0
16795,2.1913,0
16796,2.3508,0
16797,2.3060,0
16798,2.4827,0
16799,2.6356,0
16800,2.4325,0
16801,2.4841,0
16802,2.4107,0
16803,2.2192,0
16804,2.4518,0
16805,2.3009,0
16806,2.4876,0
16807,2.2051,0
16808,2.4671,0
16809,2.2381,0
16810,2.4205,0
16811,2.5628,0
16812,2.2351,0
16813,2.4433,0
16814,2.3529,0
16815,2.6995,0
16816,2.4610,0
16817,2.3512,0
16818,2.3382,0
16819,2.3870,0
16820,2.1193,0
16821,2.3316,0
16822,2.2051,0
16823,2.2309,0
16824,2.4003,0
16825,2.4121,0
16826,2.5239,0
16827,2.3820,0
16828,2.2339,0
16829,2.3885,0
16830,2.4883,0
16831,2.5973,0
16832,2.4978,0
16833,2.4263,0
16834,2.3953,0
16835,2.2787,0
16836,2.3277,0
16837,2.5746,0
16838,2.3736,0
16839,2.3572,0
16840,2.2639,0
16841,2.3277,0
16842,2.2995,0
16843,2.3722,0
16844,2.8115,0
16845,2.8528,0
16846,2.6257,0
16847,2.3521,0
16848,2.5827,0
16849,2.3190,0
16850,2.5191,0
16851,2.7275,0
16852,2.2635,0
16853,2.2110,0
16854,2.4200,0
16855,2.6250,0
16856,2.4941,0
16857,2.5653,0
16858,2.3977,0
16859,2.7679,0
16860,2.2979,0
16861,2.3429,0
16862,2.1393,0
16863,2.4440,0
16864,2.2733,0
16865,2.7892,0
16866,2.7334,0
16867,2.8745,0
16868,2.4910,0
16869,2.8623,0
16870,2.4609,0
16871,2.4044,0
16872,2.3663,0
16873,2.2671,0
16874,2.3555,0
16875,2.4067,0
16876,2.4759,0
16877,2.3814,0
16878,2.4629,0
16879,2.4863,0
16880,2.4425,0
16881,2.3373,0
16882,2.5328,0
16883,2.8328,0
16884,2.4084,0
16885,2.3427,0
16886,2.4557,0
16887,2.5931,0
16888,2.3141,0
16889,2.2607,0
16890,2.3392,0
16891,2.3037,0
16892,2.4181,0
16893,2.5134,0
16894,2.5179,0
16895,2.4219,0
16896,2.3382,0
16897,2.6509,0
16898,2.5919,0
16899,2.3774,0
16900,2.5663,0
16901,2.6707,0
16902,2.3418,0
16903,2.2150,0
16904,2.3180,0
16905,2.4039,0
16906,2.5219,0
16907,2.6339,0
16908,2.5150,0
16909,2.5153,0
16910,2.5082,0
16911,2.2473,0
16912,2.3070,0
16913,2.2996,0
16914,2.3551,0
16915,2.1306,0
16916,2.4582,0
16917,2.4077,0
16918,2.2951,0
16919,2.5151,0
16920,2.2376,0
16921,2.8411,0
16922,2.4520,0
16923,2.4435,0
16924,2.4922,0
16925,2.5599,0
16926,2.4735,0
16927,2.7756,0
16928,2.6046,0
16929,2.6302,0
16930,2.0760,0
16931,2.1668,0
16932,2.0060,0
16933,2.4574,0
16934,2.4321,0
16935,2.0655,0
16936,2.0195,0
16937,2.2285,0
16938,2.3809,0
16939,2.1111,0
16940,2.4985,0
16941,2.2741,0
16942,2.6367,0
16943,2.2116,0
16944,2.3797,0
16945,2.6009,0
16946,2.1757,0
16947,2.3839,0
16948,2.2892,0
16949,2.5443,0
16950,2.9414,0
16951,2.4697,0
16952,2.6712,0
16953,2.4199,0
16954,2.4464,0
16955,2.3982,0
16956,2.3871,0
16957,2.7970,0
16958,2.3305,0
16959,2.5170,0
16960,2.4393,0
16961,2.3287,0
16962,2.4475,0
16963,2.2481,0
16964,2.2262,0
16965,2.2880,0
16966,2.3616,0
16967,2.5018,0
16968,2.4303,0
16969,2.4163,0
16970,2.3336,0
16971,2.2677,0
16972,2.2491,0
16973,2.3156,0
16974,2.2831,0
16975,2.3489,0
16976,2.3882,0
16977,2.4097,0
16978,2.3841,0
16979,2.7416,0
16980,2.4737,0
16981,2.7159,0
16982,2.4974,0
16983,2.4222,0
16984,2.4638,0
16985,2.4634,0
16986,2.4748,0
16987,2.5203,0
16988,2.4194,0
16989,2.2387,0
16990,2.1926,0
16991,2.2023,0
16992,2.4461,0
16993,2.4240,0
16994,2.3702,0
16995,2.3632,0
16996,2.7874,0
16997,2.4428,0
16998,2.5564,0
16999,2.2681,0
17000,2.5892,0
17001,2.3114,0
17002,2.5265,0
17003,2.3254,0
17004,2.2909,0
17005,2.2724,0
17006,2.5370,0
17007,2.3289,0
17008,2.2904,0
17009,2.1970,0
17010,2.3242,0
17011,2.4400,0
17012,2.4286,0
17013,2.4400,0
17014,2.5335,0
17015,2.3252,0
17016,2.3515,0
17017,2.4435,0
17018,2.4610,0
17019,2.3013,0
17020,2.3220,0
17021,2.3945,0
17022,2.3357,0
17023,2.6531,0
17024,2.7611,0
17025,2.5448,0
17026,2.4155,0
17027,2.2077,0
17028,2.3589,0
17029,2.6951,0
17030,2.3901,0
17031,2.8047,0
17032,2.3756,0
17033,2.5908,0
17034,2.2728,0
17035,2.5058,0
17036,2.5567,0
17037,2.4306,0
17038,2.3680,0
17039,2.2144,0
17040,2.3390,0
17041,2.2743,0
17042,2.4100,0
17043,2.4405,0
17044,2.6696,0
17045,2.5143,0
17046,2.2896,0
17047,2.3548,0
17048,2.2831,0
17049,2.3438,0
17050,2.4746,0
17051,2.3156,0
17052,2.4008,0
17053,2.6415,0
17054,2.7057,0
17055,2.3407,0
17056,2.5307,0
17057,2.4668,0
17058,2.4402,0
17059,2.3991,0
17060,2.3532,0
17061,2.4926,0
17062,2.6285,0
17063,2.6560,0
17064,2.6616,0
17065,2.6321,0
17066,2.2451,0
17067,2.6103,0
17068,2.2356,0
17069,2.2828,0
17070,2.3749,0
17071,2.2456,0
17072,2.4137,0
17073,2.3463,0
17074,2.5843,0
17075,2.3441,0
17076,2.7840,0
17077,2.6221,0
17078,2.3353,0
17079,2.5175,0
17080,2.3015,0
17081,2.3565,0
17082,2.2872,0
17083,2.4880,0
17084,2.5791,0
17085,2.4965,0
17086,2.4735,0
17087,2.4533,0
17088,2.3011,0
17089,2.7089,0
17090,2.4254,0
17091,2.5005,0
17092,2.4346,0
17093,2.3810,0
17094,2.3389,0
17095,2.6986,0
17096,2.6656,0
17097,2.4848,0
17098,2.5521,0
17099,2.3122,0
17100,2.2161,0
17101,2.2290,0
17102,2.1115,0
17103,2.5654,0
17104,2.5187,0
17105,2.4949,0
17106,2.7833,0
17107,2.4018,0
17108,2.4775,0
17109,2.2421,0
17110,2.5205,0
17111,2.3648,0
17112,2.3815,0
17113,2.9144,0
17114,2.5581,0
17115,2.2829,0
17116,2.5244,0
17117,2.2079,0
17118,2.2204,0
17119,2.2735,0
17120,2.4476,0
17121,2.3539,0
17122,2.4196,0
17123,2.3415,0
17124,2.3312,0
17125,2.1467,0
17126,2.1417,0
17127,2.3980,0
17128,2.2557,0
17129,2.1152,0
17130,2.1882,0
17131,2.3282,0
17132,2.4362,0
17133,2.6019,0
17134,2.9349,0
17135,2.9516,0
17136,2.3588,0
17137,2.3380,0
17138,2.2983,0
17139,2.5876,0
17140,2.7267,0
17141,2.4130,0
17142,2.2852,0
17143,2.2616,0
17144,2.7751,0
17145,2.4037,0
17146,2.3740,0
17147,2.4057,0
17148,2.9451,0
17149,2.7065,0
17150,2.8148,0
17151,2.4374,0
17152,2.8545,0
17153,2.7378,0
17154,2.6137,0
17155,2.6678,0
17156,2.4943,0
17157,2.6220,0
17158,2.5564,0
17159,2.3262,0
17160,2.5326,0
17161,2.4348,0
17162,2.5645,0
17163,2.6113,0
17164,2.6056,0
17165,2.6628,0
17166,2.7426,0
17167,2.5950,0
17168,3.0062,0
17169,2.7859,0
17170,2.4343,0
17171,2.6054,0
17172,2.3234,0
17173,2.6463,0
17174,2.8805,0
17175,2.5066,0
17176,2.5503,0
17177,2.8530,0
17178,2.5360,0
17179,2.5288,0
17180,2.4808,0
17181,2.6851,0
17182,2.4974,0
17183,2.5647,0
17184,2.6108,0
17185,2.2933,0
17186,2.7193,0
17187,2.7766,0
17188,2.7966,0
17189,2.7640,0
17190,2.6085,0
17191,2.3766,0
17192,2.4639,0
17193,2.5185,0
17194,2.3854,0
17195,2.4992,0
17196,2.6752,0
17197,2.4620,0
17198,2.4429,0
17199,2.7131,0
17200,2.6540,0
17201,2.5091,0
17202,2.5842,0
17203,2.4934,0
17204,2.5627,0
17205,2.6920,0
17206,2.5543,0
17207,2.5675,0
17208,2.3109,0
17209,2.6530,0
17210,2.7790,0
17211,2.3359,0
17212,2.4743,0
17213,2.3836,0
17214,2.5083,0
17215,2.5052,0
17216,2.5882,0
17217,2.4946,0
17218,2.8887,0
17219,2.6301,0
17220,2.8268,0
17221,2.5794,0
17222,2.6017,0
17223,2.7640,0
17224,2.5473,0
17225,2.5968,0
17226,2.7414,0
17227,2.7952,0
17228,2.7140,0
17229,2.6649,0
17230,2.5040,0
17231,2.8248,0
17232,2.5344,0
17233,2.4915,0
17234,2.5798,0
17235,2.4413,0
17236,2.8032,0
17237,2.5478,0
17238,2.5657,0
17239,2.7583,0
17240,2.7413,0
17241,2.6649,0
17242,2.9882,0
17243,2.8314,0
17244,2.5649,0
17245,2.6750,0
17246,2.8514,0
17247,3.2266,0
17248,2.8837,0
17249,2.6518,0
17250,2.6257,0
17251,2.2147,0
17252,2.3893,0
17253,2.2118,0
17254,2.2692,0
17255,2.3618,0
17256,2.1912,0
17257,2.0537,0
17258,2.2448,0
17259,2.1364,0
17260,2.3121,0
17261,2.2955,0
17262,2.3495,0
17263,2.3000,0
17264,2.2461,0
17265,2.4458,0
17266,2.4754,0
17267,2.4084,0
17268,2.4124,0
17269,2.3578,0
17270,2.2257,0
17271,2.3786,0
17272,2.4123,0
17273,2.3630,0
17274,2.5771,0
17275,2.4641,0
17276,2.3730,0
17277,2.1465,0
17278,2.5628,0
17279,2.2717,0
17280,2.3664,0
17281,2.3064,0
17282,2.3563,0
17283,2.2841,0
17284,2.1658,0
17285,2.2119,0
17286,2.4977,0
17287,2.2620,0
17288,2.3602,0
17289,2.1553,0
17290,2.5586,0
17291,2.2153,0
17292,2.4508,0
17293,2.5658,0
17294,2.5057,0
17295,2.3958,0
17296,2.1844,0
17297,2.4498,0
17298,2.3701,0
17299,2.3303,0
17300,2.2905,0
17301,2.2773,0
17302,2.2606,0
17303,2.4548,0
17304,2.2007,0
17305,2.3253,0
17306,2.5491,0
17307,2.7323,0
17308,2.5481,0
17309,2.7948,0
17310,2.3600,0
17311,2.1624,0
17312,2.2984,0
17313,2.4194,0
17314,2.5253,0
17315,2.2574,0
17316,2.4718,0
17317,2.3487,0
17318,2.4139,0
17319,2.4841,0
17320,2.4593,0
17321,2.3424,0
17322,2.3541,0
17323,2.7900,0
17324,2.2906,0
17325,2.6960,0
17326,2.3145,0
17327,2.2950,0
17328,2.4587,0
17329,2.1039,0
17330,2.2396,0
17331,2.3011,0
17332,2.3554,0
17333,2.1877,0
17334,2.5589,0
17335,2.4153,0
17336,2.7068,0
17337,2.4350,0
17338,2.5692,0
17339,2.4674,0
17340,2.2676,0
17341,2.2892,0
17342,2.3449,0
17343,2.1429,0
17344,2.5286,0
17345,2.3584,0
17346,2.4533,0
17347,2.3241,0
17348,2.5306,0
17349,2.4625,0
17350,2.6712,0
17351,2.5506,0
17352,2.5670,0
17353,2.2986,0
17354,2.7867,0
17355,2.3009,0
17356,2.5589,0
17357,2.2777,0
17358,2.3193,0
17359,2.5775,0
17360,2.3083,0
17361,2.3331,0
17362,2.2774,0
17363,2.3368,0
17364,2.5031,0
17365,2.4931,0
17366,2.5020,0
17367,2.4815,0
17368,2.4152,0
17369,2.3639,0
17370,2.6587,0
17371,2.5926,0
17372,2.1204,0
17373,2.1742,0
17374,2.1674,0
17375,2.4078,0
17376,2.5405,0
17377,2.4730,0
17378,2.2966,0
17379,2.2729,0
17380,2.4265,0
17381,2.5196,0
17382,2.6049,0
17383,2.6353,0
17384,2.7835,0
17385,2.6360,0
17386,2.2838,0
17387,2.3288,0
17388,2.2819,0
17389,2.2353,0
17390,2.2881,0
17391,2.4298,0
17392,2.6079,0
17393,2.5569,0
17394,2.4850,0
17395,2.3720,0
17396,2.6244,0
17397,2.4531,0
17398,2.4274,0
17399,2.4629,0
17400,2.1916,0
17401,2.5129,0
17402,2.3800,0
17403,2.1205,0
17404,2.3573,0
17405,2.2383,0
17406,2.3583,0
17407,2.1889,0
17408,2.5179,0
17409,2.5178,0
17410,2.8472,0
17411,2.3561,0
17412,2.3049,0
17413,2.4199,0
17414,2.3337,0
17415,2.7226,0
17416,2.5661,0
17417,2.7359,0
17418,2.5926,0
17419,2.5095,0
17420,2.1770,0
17421,2.2842,0
17422,2.3280,0
17423,2.2581,0
17424,2.3958,0
17425,2.4635,0
17426,2.8072,0
17427,2.6006,0
17428,2.5793,0
17429,2.3248,0
17430,2.6588,0
17431,2.2725,0
17432,2.2985,0
17433,2.6736,0
17434,2.3716,0
17435,2.3754,0
17436,2.4264,0
17437,2.3859,0
17438,2.4368,0
17439,2.1285,0
17440,2.3743,0
17441,2.2988,0
17442,2.5070,0
17443,2.3290,0
17444,2.4440,0
17445,2.4978,0
17446,2.5996,0
17447,2.7069,0
17448,2.5686,0
17449,2.3633,0
17450,2.5754,0
17451,2.2181,0
17452,2.4417,0
17453,2.6862,0
17454,2.9185,0
17455,2.6734,0
17456,2.5174,0
17457,2.4888,0
17458,2.4090,0
17459,2.0947,0
17460,2.3151,0
17461,2.1006,0
17462,2.5397,0
17463,2.2436,0
17464,2.5153,0
17465,2.8285,0
17466,2.6788,0
17467,2.4298,0
17468,2.1886,0
17469,2.4490,0
17470,2.6300,0
17471,2.1558,0
17472,2.7697,0
17473,2.8031,0
17474,2.8082,0
17475,2.2255,0
17476,2.5309,0
17477,2.3865,0
17478,2.2554,0
17479,2.4870,0
17480,2.6780,0
17481,2.2763,0
17482,2.5852,0
17483,2.7153,0
17484,3.5394,0
17485,2.8726,0
17486,3.7024,0
17487,2.9662,0
17488,3.3552,0
17489,3.2639,0
17490,3.4023,0
17491,3.0133,0
17492,2.9504,0
17493,2.2449,0
17494,2.9099,0
17495,2.6352,0
17496,3.3219,0
17497,2.7621,0
17498,3.3352,0
17499,2.8458,0
17500,2.9581,0
17501,2.9861,0
17502,2.8940,0
17503,2.8006,0
17504,2.4139,0
17505,2.7840,0
17506,2.9258,0
17507,2.3362,0
17508,2.3785,0
17509,2.4016,0
17510,2.7437,0
17511,2.6728,0
17512,2.7715,0
17513,2.3679,0
17514,2.5614,0
17515,2.4162,0
17516,2.4179,0
17517,2.1987,0
17518,2.6389,0
17519,2.8629,0
17520,2.3670,0
17521,2.7970,0
17522,3.4090,0
17523,2.8057,0
17524,2.4320,0
17525,3.1284,0
17526,2.8975,0
17527,2.6977,0
17528,2.8407,0
17529,3.1479,0
17530,2.9558,0
17531,2.9590,0
17532,2.8171,0
17533,2.6370,0
17534,2.6582,0
17535,2.8497,0
17536,2.9151,0
17537,2.4089,0
17538,3.0412,0
17539,2.5292,0
17540,3.3328,0
17541,2.6524,0
17542,3.2425,0
17543,2.8203,0
17544,2.8209,0
17545,3.3756,0
17546,3.1605,0
17547,2.3078,0
17548,2.4470,0
17549,2.3023,0
17550,2.4673,0
17551,2.4629,0
17552,2.6017,0
17553,2.2615,0
17554,2.1250,0
17555,2.2649,0
17556,2.0917,0
17557,2.1181,0
17558,1.9783,0
17559,2.3804,0
17560,2.0210,0
17561,2.3913,0
17562,2.3566,0
17563,2.3512,0
17564,2.2633,0
17565,2.1387,0
17566,2.4087,0
17567,2.4446,0
17568,2.8824,0
17569,2.6300,0
17570,2.5633,0
17571,2.5351,0
17572,2.5137,0
17573,2.4638,0
17574,2.2757,0
17575,2.4621,0
17576,2.3586,0
17577,2.2028,0
17578,2.2402,0
17579,2.3111,0
17580,2.4090,0
17581,2.2854,0
17582,2.2571,0
17583,2.3792,0
17584,2.5317,0
17585,2.3663,0
17586,2.2832,0
17587,2.4470,0
17588,2.3145,0
17589,2.6224,0
17590,2.5463,0
17591,2.2620,0
17592,2.2232,0
17593,2.2598,0
17594,2.4146,0
17595,2.3654,0
17596,2.6155,0
17597,2.7261,0
17598,2.6322,0
17599,2.5536,0
17600,2.8991,0
17601,2.4723,0
17602,2.5300,0
17603,2.3513,0
17604,2.4797,0
17605,2.6025,0
17606,2.4430,0
17607,2.5336,0
17608,2.4390,0
17609,3.0046,0
17610,2.1357,0
17611,2.2126,0
17612,2.2607,0
17613,2.0836,0
17614,2.4467,0
17615,2.2855,0
17616,2.2396,0
17617,2.3873,0
17618,2.4751,0
17619,2.2717,0
17620,2.2639,0
17621,2.1867,0
17622,2.4241,0
17623,2.5271,0
17624,2.5034,0
17625,2.4291,0
17626,2.2172,0
17627,2.3162,0
17628,2.2471,0
17629,2.5712,0
17630,2.3665,0
17631,2.6186,0
17632,2.3752,0
17633,2.5541,0
17634,2.4982,0
17635,2.5337,0
17636,3.1187,0
17637,3.1557,0
17638,3.4429,0
17639,2.4958,0
17640,2.3355,0
17641,2.9823,0
17642,2.9439,0
17643,2.4822,0
17644,2.4987,0
17645,2.2355,0
17646,2.7909,0
17647,2.4684,0
17648,2.9469,0
17649,2.7071,0
17650,2.6814,0
17651,2.1490,0
17652,2.2013,0
17653,2.4509,0
17654,2.4229,0
17655,2.0536,0
17656,2.3594,0
17657,2.0357,0
17658,1.9640,0
17659,2.2549,0
17660,2.2236,0
17661,2.3043,0
17662,2.1526,0
17663,2.3223,0
17664,2.1499,0
17665,2.5333,0
17666,2.5168,0
17667,2.3867,0
17668,2.1929,0
17669,2.3360,0
17670,2.2029,0
17671,2.4429,0
17672,2.8661,0
17673,2.2651,0
17674,2.2901,0
17675,2.2588,0
17676,2.3507,0
17677,2.2154,0
17678,2.7411,0
17679,2.7500,0
17680,2.5879,0
17681,2.3953,0
17682,2.3888,0
17683,2.2466,0
17684,2.5559,0
17685,2.3208,0
17686,2.5933,0
17687,2.3194,0
17688,2.4525,0
17689,2.3262,0
17690,2.2730,0
17691,2.2816,0
17692,2.2510,0
17693,2.3657,0
17694,2.4658,0
17695,2.3292,0
17696,2.2696,0
17697,2.2052,0
17698,2.1051,0
17699,2.2492,0
17700,2.2442,0
17701,2.3008,0
17702,2.3277,0
17703,2.2726,0
17704,2.2582,0
17705,2.3964,0
17706,2.3763,0
17707,2.4478,0
17708,2.7384,0
17709,2.4633,0
17710,2.2936,0
17711,2.4618,0
17712,2.4237,0
17713,2.5286,0
17714,2.8713,0
17715,2.6620,0
17716,2.6991,0
17717,2.5119,0
17718,2.3593,0
17719,2.6013,0
17720,2.2297,0
17721,2.2261,0
17722,2.5257,0
17723,2.2600,0
17724,2.4437,0
17725,2.3155,0
17726,2.2624,0
17727,2.3792,0
17728,2.5653,0
17729,2.6705,0
17730,2.3737,0
17731,2.5447,0
17732,2.4972,0
17733,2.4057,0
17734,2.4598,0
17735,2.4310,0
17736,2.3082,0
17737,2.4116,0
17738,2.2627,0
17739,2.3022,0
17740,2.3509,0
17741,2.4607,0
17742,2.6699,0
17743,2.4263,0
17744,2.7450,0
17745,2.3602,0
17746,2.1954,0
17747,2.3413,0
17748,2.4168,0
17749,2.2525,0
17750,2.2690,0
17751,2.3740,0
17752,2.5295,0
17753,2.3230,0
17754,2.7673,0
17755,3.0969,0
17756,2.5583,0
17757,2.4196,0
17758,2.3315,0
17759,2.3293,0
17760,2.6168,0
17761,2.5085,0
17762,2.3691,0
17763,2.2029,0
17764,2.5138,0
17765,2.8718,0
17766,2.7802,0
17767,2.2683,0
17768,2.1968,0
17769,2.2728,0
17770,2.3793,0
17771,2.2665,0
17772,2.2876,0
17773,2.3946,0
17774,2.4875,0
17775,2.7174,0
17776,2.3976,0
17777,2.2743,0
17778,2.1586,0
17779,2.3873,0
17780,2.3164,0
17781,2.4227,0
17782,2.3733,0
17783,2.5286,0
17784,2.5813,0
17785,2.4427,0
17786,2.5282,0
17787,2.6205,0
17788,2.3931,0
17789,2.6862,0
17790,2.3899,0
17791,2.6204,0
17792,2.5623,0
17793,2.0560,0
17794,2.1516,0
17795,2.1354,0
17796,2.3775,0
17797,2.4246,0
17798,2.7549,0
17799,2.3807,0
17800,2.3838,0
17801,2.7893,0
17802,2.4051,0
17803,2.4389,0
17804,2.3084,0
17805,2.7428,0
17806,2.2671,0
17807,2.1050,0
17808,2.4623,0
17809,2.4390,0
17810,2.7729,0
17811,2.3584,0
17812,2.8746,0
17813,2.5936,0
17814,2.4179,0
17815,2.2912,0
17816,2.2317,0
17817,2.2519,0
17818,2.4753,0
17819,2.5091,0
17820,2.4480,0
17821,2.2768,0
17822,2.3376,0
17823,2.4191,0
17824,2.7780,0
17825,2.5259,0
17826,2.3913,0
17827,2.4677,0
17828,2.1732,0
17829,2.2902,0
17830,2.5510,0
17831,2.3926,0
17832,2.5059,0
17833,2.6599,0
17834,2.3024,0
17835,2.6008,0
17836,2.2849,0
17837,2.4456,0
17838,2.8063,0
17839,2.6502,0
17840,2.5138,0
17841,2.1748,0
17842,2.6663,0
17843,2.5191,0
17844,2.5055,0
17845,2.3533,0
17846,2.2445,0
17847,2.4694,0
17848,2.0853,0
17849,2.2748,0
17850,2.3923,0
17851,2.7033,0
17852,2.7385,0
17853,2.5072,0
17854,2.4840,0
17855,2.2713,0
17856,2.3079,0
17857,2.3571,0
17858,2.1663,0
17859,2.8307,0
17860,2.6475,0
17861,2.8013,0
17862,2.8847,0
17863,2.7548,0
17864,2.5931,0
17865,2.6330,0
17866,2.3477,0
17867,2.7043,0
17868,2.7684,0
17869,2.5107,0
17870,2.6204,0
17871,2.5462,0
17872,2.3972,0
17873,2.6036,0
17874,2.9365,0
17875,2.6386,0
17876,3.0014,0
17877,3.1226,0
17878,2.7927,0
17879,2.5981,0
17880,2.5620,0
17881,2.7598,0
17882,2.9677,0
17883,2.5272,0
17884,2.8303,0
17885,3.0739,0
17886,2.7604,0
17887,2.6393,0
17888,3.0215,0
17889,2.7009,0
17890,2.3865,0
17891,2.3435,0
17892,2.4095,0
17893,2.9408,0
17894,2.2058,0
17895,2.2090,0
17896,2.2619,0
17897,2.3339,0
17898,2.2855,0
17899,2.3706,0
17900,2.5971,0
17901,2.6785,0
17902,2.8837,0
17903,2.8752,0
17904,2.7237,0
17905,2.7266,0
17906,2.7223,0
17907,2.3344,0
17908,2.8992,0
17909,2.8327,0
17910,2.4923,0
17911,2.6438,0
17912,2.5281,0
17913,2.7302,0
17914,2.7198,0
17915,2.8017,0
17916,2.7665,0
17917,2.8089,0
17918,2.8304,0
17919,2.6222,0
17920,2.5870,0
17921,2.4815,0
17922,2.8311,0
17923,2.8516,0
17924,2.8631,0
17925,2.7159,0
17926,2.7452,0
17927,2.4231,0
17928,2.4277,0
17929,2.5013,0
17930,2.6017,0
17931,2.6191,0
17932,2.1778,0
17933,2.5552,0
17934,2.3290,0
17935,2.4066,0
17936,2.4660,0
17937,2.5850,0
17938,2.4269,0
17939,2.3507,0
17940,2.8776,0
17941,2.8232,0
17942,2.9733,0
17943,2.8385,0
17944,3.4238,0
17945,3.1295,0
17946,2.8658,0
17947,2.7200,0
17948,3.2561,0
17949,2.9643,0
17950,2.5759,0
17951,2.8427,0
17952,3.8192,0
17953,3.7348,0
17954,2.8240,0
17955,3.1527,0
17956,2.7998,0
17957,2.9354,0
17958,2.9529,0
17959,3.2428,0
17960,2.8660,0
17961,2.8558,0
17962,3.6577,0
17963,2.7598,0
17964,2.6046,0
17965,2.5788,0
17966,2.8032,0
17967,2.6644,0
17968,3.2454,0
17969,2.8454,0
17970,3.3105,0
17971,2.9099,0
17972,2.9492,0
17973,2.7060,0
17974,2.7985,0
17975,3.3862,0
17976,3.1499,0
17977,2.6747,0
17978,2.2528,0
17979,3.0517,0
17980,2.5759,0
17981,2.6371,0
17982,2.2002,0
17983,2.8116,0
17984,2.3965,0
17985,2.8652,0
17986,2.5908,0
17987,2.6696,0
17988,2.2833,0
17989,2.2439,0
17990,2.3509,0
17991,2.3602,0
17992,2.2281,0
17993,2.2502,0
17994,2.2505,0
17995,2.3804,0
17996,2.4968,0
17997,2.2417,0
17998,2.1433,0
17999,2.2285,0
18000,2.2508,0
18001,2.0222,0
18002,2.2554,0
18003,2.3337,0
18004,2.3022,0
18005,2.2528,0
18006,2.2365,0
18007,2.2171,0
18008,2.1664,0
18009,2.2459,0
18010,2.3665,0
18011,2.4185,0
18012,2.3732,0
18013,2.2730,0
18014,2.0727,0
18015,2.2229,0
18016,2.3132,0
18017,2.5227,0
18018,2.5721,0
18019,2.2337,0
18020,2.3489,0
18021,2.5176,0
18022,2.4134,0
18023,2.7552,0
18024,2.4143,0
18025,2.9387,0
18026,2.7149,0
18027,3.0890,0
18028,2.6293,0
18029,2.9442,0
18030,3.2544,0
18031,3.1626,0
18032,2.9297,0
18033,2.3991,0
18034,2.7453,0
18035,2.2368,0
18036,2.6122,0
18037,2.2497,0
18038,2.5874,0
18039,2.1852,0
18040,2.8816,0
18041,2.3622,0
18042,2.8366,0
18043,2.1810,0
18044,3.6917,0
18045,3.2313,0
18046,2.8111,0
18047,2.6415,0
18048,2.2292,0
18049,3.2875,0
18050,2.3495,0
18051,2.6175,0
18052,2.3522,0
18053,2.6311,0
18054,2.4033,0
18055,2.5841,0
18056,2.1959,0
18057,2.6105,0
18058,2.1131,0
18059,2.8715,0
18060,2.1316,0
18061,2.8419,0
18062,2.2135,0
18063,2.2984,0
18064,2.2328,0
18065,2.1610,0
18066,2.1681,0
18067,2.0658,0
18068,2.2773,0
18069,2.3381,0
18070,2.3119,0
18071,2.1822,0
18072,2.3768,0
18073,2.4193,0
18074,2.7875,0
18075,2.4751,0
18076,2.3358,0
18077,2.4579,0
18078,2.3826,0
18079,2.3955,0
18080,2.6579,0
18081,2.4792,0
18082,2.2655,0
18083,2.3137,0
18084,2.3011,0
18085,2.6714,0
18086,2.2425,0
18087,2.4187,0
18088,2.3834,0
18089,2.4304,0
18090,2.1522,0
18091,2.4115,0
18092,2.2118,0
18093,2.3184,0
18094,2.4471,0
18095,2.2597,0
18096,2.5020,0
18097,2.3221,0
18098,2.3635,0
18099,2.2681,0
18100,2.2217,0
18101,2.4005,0
18102,2.3057,0
18103,2.5578,0
18104,2.2354,0
18105,2.5024,0
18106,2.4784,0
18107,2.5191,0
18108,2.1927,0
18109,2.3259,0
18110,2.4109,0
18111,2.4281,0
18112,2.6603,0
18113,2.1129,0
18114,2.3749,0
18115,2.3321,0
18116,2.2925,0
18117,2.2617,0
18118,2.6447,0
18119,2.5816,0
18120,2.3830,0
18121,2.3186,0
18122,2.3378,0
18123,2.2890,0
18124,2.3359,0
18125,2.3473,0
18126,2.3864,0
18127,2.7819,0
18128,2.1706,0
18129,2.4119,0
18130,2.3269,0
18131,2.5019,0
18132,2.4366,0
18133,2.4579,0
18134,2.3842,0
18135,2.3815,0
18136,2.5341,0
18137,2.4972,0
18138,2.3681,0
18139,2.4132,0
18140,2.2628,0
18141,2.3613,0
18142,2.3701,0
18143,2.4016,0
18144,2.3088,0
18145,2.3078,0
18146,2.3793,0
18147,2.5389,0
18148,2.4435,0
18149,2.4777,0
18150,2.6256,0
18151,2.5006,0
18152,2.4786,0
18153,2.4048,0
18154,2.5348,0
18155,2.4689,0
18156,2.4370,0
18157,2.2794,0
18158,2.1700,0
18159,2.1945,0
18160,2.3361,0
18161,2.1347,0
18162,2.1393,0
18163,2.3924,0
18164,2.5808,0
18165,2.4446,0
18166,2.5081,0
18167,2.3082,0
18168,2.4771,0
18169,2.4866,0
18170,2.5607,0
18171,2.5073,0
18172,2.3295,0
18173,2.4503,0
18174,2.5332,0
18175,2.3724,0
18176,2.6968,0
18177,2.5347,0
18178,2.3460,0
18179,2.2644,0
18180,2.4724,0
18181,2.2587,0
18182,2.1347,0
18183,2.2526,0
18184,2.0910,0
18185,2.3032,0
18186,2.0950,0
18187,2.5397,0
18188,2.5915,0
18189,2.4211,0
18190,2.5957,0
18191,2.6020,0
18192,2.6162,0
18193,2.4195,0
18194,2.5128,0
18195,2.4648,0
18196,2.5649,0
18197,2.2562,0
18198,2.4511,0
18199,2.4274,0
18200,2.3750,0
18201,2.2297,0
18202,2.3513,0
18203,2.1078,0
18204,2.3198,0
18205,2.2133,0
18206,2.5621,0
18207,2.3129,0
18208,2.5281,0
18209,2.4552,0
18210,2.3276,0
18211,2.5138,0
18212,2.4845,0
18213,2.2754,0
18214,2.5591,0
18215,2.4347,0
18216,2.5562,0
18217,2.3687,0
18218,2.6451,0
18219,2.3268,0
18220,2.4697,0
18221,2.6794,0
18222,2.4281,0
18223,2.5329,0
18224,2.6444,0
18225,2.3716,0
18226,2.4345,0
18227,2.2487,0
18228,2.2809,0
18229,2.1179,0
18230,2.2010,0
18231,2.3889,0
18232,2.5892,0
18233,2.5057,0
18234,2.4976,0
18235,2.6583,0
18236,2.7551,0
18237,2.5630,0
18238,2.3643,0
18239,2.3819,0
18240,2.2738,0
18241,2.7716,0
18242,2.3907,0
18243,2.4370,0
18244,2.2021,0
18245,2.2835,0
18246,2.3634,0
18247,2.7768,0
18248,2.4900,0
18249,2.5041,0
18250,2.3759,0
18251,2.7778,0
18252,2.3557,0
18253,2.3745,0
18254,2.3138,0
18255,2.3542,0
18256,2.2439,0
18257,2.2802,0
18258,2.6895,0
18259,2.3532,0
18260,2.3821,0
18261,2.2851,0
18262,2.4079,0
18263,2.3276,0
18264,2.4788,0
18265,2.7309,0
18266,2.6657,0
18267,2.4319,0
18268,2.4611,0
18269,2.2892,0
18270,2.2123,0
18271,2.3788,0
18272,2.6980,0
18273,2.5401,0
18274,2.4415,0
18275,2.4245,0
18276,2.8201,0
18277,2.8082,0
18278,2.8497,0
18279,2.7427,0
18280,2.5876,0
18281,2.2942,0
18282,2.0827,0
18283,2.2470,0
18284,2.3667,0
18285,3.0192,0
18286,2.5829,0
18287,2.7121,0
18288,2.7210,0
18289,2.1906,0
18290,2.2646,0
18291,2.5311,0
18292,2.5703,0
18293,2.3038,0
18294,2.3552,0
18295,2.7904,0
18296,2.7149,0
18297,2.8995,0
18298,2.2204,0
18299,2.5284,0
18300,2.6782,0
18301,2.1657,0
18302,2.2350,0
18303,2.3517,0
18304,2.3340,0
18305,2.5749,0
18306,2.7627,0
18307,2.2150,0
18308,2.0804,0
18309,2.4196,0
18310,2.7595,0
18311,2.3081,0
18312,2.5355,0
18313,2.5173,0
18314,2.2813,0
18315,2.2912,0
18316,2.3382,0
18317,2.2877,0
18318,2.3694,0
18319,2.7190,0
18320,2.3305,0
18321,2.4770,0
18322,2.9338,0
18323,2.6567,0
18324,2.4177,0
18325,2.2628,0
18326,2.1997,0
18327,2.1197,0
18328,2.1682,0
18329,3.0714,0
18330,3.2008,0
18331,2.5472,0
18332,2.5127,0
18333,2.1205,0
18334,2.4254,0
18335,2.4862,0
18336,2.4357,0
18337,2.3356,0
18338,2.9690,0
18339,2.6370,0
18340,2.3394,0
18341,2.5328,0
18342,3.0419,0
18343,2.9231,0
18344,2.3252,0
18345,2.2396,0
18346,2.2437,0
18347,2.4706,0
18348,2.3372,0
18349,2.3084,0
18350,2.4873,0
18351,2.4270,0
18352,2.5709,0
18353,2.4720,0
18354,2.9697,0
18355,2.2646,0
18356,2.5851,0
18357,2.2831,0
18358,2.3948,0
18359,2.9372,0
18360,2.4707,0
18361,2.3039,0
18362,2.2569,0
18363,2.3181,0
18364,2.9979,0
18365,2.5498,0
18366,2.7216,0
18367,2.2062,0
18368,2.6345,0
18369,2.7037,0
18370,2.1473,0
18371,2.3215,0
18372,2.4075,0
18373,2.4695,0
18374,2.4712,0
18375,2.4133,0
18376,2.5255,0
18377,2.3045,0
18378,2.4691,0
18379,2.8005,0
18380,2.6620,0
18381,2.6505,0
18382,2.4702,0
18383,2.4128,0
18384,2.3455,0
18385,2.2617,0
18386,2.2780,0
18387,2.2118,0
18388,2.4760,0
18389,2.3452,0
18390,2.7209,0
18391,2.6630,0
18392,2.4052,0
18393,2.2931,0
18394,2.3259,0
18395,2.7323,0
18396,2.6350,0
18397,2.6661,0
18398,2.4218,0
18399,2.4020,0
18400,2.7007,0
18401,2.2080,0
18402,2.2465,0
18403,2.3753,0
18404,2.2239,0
18405,2.4385,0
18406,2.2969,0
18407,2.6131,0
18408,2.6955,0
18409,2.4436,0
18410,2.3690,0
18411,2.6256,0
18412,2.2585,0
18413,2.6443,0
18414,2.2372,0
18415,2.2704,0
18416,2.1374,0
18417,2.4728,0
18418,2.2921,0
18419,2.2170,0
18420,2.3750,0
18421,2.5100,0
18422,2.3620,0
18423,2.5553,0
18424,2.6619,0
18425,2.6679,0
18426,2.3447,0
18427,2.4031,0
18428,2.3909,0
18429,2.5187,0
18430,2.5615,0
18431,2.4023,0
18432,2.4790,0
18433,2.3824,0
18434,2.5769,0
18435,2.6713,0
18436,2.4744,0
18437,2.4424,0
18438,2.2338,0
18439,2.1327,0
18440,2.3369,0
18441,2.6020,0
18442,2.5496,0
18443,2.4369,0
18444,2.4336,0
18445,2.3689,0
18446,2.2370,0
18447,2.3445,0
18448,2.5142,0
18449,2.5563,0
18450,2.6857,0
18451,2.5853,0
18452,2.4229,0
18453,2.4683,0
18454,2.4087,0
18455,2.4499,0
18456,2.4454,0
18457,2.6408,0
18458,2.3296,0
18459,2.6245,0
18460,2.6744,0
18461,2.5150,0
18462,2.5708,0
18463,2.5577,0
18464,2.6438,0
18465,2.4914,0
18466,2.5290,0
18467,2.8977,0
18468,2.5041,0
18469,2.4973,0
18470,2.5782,0
18471,2.6443,0
18472,2.3078,0
18473,2.2832,0
18474,2.3879,0
18475,2.3275,0
18476,2.2468,0
18477,2.2382,0
18478,2.0934,0
18479,2.3425,0
18480,2.3797,0
18481,2.9940,0
18482,2.3278,0
18483,2.1119,0
18484,2.4211,0
18485,2.3627,0
18486,2.2604,0
18487,2.2278,0
18488,2.4568,0
18489,2.2379,0
18490,2.4888,0
18491,2.3917,0
18492,2.4749,0
18493,2.3148,0
18494,2.1649,0
18495,2.2603,0
18496,2.4936,0
18497,2.3704,0
18498,2.0822,0
18499,2.4551,0
18500,2.3900,0
18501,2.4133,0
18502,2.5003,0
18503,2.4107,0
18504,2.8151,0
18505,2.2218,0
18506,2.2922,0
18507,2.8649,0
18508,2.1441,0
18509,2.1932,0
18510,2.2252,0
18511,2.5732,0
18512,2.2068,0
18513,2.1890,0
18514,2.2024,0
18515,2.4075,0
18516,2.4841,0
18517,2.8484,0
18518,2.4399,0
18519,2.5334,0
18520,2.2934,0
18521,2.6329,0
18522,2.3517,0
18523,2.4856,0
18524,2.4864,0
18525,2.5379,0
18526,2.3036,0
18527,2.2401,0
18528,2.4368,0
18529,2.5427,0
18530,2.1623,0
18531,2.1070,0
18532,2.6943,0
18533,2.4131,0
18534,2.3976,0
18535,2.4090,0
18536,2.5773,0
18537,2.5351,0
18538,2.1370,0
18539,2.1698,0
18540,2.1610,0
18541,2.1783,0
18542,2.3732,0
18543,2.5857,0
18544,2.4032,0
18545,2.7732,0
18546,2.2356,0
18547,2.2306,0
18548,2.2410,0
18549,2.4859,0
18550,2.2394,0
18551,2.5169,0
18552,2.6107,0
18553,2.6862,0
18554,2.8207,0
18555,2.3751,0
18556,2.8269,0
18557,2.4557,0
18558,2.6125,0
18559,2.8241,0
18560,2.4396,0
18561,2.4018,0
18562,2.1690,0
18563,2.3294,0
18564,2.3745,0
18565,2.2658,0
18566,3.0548,0
18567,2.9156,0
18568,2.5443,0
18569,2.6839,0
18570,2.5147,0
18571,2.5042,0
18572,2.9448,0
18573,3.0067,0
18574,2.5306,0
18575,2.8627,0
18576,2.7496,0
18577,3.0860,0
18578,2.8043,0
18579,2.4535,0
18580,2.3860,0
18581,2.4041,0
18582,2.8106,0
18583,2.6551,0
18584,2.4040,0
18585,2.8805,0
18586,2.6669,0
18587,2.2690,0
18588,2.4191,0
18589,2.4633,0
18590,2.6405,0
18591,2.8189,0
18592,2.3923,0
18593,2.5205,0
18594,2.7297,0
18595,2.9683,0
18596,2.5076,0
18597,2.4707,0
18598,2.3770,0
18599,2.4032,0
18600,2.4633,0
18601,2.3737,0
18602,2.3510,0
18603,2.4344,0
18604,2.6738,0
18605,2.3868,0
18606,2.2384,0
18607,2.3925,0
18608,2.4756,0
18609,2.4792,0
18610,2.5710,0
18611,2.3065,0
18612,2.4210,0
18613,2.4180,0
18614,2.5107,0
18615,2.3789,0
18616,2.4770,0
18617,2.4288,0
18618,2.3340,0
18619,2.3695,0
18620,2.4730,0
18621,2.6357,0
18622,2.3692,0
18623,2.6257,0
18624,2.6402,0
18625,2.8924,0
18626,2.6794,0
18627,2.4483,0
18628,2.4369,0
18629,2.3353,0
18630,2.4642,0
18631,3.0179,0
18632,2.5243,0
18633,2.7303,0
18634,2.6422,0
18635,2.5483,0
18636,2.6437,0
18637,2.6352,0
18638,2.4719,0
18639,2.6475,0
18640,2.5956,0
18641,2.6495,0
18642,2.4583,0
18643,2.6629,0
18644,2.7051,0
18645,2.5537,0
18646,2.4249,0
18647,2.6392,0
18648,2.4767,0
18649,2.3772,0
18650,2.4377,0
18651,2.7476,0
18652,2.7653,0
18653,2.9101,0
18654,2.8017,0
18655,2.4240,0
18656,2.3747,0
18657,2.6778,0
18658,2.3507,0
18659,2.3224,0
18660,2.9901,0
18661,2.5317,0
18662,2.3011,0
18663,2.8240,0
18664,2.5054,0
18665,2.6352,0
18666,2.4562,0
18667,2.4036,0
18668,2.3644,0
18669,2.3155,0
18670,2.5712,0
18671,2.2662,0
18672,2.3776,0
18673,2.2132,0
18674,2.5691,0
18675,2.4114,0
18676,2.1656,0
18677,2.2935,0
18678,2.4602,0
18679,2.5815,0
18680,2.5154,0
18681,2.3632,0
18682,2.5098,0
18683,2.3922,0
18684,2.4620,0
18685,2.5835,0
18686,2.3821,0
18687,3.0262,0
18688,2.5777,0
18689,2.2947,0
18690,2.5443,0
18691,2.6932,0
18692,2.5053,0
18693,2.4450,0
18694,2.3124,0
18695,2.5015,0
18696,2.3965,0
18697,2.6278,0
18698,2.3548,0
18699,2.6576,0
18700,2.6453,0
18701,2.5077,0
18702,2.7625,0
18703,2.5093,0
18704,2.2195,0
18705,2.5745,0
18706,2.1932,0
18707,2.3298,0
18708,2.7025,0
18709,2.3266,0
18710,2.7871,0
18711,2.5960,0
18712,3.0293,0
18713,2.4164,0
18714,2.9235,0
18715,2.6433,0
18716,2.5662,0
18717,2.7022,0
18718,2.7442,0
18719,2.2986,0
18720,2.2868,0
18721,2.4239,0
18722,2.2381,0
18723,2.5587,0
18724,2.7124,0
18725,2.4067,0
18726,2.3424,0
18727,2.3868,0
18728,2.8787,0
18729,2.5730,0
18730,2.4890,0
18731,2.7751,0
18732,2.4340,0
18733,2.6621,0
18734,2.5080,0
18735,2.4534,0
18736,2.2527,0
18737,2.1953,0
18738,2.5644,0
18739,2.3491,0
18740,2.2944,0
18741,2.2580,0
18742,2.4102,0
18743,2.1956,0
18744,2.2042,0
18745,2.5103,0
18746,2.2539,0
18747,2.2506,0
18748,2.4391,0
18749,2.3170,0
18750,2.2880,0
18751,2.4772,0
18752,2.3214,0
18753,2.2368,0
18754,2.2301,0
18755,2.5526,0
18756,2.9297,0
18757,2.5996,0
18758,2.5549,0
18759,2.5964,0
18760,2.2535,0
18761,2.2443,0
18762,2.3396,0
18763,2.1307,0
18764,2.4653,0
18765,2.0903,0
18766,2.4173,0
18767,2.7927,0
18768,2.4769,0
18769,2.4529,0
18770,2.3590,0
18771,2.8207,0
18772,2.0629,0
18773,2.1048,0
18774,2.1585,0
18775,2.1693,0
18776,2.2897,0
18777,2.4603,0
18778,2.7640,0
18779,2.2916,0
18780,2.4574,0
18781,2.5867,0
18782,2.2783,0
18783,2.2321,0
18784,2.5518,0
18785,2.1842,0
18786,2.4170,0
18787,2.3811,0
18788,2.1280,0
18789,2.1391,0
18790,2.0133,0
18791,2.1833,0
18792,1.9462,0
18793,2.2247,0
18794,1.9349,0
18795,2.1968,0
18796,2.1646,0
18797,2.0906,0
18798,2.4676,0
18799,2.5083,0
18800,2.2158,0
18801,2.4145,0
18802,2.9078,0
18803,2.6810,0
18804,2.2578,0
18805,2.4205,0
18806,2.2936,0
18807,2.5078,0
18808,2.5209,0
18809,2.4159,0
18810,2.7464,0
18811,2.6214,0
18812,2.4575,0
18813,2.6003,0
18814,2.7395,0
18815,2.0563,0
18816,2.2198,0
18817,2.3072,0
18818,2.5096,0
18819,2.2433,0
18820,2.0881,0
18821,2.5762,0
18822,2.5421,0
18823,2.4750,0
18824,2.3221,0
18825,2.5770,0
18826,2.6063,0
18827,2.6057,0
18828,2.2900,0
18829,2.4877,0
18830,2.1778,0
18831,2.4570,0
18832,2.6859,0
18833,2.3320,0
18834,2.4613,0
18835,2.3723,0
18836,2.5292,0
18837,2.3781,0
18838,2.3747,0
18839,2.5321,0
18840,2.2691,0
18841,2.4255,0
18842,2.3123,0
18843,2.5637,0
18844,2.1604,0
18845,2.3258,0
18846,2.1733,0
18847,2.2571,0
18848,2.2265,0
18849,2.1124,0
18850,2.2410,0
18851,2.1044,0
18852,2.8069,0
18853,2.2203,0
18854,2.2126,0
18855,2.2285,0
18856,2.1528,0
18857,2.3165,0
18858,2.3016,0
18859,2.0392,0
18860,2.0904,0
18861,2.0786,0
18862,2.1216,0
18863,2.1807,0
18864,2.2418,0
18865,2.7637,0
18866,2.5621,0
18867,2.0182,0
18868,2.0893,0
18869,2.2489,0
18870,2.5946,0
18871,2.2609,0
18872,2.2766,0
18873,2.2796,0
18874,2.2623,0
18875,2.3572,0
18876,2.3579,0
18877,2.3351,0
18878,2.4262,0
18879,2.2936,0
18880,2.3047,0
18881,2.8225,0
18882,2.3122,0
18883,2.1906,0
18884,1.9194,0
18885,2.3780,0
18886,2.5285,0
18887,2.4087,0
18888,2.1928,0
18889,2.3405,0
18890,2.2822,0
18891,2.2780,0
18892,2.8843,0
18893,2.6459,0
18894,2.2790,0
18895,2.6065,0
18896,2.3135,0
18897,2.4150,0
18898,2.1491,0
18899,2.0997,0
18900,2.3391,0
18901,2.1948,0
18902,2.2760,0
18903,2.1548,0
18904,2.5017,0
18905,2.2165,0
18906,2.2086,0
18907,2.1162,0
18908,2.2680,0
18909,2.2528,0
18910,2.4566,0
18911,2.3275,0
18912,2.4070,0
18913,2.2811,0
18914,2.3373,0
18915,2.4455,0
18916,2.3675,0
18917,2.5016,0
18918,2.2920,0
18919,2.7246,0
18920,2.3919,0
18921,2.4743,0
18922,2.4395,0
18923,2.2763,0
18924,2.2668,0
18925,2.3302,0
18926,2.3425,0
18927,2.2279,0
18928,2.1321,0
18929,2.4536,0
18930,2.3162,0
18931,2.4311,0
18932,2.5668,0
18933,2.3538,0
18934,2.5004,0
18935,2.4106,0
18936,2.9260,0
18937,2.5087,0
18938,2.4730,0
18939,2.6645,0
18940,2.2001,0
18941,2.5342,0
18942,2.3035,0
18943,2.1496,0
18944,2.2046,0
18945,2.1354,0
18946,2.5065,0
18947,2.6210,0
18948,2.4966,0
18949,2.1263,0
18950,2.4379,0
18951,2.2586,0
18952,2.2976,0
18953,2.2021,0
18954,2.2493,0
18955,2.2944,0
18956,2.2457,0
18957,2.2303,0
18958,2.2620,0
18959,2.9738,0
18960,2.1964,0
18961,2.2729,0
18962,2.1686,0
18963,2.1754,0
18964,2.1637,0
18965,2.1744,0
18966,2.3787,0
18967,2.4471,0
18968,2.2874,0
18969,2.1886,0
18970,2.2378,0
18971,2.5105,0
18972,2.2219,0
18973,2.3835,0
18974,2.5906,0
18975,2.5553,0
18976,2.5117,0
18977,2.5520,0
18978,2.5171,0
18979,2.3967,0
18980,2.9607,0
18981,2.3669,0
18982,2.3484,0
18983,3.1713,0
18984,2.3876,0
18985,2.4150,0
18986,2.3741,0
18987,2.2413,0
18988,2.2861,0
18989,2.2682,0
18990,2.1363,0
18991,2.4019,0
18992,2.3386,0
18993,2.7678,0
18994,2.2697,0
18995,2.3278,0
18996,2.3629,0
18997,2.3632,0
18998,2.1920,0
18999,2.4453,0
19000,2.7882,0
19001,2.4524,0
19002,2.2297,0
19003,2.5778,0
19004,2.2748,0
19005,2.5052,0
19006,2.4635,0
19007,2.1015,0
19008,2.2601,0
19009,2.2748,0
19010,2.2918,0
19011,2.3582,0
19012,2.1760,0
19013,2.7003,0
19014,2.1391,0
19015,2.2292,0
19016,2.3944,0
19017,2.2866,0
19018,2.4576,0
19019,2.3002,0
19020,2.3107,0
19021,2.2918,0
19022,2.3693,0
19023,2.4410,0
19024,2.4334,0
19025,2.3363,0
19026,2.4752,0
19027,2.3165,0
19028,2.1870,0
19029,2.2536,0
19030,2.4567,0
19031,2.1435,0
19032,2.1644,0
19033,2.3124,0
19034,2.1988,0
19035,2.4113,0
19036,2.4179,0
19037,2.6573,0
19038,2.9664,0
19039,2.2117,0
19040,2.4128,0
19041,2.1990,0
19042,2.3127,0
19043,2.4195,0
19044,2.3913,0
19045,2.4945,0
19046,2.2766,0
19047,2.2326,0
19048,2.2346,0
19049,2.4545,0
19050,2.6149,0
19051,2.3303,0
19052,2.2285,0
19053,2.2076,0
19054,2.3258,0
19055,2.5201,0
19056,2.3462,0
19057,2.3069,0
19058,2.3269,0
19059,2.5533,0
19060,2.3060,0
19061,2.7915,0
19062,2.5020,0
19063,2.3988,0
19064,2.3670,0
19065,2.5037,0
19066,2.7365,0
19067,5.9304,0
19068,5.5618,0
19069,5.4684,0
19070,6.0398,0
19071,5.6609,0
19072,6.3139,0
19073,6.1327,0
19074,5.8465,0
19075,5.7038,0
19076,5.6692,0
19077,5.8672,0
19078,5.9712,0
19079,18.2000,1
19080,3.1101,0
19081,3.0792,0
19082,2.6230,0
19083,3.5602,0
19084,3.2937,0
19085,3.3845,0
19086,3.8131,0
19087,3.2712,0
19088,2.6735,0
19089,2.6549,0
19090,2.7999,0
19091,2.7037,0
19092,2.5623,0
19093,2.4347,0
19094,2.5466,0
19095,2.6013,0
19096,2.5725,0
19097,2.6666,0
19098,2.8697,0
19099,2.4557,0
19100,2.2859,0
19101,2.3303,0
19102,2.4764,0
19103,2.7502,0
19104,2.5703,0
19105,2.5288,0
19106,2.3716,0
19107,2.4377,0
19108,2.4449,0
19109,2.7004,0
19110,2.4418,0
19111,2.6001,0
19112,2.4414,0
19113,2.5238,0
19114,2.5144,0
19115,2.4768,0
19116,2.5181,0
19117,2.4574,0
19118,2.4785,0
19119,2.3941,0
19120,2.7130,0
19121,2.6940,0
19122,2.6038,0
19123,2.3918,0
19124,2.5143,0
19125,2.4146,0
19126,2.6476,0
19127,2.5869,0
19128,3.0580,0
19129,2.5233,0
19130,2.5340,0
19131,2.4794,0
19132,2.5514,0
19133,2.4307,0
19134,2.7161,0
19135,3.0584,0
19136,2.6801,0
19137,2.6560,0
19138,2.5796,0
19139,2.4907,0
19140,2.6345,0
19141,2.5255,0
19142,2.3732,0
19143,2.5864,0
19144,2.3907,0
19145,2.4636,0
19146,2.6380,0
19147,2.4173,0
19148,2.3327,0
19149,2.3317,0
19150,2.5293,0
19151,2.7968,0
19152,2.4719,0
19153,2.5014,0
19154,2.3759,0
19155,2.4216,0
19156,2.4571,0
19157,2.2454,0
19158,2.5497,0
19159,2.6879,0
19160,2.7856,0
19161,2.6089,0
19162,2.5130,0
19163,2.4651,0
19164,2.3439,0
19165,2.3820,0
19166,2.2848,0
19167,2.2919,0
19168,2.3505,0
19169,2.1872,0
19170,2.4440,0
19171,2.2944,0
19172,2.3666,0
19173,2.4671,0
19174,2.4403,0
19175,2.3472,0
19176,2.5995,0
19177,2.4145,0
19178,2.3995,0
19179,2.3382,0
19180,2.4719,0
19181,2.3750,0
19182,2.3863,0
19183,2.5441,0
19184,2.4953,0
19185,2.4973,0
19186,2.4137,0
19187,2.8737,0
19188,2.2234,0
19189,2.2400,0
19190,2.1976,0
19191,2.3630,0
19192,2.4330,0
19193,2.4508,0
19194,2.3959,0
19195,2.3309,0
19196,2.2915,0
19197,2.5096,0
19198,2.5185,0
19199,2.5849,0
19200,2.4410,0
19201,2.4541,0
19202,2.7623,0
19203,2.4928,0
19204,2.5876,0
19205,2.3998,0
19206,2.2673,0
19207,2.4244,0
19208,2.3711,0
19209,2.4264,0
19210,2.7053,0
19211,2.6365,0
19212,2.5151,0
19213,2.3844,0
19214,2.6203,0
19215,2.2130,0
19216,2.4100,0
19217,2.5062,0
19218,2.4580,0
19219,2.8324,0
19220,2.5360,0
19221,2.2547,0
19222,2.2912,0
19223,2.7027,0
19224,2.5465,0
19225,2.3834,0
19226,2.5397,0
19227,2.4445,0
19228,2.4540,0
19229,2.5329,0
19230,2.4915,0
19231,2.5449,0
19232,2.5920,0
19233,2.4971,0
19234,2.3904,0
19235,2.6039,0
19236,2.5669,0
19237,2.7197,0
19238,2.5241,0
19239,2.6226,0
19240,2.3996,0
19241,2.3762,0
19242,2.8449,0
19243,2.7428,0
19244,2.4036,0
19245,2.5290,0
19246,2.7861,0
19247,3.1079,0
19248,2.6229,0
19249,2.5515,0
19250,2.5485,0
19251,2.4328,0
19252,2.5483,0
19253,2.5424,0
19254,2.6445,0
19255,2.9535,0
19256,2.2677,0
19257,2.6895,0
19258,2.6278,0
19259,2.7074,0
19260,2.5447,0
19261,2.5001,0
19262,2.5617,0
19263,2.4124,0
19264,2.6252,0
19265,2.8200,0
19266,2.5374,0
19267,2.3364,0
19268,2.4672,0
19269,2.4308,0
19270,2.5570,0
19271,2.5248,0
19272,2.5375,0
19273,2.9863,0
19274,2.8342,0
19275,2.5207,0
19276,2.5383,0
19277,2.8024,0
19278,2.6079,0
19279,2.7310,0
19280,2.6003,0
19281,2.8982,0
19282,3.0017,0
19283,2.5937,0
19284,2.5754,0
19285,2.8344,0
19286,2.4696,0
19287,2.8957,0
19288,2.6352,0
19289,2.5016,0
19290,2.4868,0
19291,2.2200,0
19292,2.8644,0
19293,2.8075,0
19294,2.6316,0
19295,2.6634,0
19296,2.7026,0
19297,2.4361,0
19298,2.5633,0
19299,2.7807,0
19300,3.0201,0
19301,2.4637,0
19302,2.4192,0
19303,2.4566,0
19304,2.7093,0
19305,2.4095,0
19306,2.7779,0
19307,2.7325,0
19308,2.6457,0
19309,2.7212,0
19310,2.3651,0
19311,2.8468,0
19312,2.5228,0
19313,2.3101,0
19314,2.5996,0
19315,2.7049,0
19316,2.6477,0
19317,3.0026,0
19318,2.7253,0
19319,2.8785,0
19320,2.7245,0
19321,2.4959,0
19322,2.5480,0
19323,2.5690,0
19324,2.5039,0
19325,2.3852,0
19326,2.8878,0
19327,2.3802,0
19328,2.4849,0
19329,2.3203,0
19330,2.3745,0
19331,2.2908,0
19332,2.2284,0
19333,2.3609,0
19334,2.2753,0
19335,2.9553,0
19336,2.5393,0
19337,2.6708,0
19338,2.4686,0
19339,2.5148,0
19340,2.3878,0
19341,2.5120,0
19342,2.5669,0
19343,2.6043,0
19344,2.5366,0
19345,2.5418,0
19346,2.4843,0
19347,2.6086,0
19348,2.4521,0
19349,2.5018,0
19350,2.5387,0
19351,2.1799,0
19352,2.6324,0
19353,2.4563,0
19354,2.3937,0
19355,2.4408,0
19356,2.6167,0
19357,2.3810,0
19358,2.6054,0
19359,2.6577,0
19360,2.9446,0
19361,2.6336,0
19362,2.4618,0
19363,2.4157,0
19364,2.1786,0
19365,2.3092,0
19366,2.7943,0
19367,2.4262,0
19368,2.6948,0
19369,2.4735,0
19370,2.8076,0
19371,2.5155,0
19372,2.5421,0
19373,2.5779,0
19374,2.4578,0
19375,2.5834,0
19376,2.4440,0
19377,2.2221,0
19378,2.6293,0
19379,2.3878,0
19380,2.6081,0
19381,2.1997,0
19382,2.3186,0
19383,2.4190,0
19384,2.4823,0
19385,2.4976,0
19386,2.4025,0
19387,2.6068,0
19388,2.7788,0
19389,2.5529,0
19390,2.6022,0
19391,2.4019,0
19392,2.4981,0
19393,2.7487,0
19394,2.3822,0
19395,2.3728,0
19396,2.3012,0
19397,2.4889,0
19398,2.2770,0
19399,2.3974,0
19400,2.5771,0
19401,2.2382,0
19402,2.4328,0
19403,2.4556,0
19404,2.5485,0
19405,2.5098,0
19406,2.5181,0
19407,2.3622,0
19408,2.2810,0
19409,2.2950,0
19410,2.2697,0
19411,2.4638,0
19412,2.2461,0
19413,2.4652,0
19414,2.5951,0
19415,2.4923,0
19416,2.6248,0
19417,2.4765,0
19418,2.6512,0
19419,2.5975,0
19420,2.4490,0
19421,2.3490,0
19422,2.4972,0
19423,2.2574,0
19424,2.5787,0
19425,2.9241,0
19426,2.3931,0
19427,2.9429,0
19428,2.4232,0
19429,2.2565,0
19430,2.5300,0
19431,2.2409,0
19432,2.5544,0
19433,2.2636,0
19434,2.4491,0
19435,2.5513,0
19436,2.5662,0
19437,2.4537,0
19438,2.5475,0
19439,2.5584,0
19440,2.9811,0
19441,2.6579,0
19442,2.4363,0
19443,2.8124,0
19444,2.3303,0
19445,2.4548,0
19446,2.3648,0
19447,2.4227,0
19448,2.6826,0
19449,2.2567,0
19450,2.6973,0
19451,2.1908,0
19452,2.4163,0
19453,2.5106,0
19454,2.4542,0
19455,2.5161,0
19456,2.3765,0
19457,2.3639,0
19458,2.3953,0
19459,2.3799,0
19460,2.3916,0
19461,2.3010,0
19462,2.4849,0
19463,2.4292,0
19464,2.4546,0
19465,2.4520,0
19466,2.3581,0
19467,2.3314,0
19468,2.4400,0
19469,2.3053,0
19470,2.2787,0
19471,2.2886,0
19472,2.5991,0
19473,2.5066,0
19474,2.5989,0
19475,2.4057,0
19476,2.6729,0
19477,2.3506,0
19478,2.8421,0
19479,2.2781,0
19480,2.3372,0
19481,2.5074,0
19482,2.6349,0
19483,2.3851,0
19484,2.4673,0
19485,2.6439,0
19486,2.4595,0
19487,2.9529,0
19488,3.1624,0
19489,3.2249,0
19490,2.3355,0
19491,2.2770,0
19492,2.4724,0
19493,2.4083,0
19494,2.2607,0
19495,2.7643,0
19496,2.7304,0
19497,2.3451,0
19498,2.3586,0
19499,3.1629,0
19500,2.4010,0
19501,2.2945,0
19502,2.3566,0
19503,2.3829,0
19504,3.0837,0
19505,2.3684,0
19506,2.4800,0
19507,2.5164,0
19508,2.4024,0
19509,2.6694,0
19510,2.5864,0
19511,2.4711,0
19512,2.3403,0
19513,2.5281,0
19514,2.4687,0
19515,2.4000,0
19516,2.5038,0
19517,2.8108,0
19518,2.3958,0
19519,2.3584,0
19520,2.4961,0
19521,2.4757,0
19522,2.4361,0
19523,2.3473,0
19524,2.2878,0
19525,2.4939,0
19526,2.4618,0
19527,2.6342,0
19528,2.5903,0
19529,2.7128,0
19530,3.1430,0
19531,2.7161,0
19532,2.9290,0
19533,2.5132,0
19534,2.7348,0
19535,2.7685,0
19536,2.6354,0
19537,2.5229,0
19538,2.4328,0
19539,2.3016,0
19540,2.3536,0
19541,2.5701,0
19542,2.2220,0
19543,2.4247,0
19544,2.2883,0
19545,2.5667,0
19546,2.2508,0
19547,2.3444,0
19548,2.2569,0
19549,2.3924,0
19550,2.7332,0
19551,2.4084,0
19552,2.5427,0
19553,2.3318,0
19554,2.3560,0
19555,2.3718,0
19556,2.3073,0
19557,2.6871,0
19558,2.1845,0
19559,2.8417,0
19560,2.3969,0
19561,2.4387,0
19562,2.6469,0
19563,2.5127,0
19564,2.2341,0
19565,2.3726,0
19566,2.6000,0
19567,2.6288,0
19568,2.5414,0
19569,2.4554,0
19570,2.2783,0
19571,2.5563,0
19572,2.4046,0
19573,2.5658,0
19574,2.6099,0
19575,2.8067,0
19576,2.3219,0
19577,2.3924,0
19578,2.1813,0
19579,2.3588,0
19580,2.4454,0
19581,2.3574,0
19582,2.3091,0
19583,2.3426,0
19584,2.6277,0
19585,2.2932,0
19586,2.2281,0
19587,2.4687,0
19588,2.6601,0
19589,2.8490,0
19590,2.4066,0
19591,2.5661,0
19592,2.4780,0
19593,2.4002,0
19594,2.4242,0
19595,2.1772,0
19596,2.3430,0
19597,2.5635,0
19598,2.3459,0
19599,2.0711,0
19600,2.1257,0
19601,2.5470,0
19602,2.0670,0
19603,2.3666,0
19604,2.7361,0
19605,2.2981,0
19606,2.4737,0
19607,2.4512,0
19608,2.3911,0
19609,2.3922,0
19610,2.4808,0
19611,2.4011,0
19612,2.5527,0
19613,2.4211,0
19614,2.2478,0
19615,2.8475,0
19616,2.6073,0
19617,2.5851,0
19618,2.5405,0
19619,2.4087,0
19620,2.3935,0
19621,2.2316,0
19622,2.1700,0
19623,2.3301,0
19624,2.3322,0
19625,2.4565,0
19626,2.3631,0
19627,2.3260,0
19628,2.2178,0
19629,2.3491,0
19630,2.2405,0
19631,2.2625,0
19632,2.3272,0
19633,2.3281,0
19634,2.1349,0
19635,2.9047,0
19636,2.1445,0
19637,2.1863,0
19638,2.2129,0
19639,2.3353,0
19640,2.2692,0
19641,2.3502,0
19642,2.5125,0
19643,2.7479,0
19644,2.4205,0
19645,2.6591,0
19646,2.4642,0
19647,2.3254,0
19648,2.4380,0
19649,2.3571,0
19650,2.4081,0
19651,2.4402,0
19652,2.4212,0
19653,2.2951,0
19654,2.2493,0
19655,2.3025,0
19656,2.3620,0
19657,2.3614,0
19658,2.3404,0
19659,2.3792,0
19660,2.6749,0
19661,2.2779,0
19662,2.4408,0
19663,2.3511,0
19664,2.2485,0
19665,2.3952,0
19666,2.7077,0
19667,2.8714,0
19668,2.3544,0
19669,2.4552,0
19670,2.7181,0
19671,2.5920,0
19672,2.2398,0
19673,2.3101,0
19674,2.3958,0
19675,2.7967,0
19676,2.7885,0
19677,2.3276,0
19678,2.2823,0
19679,2.3705,0
19680,2.2980,0
19681,2.4966,0
19682,2.3795,0
19683,2.4671,0
19684,2.5079,0
19685,2.5273,0
19686,2.3335,0
19687,2.7136,0
19688,2.2078,0
19689,2.8022,0
19690,2.3117,0
19691,2.8404,0
19692,2.0625,0
19693,2.1549,0
19694,2.0418,0
19695,2.0688,0
19696,2.8335,0
19697,2.3700,0
19698,2.2263,0
19699,2.1158,0
19700,2.8402,0
19701,2.2908,0
19702,2.2123,0
19703,2.0969,0
19704,2.5862,0
19705,2.4103,0
19706,2.2798,0
19707,2.1496,0
19708,2.1636,0
19709,2.7766,0
19710,2.4518,0
19711,2.1854,0
19712,2.4231,0
19713,2.3367,0
19714,2.6763,0
19715,2.3522,0
19716,2.2759,0
19717,2.2632,0
19718,2.3330,0
19719,2.2150,0
19720,2.2823,0
19721,2.2441,0
19722,2.2767,0
19723,2.3696,0
19724,2.3545,0
19725,2.5997,0
19726,2.2366,0
19727,2.2329,0
19728,2.3664,0
19729,2.8716,0
19730,2.5261,0
19731,2.5776,0
19732,2.1880,0
19733,2.0334,0
19734,2.5409,0
19735,2.2559,0
19736,1.9847,0
19737,2.5891,0
19738,2.0378,0
19739,2.1652,0
19740,2.1376,0
19741,2.2169,0
19742,2.1492,0
19743,2.1996,0
19744,2.3390,0
19745,2.2667,0
19746,2.3923,0
19747,2.2350,0
19748,2.5928,0
19749,2.5578,0
19750,2.4087,0
19751,2.5162,0
19752,2.2916,0
19753,2.2633,0
19754,2.1867,0
19755,2.5158,0
19756,2.1811,0
19757,2.2620,0
19758,2.2080,0
19759,2.3680,0
19760,2.4053,0
19761,2.2415,0
19762,2.3178,0
19763,2.2890,0
19764,2.2885,0
19765,2.1889,0
19766,2.5793,0
19767,2.1949,0
19768,2.5126,0
19769,2.3912,0
19770,2.7568,0
19771,2.4511,0
19772,2.3958,0
19773,2.5566,0
19774,2.2958,0
19775,2.3338,0
19776,2.2680,0
19777,2.3009,0
19778,2.2009,0
19779,2.6052,0
19780,2.2481,0
19781,2.3064,0
19782,2.5125,0
19783,2.4124,0
19784,2.1756,0
19785,2.2442,0
19786,2.0214,0
19787,2.3033,0
19788,2.5507,0
19789,2.3951,0
19790,2.7667,0
19791,2.2988,0
19792,2.1227,0
19793,2.0026,0
19794,2.3850,0
19795,2.2458,0
19796,2.6843,0
19797,2.3630,0
19798,2.2458,0
19799,2.1454,0
19800,2.2125,0
19801,2.1202,0
19802,2.2802,0
19803,2.3054,0
19804,2.2738,0
19805,2.4125,0
19806,2.6369,0
19807,2.3116,0
19808,2.2810,0
19809,2.4489,0
19810,2.4287,0
19811,2.4338,0
19812,2.2520,0
19813,2.3282,0
19814,2.2007,0
19815,2.7616,0
19816,2.4131,0
19817,2.6059,0
19818,2.0790,0
19819,2.2292,0
19820,2.2395,0
19821,2.1832,0
19822,2.7436,0
19823,2.2198,0
19824,2.2284,0
19825,2.2506,0
19826,2.3542,0
19827,2.2347,0
19828,2.3014,0
19829,2.3622,0
19830,2.3566,0
19831,2.1403,0
19832,2.7451,0
19833,2.2536,0
19834,2.2582,0
19835,2.9914,0
19836,2.3200,0
19837,2.3672,0
19838,2.1176,0
19839,2.2432,0
19840,2.2539,0
19841,2.3736,0
19842,2.8151,0
19843,2.3165,0
19844,2.1699,0
19845,2.5216,0
19846,2.1944,0
19847,2.1594,0
19848,2.1949,0
19849,2.2199,0
19850,2.2259,0
19851,2.5997,0
19852,2.3011,0
19853,2.1793,0
19854,2.1121,0
19855,2.0820,0
19856,2.1403,0
19857,2.3519,0
19858,2.3214,0
19859,2.5626,0
19860,2.4545,0
19861,2.2955,0
19862,2.5934,0
19863,2.4782,0
19864,2.4960,0
19865,2.4389,0
19866,2.3721,0
19867,2.4207,0
19868,2.2376,0
19869,2.4298,0
19870,2.4142,0
19871,2.2853,0
19872,2.9058,0
19873,2.4189,0
19874,2.2461,0
19875,2.5715,0
19876,2.3838,0
19877,2.3902,0
19878,2.2031,0
19879,2.4408,0
19880,2.2626,0
19881,2.2739,0
19882,2.2647,0
19883,2.3684,0
19884,2.2056,0
19885,2.3947,0
19886,2.3889,0
19887,2.3705,0
19888,2.8804,0
19889,2.3010,0
19890,2.5041,0
19891,2.5918,0
19892,2.2194,0
19893,2.2875,0
19894,2.0650,0
19895,2.3895,0
19896,2.4589,0
19897,2.5822,0
19898,2.8527,0
19899,2.4358,0
19900,2.7283,0
19901,2.3730,0
19902,2.2725,0
19903,2.1223,0
19904,2.3375,0
19905,2.2733,0
19906,2.7333,0
19907,2.5448,0
19908,2.6599,0
19909,2.3537,0
19910,2.3341,0
19911,2.3008,0
19912,2.5628,0
19913,2.6214,0
19914,2.6066,0
19915,3.0104,0
19916,2.7240,0
19917,2.6687,0
19918,3.2159,0
19919,2.6218,0
19920,2.9981,0
19921,3.0978,0
19922,3.0235,0
19923,2.5776,0
19924,2.7942,0
19925,2.4453,0
19926,2.3527,0
19927,2.5464,0
19928,2.6447,0
19929,2.6564,0
19930,2.7574,0
19931,2.7588,0
19932,2.9896,0
19933,3.1576,0
19934,2.7070,0
19935,2.7998,0
19936,2.9869,0
19937,2.8342,0
19938,2.4493,0
19939,2.9708,0
19940,2.9642,0
19941,2.7995,0
19942,2.6179,0
19943,3.2170,0
19944,2.6484,0
19945,2.8709,0
19946,2.7314,0
19947,2.6136,0
19948,3.3196,0
19949,2.8354,0
19950,2.6878,0
19951,3.1597,0
19952,2.8184,0
19953,2.4301,0
19954,2.3971,0
19955,2.4080,0
19956,2.5396,0
19957,2.6070,0
19958,2.5101,0
19959,2.4911,0
19960,2.4362,0
19961,2.5232,0
19962,2.5070,0
19963,2.7742,0
19964,2.5560,0
19965,2.7895,0
19966,2.4773,0
19967,2.7981,0
19968,2.4936,0
19969,2.4029,0
19970,2.4982,0
19971,2.3790,0
19972,2.6020,0
19973,2.3248,0
19974,2.4785,0
19975,2.7606,0
19976,2.6927,0
19977,2.7634,0
19978,2.3876,0
19979,2.3738,0
19980,2.4621,0
19981,2.2843,0
19982,2.4710,0
19983,2.3505,0
19984,2.3722,0
19985,2.5295,0
19986,2.4340,0
19987,2.5489,0
19988,2.8991,0
19989,4.0634,0
19990,4.2625,0
19991,2.7337,0
19992,2.8971,0
19993,2.4424,0
19994,2.3235,0
19995,2.3620,0
19996,2.6202,0
19997,2.4549,0
19998,2.3710,0
19999,2.3178,0
20000,2.4600,0
20001,2.6787,0
20002,2.4084,0
20003,2.2943,0
20004,2.2703,0
20005,2.2425,0
20006,2.3995,0
20007,2.3770,0
20008,2.4092,0
20009,2.2597,0
20010,2.3950,0
20011,2.5788,0
20012,2.5186,0
20013,2.5719,0
20014,2.4902,0
20015,2.4013,0
20016,2.4842,0
20017,2.5670,0
20018,2.4602,0
20019,2.3057,0
20020,2.6163,0
20021,2.4976,0
20022,2.4013,0
20023,2.4889,0
20024,2.3097,0
20025,2.3404,0
20026,2.4173,0
20027,2.2115,0
20028,2.4213,0
20029,2.5836,0
20030,2.3114,0
20031,2.2226,0
20032,2.1905,0
20033,2.3008,0
20034,2.2219,0
20035,2.3292,0
20036,2.1162,0
20037,2.7333,0
20038,2.4763,0
20039,2.3422,0
20040,2.2792,0
20041,2.3762,0
20042,2.1880,0
20043,2.6233,0
20044,2.9491,0
20045,2.2978,0
20046,2.3687,0
20047,2.3704,0
20048,2.3278,0
20049,2.6735,0
20050,2.2900,0
20051,2.3860,0
20052,2.6365,0
20053,2.2189,0
20054,2.2962,0
20055,2.2972,0
20056,2.6399,0
20057,2.4254,0
20058,2.2665,0
20059,2.9655,0
20060,2.2006,0
20061,2.3687,0
20062,2.2274,0
20063,2.2938,0
20064,2.2488,0
20065,2.7586,0
20066,2.3032,0
20067,2.3629,0
20068,2.5890,0
20069,2.7725,0
20070,2.4137,0
20071,2.3902,0
20072,2.5166,0
20073,2.2996,0
20074,2.3575,0
20075,2.2818,0
20076,2.4817,0
20077,2.2010,0
20078,2.3896,0
20079,2.2578,0
20080,2.3641,0
20081,2.3954,0
20082,2.7075,0
20083,2.2298,0
20084,2.7111,0
20085,2.4410,0
20086,2.1700,0
20087,2.2509,0
20088,2.5514,0
20089,2.4357,0
20090,2.3944,0
20091,2.1549,0
20092,2.1971,0
20093,2.3395,0
20094,2.1405,0
20095,2.2731,0
20096,2.0521,0
20097,2.2825,0
20098,2.2003,0
20099,2.2537,0
20100,2.3918,0
20101,2.9250,0
20102,2.3678,0
20103,2.4764,0
20104,2.3905,0
20105,2.1901,0
20106,2.1878,0
20107,2.1436,0
20108,2.1979,0
20109,2.3515,0
20110,2.8984,0
20111,2.4187,0
20112,2.6758,0
20113,2.4611,0
20114,2.6963,0
20115,2.3996,0
20116,2.2644,0
20117,2.3697,0
20118,2.4824,0
20119,2.2813,0
20120,2.3706,0
20121,2.2015,0
20122,2.4731,0
20123,2.2549,0
20124,2.2741,0
20125,2.1687,0
20126,2.3709,0
20127,2.6235,0
20128,2.0578,0
20129,2.1953,0
20130,2.1845,0
20131,2.1207,0
20132,2.4749,0
20133,2.5118,0
20134,2.3157,0
20135,2.7881,0
20136,2.6395,0
20137,2.2997,0
20138,2.6190,0
20139,2.1248,0
20140,2.3664,0
20141,2.4622,0
20142,2.2138,0
20143,2.5566,0
20144,2.4027,0
20145,2.5603,0
20146,2.1670,0
20147,2.3618,0
20148,2.2704,0
20149,2.2408,0
20150,2.1632,0
20151,2.5005,0
20152,2.4008,0
20153,2.1401,0
20154,2.8972,0
20155,2.6662,0
20156,2.2085,0
20157,2.6655,0
20158,2.1021,0
20159,2.5686,0
20160,2.2448,0
20161,2.6470,0
20162,2.2153,0
20163,2.1848,0
20164,2.3844,0
20165,2.4817,0
20166,2.2977,0
20167,2.2424,0
20168,2.2497,0
20169,2.3257,0
20170,2.4913,0
20171,2.5689,0
20172,2.6248,0
20173,2.2851,0
20174,2.2216,0
20175,2.1377,0
20176,2.2039,0
20177,2.3337,0
20178,2.3053,0
20179,2.5903,0
20180,2.3218,0
20181,2.3311,0
20182,2.4253,0
20183,2.3907,0
20184,2.2564,0
20185,2.3081,0
20186,2.8811,0
20187,2.2124,0
20188,2.3432,0
20189,2.1566,0
20190,2.2129,0
20191,2.3981,0
20192,2.3959,0
20193,2.2155,0
20194,2.2179,0
20195,2.3400,0
20196,2.6031,0
20197,2.7387,0
20198,2.4163,0
20199,2.2668,0
20200,2.1264,0
20201,2.2104,0
20202,2.3023,0
20203,2.1474,0
20204,2.5207,0
20205,2.3609,0
20206,2.4134,0
20207,2.6900,0
20208,2.2862,0
20209,2.2162,0
20210,2.3775,0
20211,2.6941,0
20212,2.2936,0
20213,2.6076,0
20214,2.2497,0
20215,2.2127,0
20216,2.3384,0
20217,2.7099,0
20218,2.4125,0
20219,2.4478,0
20220,2.3426,0
20221,2.3827,0
20222,2.4518,0
20223,2.3856,0
20224,2.3766,0
20225,2.2288,0
20226,2.3707,0
20227,2.2292,0
20228,2.4378,0
20229,2.3799,0
20230,2.2319,0
20231,2.2987,0
20232,2.2220,0
20233,2.5529,0
20234,2.4133,0
20235,2.4003,0
20236,2.4086,0
20237,2.3655,0
20238,2.1843,0
20239,2.2567,0
20240,2.3029,0
20241,2.2255,0
20242,2.3927,0
20243,2.1086,0
20244,2.1996,0
20245,2.1848,0
20246,2.3221,0
20247,2.7080,0
20248,2.3115,0
20249,2.3025,0
20250,2.2053,0
20251,2.2820,0
20252,2.3778,0
20253,2.3323,0
20254,2.1347,0
20255,2.3649,0
20256,2.3811,0
20257,2.3292,0
20258,2.8182,0
20259,2.3480,0
20260,2.3825,0
20261,2.2025,0
20262,2.2930,0
20263,2.2604,0
20264,2.3931,0
20265,2.2968,0
20266,2.6539,0
20267,2.3488,0
20268,2.2999,0
20269,2.2625,0
20270,2.2349,0
20271,2.4414,0
20272,2.5622,0
20273,2.0887,0
20274,2.2847,0
20275,2.2285,0
20276,2.3382,0
20277,2.6692,0
20278,2.3399,0
20279,2.5463,0
20280,2.4908,0
20281,2.3710,0
20282,2.6321,0
20283,2.2711,0
20284,2.3778,0
20285,2.2953,0
20286,2.3818,0
20287,2.5538,0
20288,2.5348,0
20289,2.2557,0
20290,2.3983,0
20291,2.4328,0
20292,2.3581,0
20293,2.5757,0
20294,2.4914,0
20295,2.4485,0
20296,2.3881,0
20297,2.2851,0
20298,2.2968,0
20299,2.8214,0
20300,2.3753,0
20301,2.2596,0
20302,2.3142,0
20303,2.1471,0
20304,2.2887,0
20305,2.4324,0
20306,2.1377,0
20307,2.2536,0
20308,2.1627,0
20309,2.3124,0
20310,2.4126,0
20311,2.4687,0
20312,2.4415,0
20313,2.3264,0
20314,2.4619,0
20315,2.2632,0
20316,2.2590,0
20317,2.3735,0
20318,2.4010,0
20319,2.2279,0
20320,2.3557,0
20321,2.8786,0
20322,2.5550,0
20323,2.9461,0
20324,2.3624,0
20325,2.2614,0
20326,2.4313,0
20327,2.3183,0
20328,2.5407,0
20329,2.2487,0
20330,2.4114,0
20331,2.2722,0
20332,2.2711,0
20333,2.2567,0
20334,2.4358,0
20335,2.6672,0
20336,2.5483,0
20337,2.3200,0
20338,2.5524,0
20339,2.3683,0
20340,2.4328,0
20341,2.2910,0
20342,2.9087,0
20343,2.5619,0
20344,2.3717,0
20345,2.3666,0
20346,2.3099,0
20347,2.3050,0
20348,2.3234,0
20349,2.3965,0
20350,2.3655,0
20351,2.1673,0
20352,2.3957,0
20353,2.3592,0
20354,2.3338,0
20355,2.6419,0
20356,2.7243,0
20357,2.3474,0
20358,2.5428,0
20359,2.4631,0
20360,2.5978,0
20361,2.3248,0
20362,2.4227,0
20363,2.3089,0
20364,2.2562,0
20365,2.4259,0
20366,2.2647,0
20367,2.3224,0
20368,2.1838,0
20369,2.4022,0
20370,2.5153,0
20371,2.3349,0
20372,2.1928,0
20373,2.2718,0
20374,2.8666,0
20375,2.4030,0
20376,2.2109,0
20377,2.2213,0
20378,2.5640,0
20379,2.4340,0
20380,2.2921,0
20381,2.5814,0
20382,2.4696,0
20383,2.6109,0
20384,2.2852,0
20385,2.6006,0
20386,2.5328,0
20387,2.9213,0
20388,2.3315,0
20389,2.1493,0
20390,2.5633,0
20391,2.4413,0
20392,2.5038,0
20393,2.4405,0
20394,2.3949,0
20395,2.3302,0
20396,2.2856,0
20397,2.3106,0
20398,2.4706,0
20399,2.3581,0
20400,2.3227,0
20401,2.3714,0
20402,2.6684,0
20403,2.3081,0
20404,2.5236,0
20405,2.4175,0
20406,2.4121,0
20407,2.2951,0
20408,2.4145,0
20409,2.3453,0
20410,2.4778,0
20411,2.3581,0
20412,2.4012,0
20413,2.5328,0
20414,2.3207,0
20415,2.2172,0
20416,2.4741,0
20417,2.2700,0
20418,2.6498,0
20419,2.2595,0
20420,2.5260,0
20421,2.3801,0
20422,2.1930,0
20423,2.9016,0
20424,2.4191,0
20425,2.3417,0
20426,2.2061,0
20427,2.2810,0
20428,2.3878,0
20429,2.4266,0
20430,2.4799,0
20431,2.8695,0
20432,2.4463,0
20433,2.4206,0
20434,2.2448,0
20435,2.5056,0
20436,2.4072,0
20437,2.6589,0
20438,2.3566,0
20439,2.8427,0
20440,2.4119,0
20441,2.2358,0
20442,2.2555,0
20443,2.3629,0
20444,2.4802,0
20445,2.6546,0
20446,2.3829,0
20447,2.4467,0
20448,2.4085,0
20449,2.5364,0
20450,2.5781,0
20451,2.2630,0
20452,2.4151,0
20453,2.7266,0
20454,2.1353,0
20455,2.1752,0
20456,2.0435,0
20457,2.3265,0
20458,2.0932,0
20459,2.1701,0
20460,2.2798,0
20461,2.3975,0
20462,2.1476,0
20463,2.2481,0
20464,2.4019,0
20465,2.2995,0
20466,2.4140,0
20467,2.5755,0
20468,2.2579,0
20469,2.2504,0
20470,2.5463,0
20471,2.2240,0
20472,2.2244,0
20473,2.0971,0
20474,2.2577,0
20475,2.3439,0
20476,2.3187,0
20477,2.2690,0
20478,2.1851,0
20479,2.3131,0
20480,2.1681,0
20481,2.4084,0
20482,2.5497,0
20483,2.4144,0
20484,2.2783,0
20485,2.3710,0
20486,2.2422,0
20487,2.3579,0
20488,2.3887,0
20489,2.4381,0
20490,2.4435,0
20491,2.5330,0
20492,2.3582,0
20493,2.6370,0
20494,2.2576,0
20495,2.3275,0
20496,2.4591,0
20497,2.3267,0
20498,2.4886,0
20499,2.3687,0
20500,2.5170,0
20501,2.3756,0
20502,2.3806,0
20503,2.3147,0
20504,2.6073,0
20505,2.4506,0
20506,2.3800,0
20507,2.8792,0
20508,2.2013,0
20509,2.5404,0
20510,2.6023,0
20511,2.2155,0
20512,2.3576,0
20513,2.2416,0
20514,2.3514,0
20515,2.7047,0
20516,2.5687,0
20517,2.5477,0
20518,2.1428,0
20519,2.4172,0
20520,2.1693,0
20521,2.2733,0
20522,2.4056,0
20523,2.2311,0
20524,2.6637,0
20525,2.5464,0
20526,2.2767,0
20527,2.2987,0
20528,2.1039,0
20529,2.4949,0
20530,2.1692,0
20531,2.4291,0
20532,2.2251,0
20533,2.3489,0
20534,2.2693,0
20535,2.2807,0
20536,2.4723,0
20537,2.5463,0
20538,2.8954,0
20539,2.3721,0
20540,2.4824,0
20541,2.7869,0
20542,2.4142,0
20543,2.5101,0
20544,2.5034,0
20545,2.3411,0
20546,2.4039,0
20547,2.3153,0
20548,2.2341,0
20549,2.4009,0
20550,2.5713,0
20551,2.4031,0
20552,2.2681,0
20553,2.6006,0
20554,2.1229,0
20555,2.1088,0
20556,2.2779,0
20557,2.1286,0
20558,2.2291,0
20559,2.7182,0
20560,2.2481,0
20561,2.6286,0
20562,3.0724,0
20563,2.7537,0
20564,2.7883,0
20565,2.7905,0
20566,2.6320,0
20567,2.7211,0
20568,2.8821,0
20569,2.2839,0
20570,2.4765,0
20571,2.3776,0
20572,2.4934,0
20573,3.1834,0
20574,3.1386,0
20575,2.7661,0
20576,2.4860,0
20577,2.8133,0
20578,2.5492,0
20579,2.4199,0
20580,2.3036,0
20581,2.3421,0
20582,2.8654,0
20583,2.5570,0
20584,2.6435,0
20585,2.2385,0
20586,2.2690,0
20587,2.3386,0
20588,2.3587,0
20589,2.6902,0
20590,2.4764,0
20591,3.2337,0
20592,2.5497,0
20593,2.5374,0
20594,2.5312,0
20595,2.7534,0
20596,2.2959,0
20597,2.5603,0
20598,2.5970,0
20599,2.6743,0
20600,3.1676,0
20601,2.3647,0
20602,2.5938,0
20603,2.4071,0
20604,2.8594,0
20605,2.6309,0
20606,2.5085,0
20607,2.3957,0
20608,2.7970,0
20609,2.8982,0
20610,2.3724,0
20611,2.2741,0
20612,2.4580,0
20613,2.3414,0
20614,2.3564,0
20615,2.7250,0
20616,2.3301,0
20617,2.4026,0
20618,2.8522,0
20619,2.2988,0
20620,2.5421,0
20621,2.4973,0
20622,2.4684,0
20623,2.6294,0
20624,2.4534,0
20625,2.5004,0
20626,2.4864,0
20627,2.6776,0
20628,2.4929,0
20629,2.3875,0
20630,2.7336,0
20631,2.6365,0
20632,2.5334,0
20633,2.4537,0
20634,2.4534,0
20635,2.3228,0
20636,2.8457,0
20637,2.4616,0
20638,2.5010,0
20639,2.2918,0
20640,2.3806,0
20641,2.1882,0
20642,2.6728,0
20643,2.2830,0
20644,2.1433,0
20645,2.3840,0
20646,2.3778,0
20647,2.3647,0
20648,2.2617,0
20649,2.4395,0
20650,2.5228,0
20651,2.1977,0
20652,2.3080,0
20653,2.6763,0
20654,2.3097,0
20655,2.0956,0
20656,2.2806,0
20657,2.3168,0
20658,2.3358,0
20659,2.3666,0
20660,2.4459,0
20661,2.4095,0
20662,2.2946,0
20663,2.2490,0
20664,2.3995,0
20665,2.9509,0
20666,2.5238,0
20667,2.1566,0
20668,2.2015,0
20669,2.0860,0
20670,2.5532,0
20671,2.8401,0
20672,2.2350,0
20673,2.3396,0
20674,2.3592,0
20675,2.5514,0
20676,2.3772,0
20677,2.3098,0
20678,2.6924,0
20679,2.1918,0
20680,2.3123,0
20681,2.1854,0
20682,2.1501,0
20683,2.4735,0
20684,2.2909,0
20685,2.1840,0
20686,2.1979,0
20687,2.3111,0
20688,2.5009,0
20689,2.3697,0
20690,2.3198,0
20691,2.4379,0
20692,2.8532,0
20693,2.8666,0
20694,2.6035,0
20695,2.4242,0
20696,2.2619,0
20697,2.2088,0
20698,2.5311,0
20699,2.5824,0
20700,2.5146,0
20701,2.4071,0
20702,2.4451,0
20703,2.3131,0
20704,2.2515,0
20705,2.4257,0
20706,2.2402,0
20707,2.3410,0
20708,2.4198,0
20709,2.6687,0
20710,2.4191,0
20711,2.4754,0
20712,2.2765,0
20713,2.1987,0
20714,2.2852,0
20715,2.8482,0
20716,2.0497,0
20717,2.1733,0
20718,2.2196,0
20719,2.2126,0
20720,2.4436,0
20721,2.4182,0
20722,2.8839,0
20723,2.1771,0
20724,2.2828,0
20725,2.2743,0
20726,2.3233,0
20727,2.2539,0
20728,2.3289,0
20729,2.5417,0
20730,2.3175,0
20731,2.2377,0
20732,2.1932,0
20733,2.2621,0
20734,2.1322,0
20735,2.3541,0
20736,2.1284,0
20737,2.3253,0
20738,2.5435,0
20739,2.6226,0
20740,2.5540,0
20741,2.4569,0
20742,2.6224,0
20743,2.4282,0
20744,2.2918,0
20745,2.4962,0
20746,2.2769,0
20747,2.3205,0
20748,2.5494,0
20749,2.4666,0
20750,2.4107,0
20751,2.4867,0
20752,2.8640,0
20753,2.6844,0
20754,2.3131,0
20755,2.4246,0
20756,2.3640,0
20757,2.4702,0
20758,2.3130,0
20759,2.2521,0
20760,2.4070,0
20761,2.3990,0
20762,3.2178,0
20763,2.5291,0
20764,2.3020,0
20765,2.3590,0
20766,2.3541,0
20767,2.4690,0
20768,2.2400,0
20769,2.3232,0
20770,2.6358,0
20771,2.5073,0
20772,2.4295,0
20773,2.1383,0
20774,2.4662,0
20775,2.2878,0
20776,2.4226,0
20777,2.1622,0
20778,2.4432,0
20779,2.2424,0
20780,2.2968,0
20781,2.9828,0
20782,2.3813,0
20783,2.5657,0
20784,2.3604,0
20785,2.2797,0
20786,2.2509,0
20787,2.2773,0
20788,2.9166,0
20789,2.2096,0
20790,2.3548,0
20791,2.5715,0
20792,2.1356,0
20793,2.2236,0
20794,2.0502,0
20795,2.8258,0
20796,2.2805,0
20797,2.3317,0
20798,2.4769,0
20799,2.2815,0
20800,2.1678,0
20801,2.4080,0
20802,2.3179,0
20803,2.3589,0
20804,2.7861,0
20805,2.2276,0
20806,2.3308,0
20807,2.5175,0
20808,2.3502,0
20809,2.3801,0
20810,2.5408,0
20811,2.5843,0
20812,2.4052,0
20813,2.6716,0
20814,2.2732,0
20815,2.2442,0
20816,2.1724,0
20817,2.2102,0
20818,2.5486,0
20819,2.3259,0
20820,2.6305,0
20821,2.2957,0
20822,2.1333,0
20823,2.4083,0
20824,2.3729,0
20825,2.4083,0
20826,2.5564,0
20827,2.3739,0
20828,2.4838,0
20829,2.2207,0
20830,2.3661,0
20831,2.3282,0
20832,2.3609,0
20833,2.4663,0
20834,2.3215,0
20835,2.4335,0
20836,2.3939,0
20837,2.4532,0
20838,2.2715,0
20839,2.3356,0
20840,2.2837,0
20841,2.3264,0
20842,2.3249,0
20843,2.2259,0
20844,2.2622,0
20845,2.2320,0
20846,2.3004,0
20847,2.3939,0
20848,2.4901,0
20849,2.6476,0
20850,2.3710,0
20851,2.2431,0
20852,2.3885,0
20853,2.2376,0
20854,2.4825,0
20855,2.4032,0
20856,2.3851,0
20857,2.5042,0
20858,2.3394,0
20859,2.1547,0
20860,2.2518,0
20861,2.4705,0
20862,2.6642,0
20863,2.4169,0
20864,2.1779,0
20865,2.3208,0
20866,2.2281,0
20867,2.3841,0
20868,2.4353,0
20869,2.5553,0
20870,2.5835,0
20871,2.4961,0
20872,2.6002,0
20873,2.5680,0
20874,2.7796,0
20875,2.6945,0
20876,2.7983,0
20877,2.9211,0
20878,3.0340,0
20879,2.9604,0
20880,2.8129,0
20881,2.5798,0
20882,2.7367,0
20883,2.8965,0
20884,3.0311,0
20885,3.5242,0
20886,2.8211,0
20887,2.7921,0
20888,2.8871,0
20889,2.6403,0
20890,2.5707,0
20891,2.7158,0
20892,3.0495,0
20893,2.6968,0
20894,2.9658,0
20895,3.3624,0
20896,3.5270,0
20897,3.8286,0
20898,5.5088,0
20899,5.2018,0
20900,4.0473,0
20901,4.2136,0
20902,4.0090,0
20903,3.7409,0
20904,3.1124,0
20905,3.3337,0
20906,3.2862,0
20907,3.4444,0
20908,3.8459,0
20909,3.1700,0
20910,2.9808,0
20911,3.5981,0
20912,2.9205,0
20913,3.7410,0
20914,3.4186,0
20915,3.3834,0
20916,2.6379,0
20917,3.4135,0
20918,2.7151,0
20919,2.9802,0
20920,3.0721,0
20921,2.6402,0
20922,2.5153,0
20923,2.8368,0
20924,3.1953,0
20925,3.0351,0
20926,2.9203,0
20927,3.3104,0
20928,2.9019,0
20929,2.2962,0
20930,2.5877,0
20931,2.4956,0
20932,2.4201,0
20933,3.1572,0
20934,2.7508,0
20935,3.0040,0
20936,2.9974,0
20937,3.1581,0
20938,2.7586,0
20939,2.6805,0
20940,3.1630,0
20941,2.9988,0
20942,2.8612,0
20943,3.1424,0
20944,2.5398,0
20945,3.1115,0
20946,2.9341,0
20947,2.7218,0
20948,3.8587,0
20949,3.2327,0
20950,3.7248,0
20951,3.1523,0
20952,2.7714,0
20953,3.3308,0
20954,3.4542,0
20955,3.1643,0
20956,3.1530,0
20957,3.8262,0
20958,3.3994,0
20959,3.0788,0
20960,3.6302,0
20961,3.7579,0
20962,4.1148,0
20963,3.9724,0
20964,3.7064,0
20965,3.6346,0
20966,3.2556,0
20967,3.2205,0
20968,2.9613,0
20969,2.7811,0
20970,3.7793,0
20971,3.4328,0
20972,3.0682,0
20973,3.1961,0
20974,2.8816,0
20975,3.4881,0
20976,4.2567,0
20977,3.4492,0
20978,3.3689,0
20979,3.6210,0
20980,3.6762,0
20981,2.9610,0
20982,3.4343,0
20983,3.4813,0
20984,3.3961,0
20985,3.2913,0
20986,3.5487,0
20987,3.6413,0
20988,3.0746,0
20989,2.8208,0
20990,3.3146,0
20991,3.2534,0
20992,2.7903,0
20993,3.3306,0
20994,3.1969,0
20995,3.2357,0
20996,2.8340,0
20997,3.1195,0
20998,2.7917,0
20999,3.2643,0
21000,3.0520,0
21001,3.0355,0
21002,3.3528,0
21003,3.0833,0
21004,2.8218,0
21005,3.1789,0
21006,3.2641,0
21007,3.3376,0
21008,3.1339,0
21009,3.2521,0
21010,3.0389,0
21011,3.2886,0
21012,3.2969,0
21013,3.3319,0
21014,3.2600,0
21015,2.7213,0
21016,3.0638,0
21017,3.1132,0
21018,3.1596,0
21019,3.2006,0
21020,3.3358,0
21021,3.3341,0
21022,3.0628,0
21023,2.8906,0
21024,3.0130,0
21025,3.3997,0
21026,3.2188,0
21027,3.5059,0
21028,3.0798,0
21029,2.9797,0
21030,3.3845,0
21031,2.9063,0
21032,3.6131,0
21033,3.4148,0
21034,3.1980,0
21035,3.1280,0
21036,2.7697,0
21037,3.0643,0
21038,2.9670,0
21039,3.5027,0
21040,3.5111,0
21041,3.4267,0
21042,3.1239,0
21043,3.4696,0
21044,3.5878,0
21045,3.2428,0
21046,2.7715,0
21047,3.1955,0
21048,2.9760,0
21049,3.0695,0
21050,3.1754,0
21051,3.2248,0
21052,3.2697,0
21053,3.0410,0
21054,2.9135,0
21055,3.2936,0
21056,3.2378,0
21057,3.2015,0
21058,3.6013,0
21059,3.4028,0
21060,2.7018,0
21061,3.0024,0
21062,2.8212,0
21063,3.1366,0
21064,3.4299,0
21065,2.8568,0
21066,2.6949,0
21067,2.9794,0
21068,2.6559,0
21069,3.2483,0
21070,3.2296,0
21071,3.0357,0
21072,2.8704,0
21073,3.4537,0
21074,2.9285,0
21075,3.0507,0
21076,3.4176,0
21077,3.3221,0
21078,3.4798,0
21079,3.4153,0
21080,2.7782,0
21081,3.1659,0
21082,3.0608,0
21083,3.3164,0
21084,3.3418,0
21085,3.1531,0
21086,2.6221,0
21087,2.7455,0
21088,3.0415,0
21089,3.4185,0
21090,3.5027,0
21091,3.6435,0
21092,3.1725,0
21093,2.5517,0
21094,2.8477,0
21095,2.9513,0
21096,3.1813,0
21097,2.9321,0
21098,3.5171,0
21099,3.3250,0
21100,3.4230,0
21101,3.2734,0
21102,3.3672,0
21103,3.2666,0
21104,3.1803,0
21105,3.0923,0
21106,2.7897,0
21107,2.9595,0
21108,2.9936,0
21109,2.7963,0
21110,3.0315,0
21111,3.1415,0
21112,2.6564,0
21113,2.7910,0
21114,3.1639,0
21115,3.1606,0
21116,3.1030,0
21117,2.7840,0
21118,3.1250,0
21119,3.1897,0
21120,3.3018,0
21121,3.1846,0
21122,2.7102,0
21123,2.6612,0
21124,3.2591,0
21125,3.0377,0
21126,3.1965,0
21127,3.1409,0
21128,2.8866,0
21129,3.1480,0
21130,3.2536,0
21131,3.1558,0
21132,2.8066,0
21133,3.0319,0
21134,2.4664,0
21135,2.6262,0
21136,2.5660,0
21137,2.7324,0
21138,2.6045,0
21139,2.5579,0
21140,2.4437,0
21141,2.5972,0
21142,2.9140,0
21143,2.4557,0
21144,2.9445,0
21145,3.0438,0
21146,2.8988,0
21147,2.6592,0
21148,2.7413,0
21149,3.0562,0
21150,2.5984,0
21151,2.8491,0
21152,2.6719,0
21153,3.0542,0
21154,2.4921,0
21155,2.3861,0
21156,2.5205,0
21157,2.7209,0
21158,2.5416,0
21159,2.4013,0
21160,2.2360,0
21161,2.9179,0
21162,2.2162,0
21163,2.6098,0
21164,2.5359,0
21165,2.4572,0
21166,2.5256,0
21167,2.3427,0
21168,2.4774,0
21169,2.9877,0
21170,2.6072,0
21171,2.4687,0
21172,2.9951,0
21173,3.2954,0
21174,3.0365,0
21175,3.0785,0
21176,3.2812,0
21177,3.3969,0
21178,3.3305,0
21179,3.1840,0
21180,3.5130,0
21181,3.7913,0
21182,3.4084,0
21183,3.7446,0
21184,3.4213,0
21185,3.4804,0
21186,3.6932,0
21187,3.5178,0
21188,3.5597,0
21189,3.2315,0
21190,3.4249,0
21191,3.2083,0
21192,3.2009,0
21193,3.0773,0
21194,3.2427,0
21195,3.2895,0
21196,2.9202,0
21197,2.9204,0
21198,2.5205,0
21199,2.9126,0
21200,2.8265,0
21201,2.7457,0
21202,2.7350,0
21203,2.6121,0
21204,2.4402,0
21205,3.0432,0
21206,2.7656,0
21207,2.2889,0
21208,2.4893,0
21209,2.4327,0
21210,2.3858,0
21211,2.5076,0
21212,2.3088,0
21213,2.6446,0
21214,2.5120,0
21215,2.5833,0
21216,2.5344,0
21217,2.5765,0
21218,2.6931,0
21219,2.5859,0
21220,2.5426,0
21221,3.0337,0
21222,2.8941,0
21223,2.7730,0
21224,2.5687,0
21225,2.5818,0
21226,2.7483,0
21227,2.7153,0
21228,2.4515,0
21229,2.7893,0
21230,2.4549,0
21231,2.7763,0
21232,2.6917,0
21233,2.8585,0
21234,2.4432,0
21235,2.5987,0
21236,2.3762,0
21237,2.5527,0
21238,2.5863,0
21239,2.4261,0
21240,2.5498,0
21241,2.2295,0
21242,2.7830,0
21243,2.8252,0
21244,2.8326,0
21245,2.5415,0
21246,2.2997,0
21247,2.5396,0
21248,2.6860,0
21249,2.3956,0
21250,2.6653,0
21251,2.7849,0
21252,2.6462,0
21253,2.7100,0
21254,2.5706,0
21255,2.4246,0
21256,2.5294,0
21257,2.4736,0
21258,2.4600,0
21259,2.4564,0
21260,2.6929,0
21261,2.3627,0
21262,2.2281,0
21263,2.2517,0
21264,2.3184,0
21265,2.4817,0
21266,2.3058,0
21267,2.5338,0
21268,2.4653,0
21269,2.2922,0
21270,2.3394,0
21271,2.2471,0
21272,2.4188,0
21273,2.6114,0
21274,2.5626,0
21275,2.4598,0
21276,2.3730,0
21277,2.5845,0
21278,2.3482,0
21279,2.4427,0
21280,2.4811,0
21281,2.2083,0
21282,2.4659,0
21283,2.3162,0
21284,2.4550,0
21285,2.4867,0
21286,2.3546,0
21287,2.5077,0
21288,2.2532,0
21289,2.2014,0
21290,2.3451,0
21291,2.1115,0
21292,2.4914,0
21293,2.5616,0
21294,2.3046,0
21295,2.5170,0
21296,2.2288,0
21297,2.3140,0
21298,2.7017,0
21299,2.4825,0
21300,2.2883,0
21301,2.2075,0
21302,2.6638,0
21303,2.5282,0
21304,2.3222,0
21305,2.4024,0
21306,2.1991,0
21307,2.2410,0
21308,2.1252,0
21309,2.3054,0
21310,2.2750,0
21311,2.0492,0
21312,2.3609,0
21313,2.0718,0
21314,2.1948,0
21315,2.5153,0
21316,2.0658,0
21317,2.3408,0
21318,2.6864,0
21319,2.6037,0
21320,2.5355,0
21321,2.4427,0
21322,2.0609,0
21323,2.2121,0
21324,2.5383,0
21325,2.5339,0
21326,2.3005,0
21327,2.4572,0
21328,2.4362,0
21329,2.4089,0
21330,2.3798,0
21331,2.3465,0
21332,2.3450,0
21333,2.3363,0
21334,2.2161,0
21335,2.4753,0
21336,2.2165,0
21337,2.5895,0
21338,2.5295,0
21339,2.2886,0
21340,2.4872,0
21341,2.2684,0
21342,2.1952,0
21343,2.3441,0
21344,2.6020,0
21345,2.9562,0
21346,2.5113,0
21347,2.4164,0
21348,2.1725,0
21349,2.2896,0
21350,2.2470,0
21351,2.3276,0
21352,2.4840,0
21353,2.4359,0
21354,2.5132,0
21355,2.4813,0
21356,2.2048,0
21357,2.1816,0
21358,2.4824,0
21359,2.4379,0
21360,2.1846,0
21361,2.1808,0
21362,2.1579,0
21363,2.8053,0
21364,2.3608,0
21365,2.4365,0
21366,2.2104,0
21367,2.6256,0
21368,2.4855,0
21369,2.6831,0
21370,2.2627,0
21371,2.1668,0
21372,2.5890,0
21373,2.6439,0
21374,2.4131,0
21375,2.4535,0
21376,2.8047,0
21377,2.2540,0
21378,2.8273,0
21379,2.1230,0
21380,2.2134,0
21381,2.1095,0
21382,2.5237,0
21383,2.5621,0
21384,2.3954,0
21385,2.2283,0
21386,2.5713,0
21387,2.5887,0
21388,2.2568,0
21389,2.3507,0
21390,2.2470,0
21391,2.4934,0
21392,2.3529,0
21393,2.1454,0
21394,2.2420,0
21395,2.2727,0
21396,2.8842,0
21397,2.2514,0
21398,2.5174,0
21399,2.3400,0
21400,2.4929,0
21401,2.1137,0
21402,2.3416,0
21403,2.6364,0
21404,2.6055,0
21405,2.3012,0
21406,2.2088,0
21407,2.5062,0
21408,2.2361,0
21409,2.2794,0
21410,2.2113,0
21411,2.7394,0
21412,2.3872,0
21413,2.7387,0
21414,2.4520,0
21415,2.5249,0
21416,2.5524,0
21417,2.2079,0
21418,2.5687,0
21419,2.4511,0
21420,2.5504,0
21421,2.7093,0
21422,2.4326,0
21423,2.3683,0
21424,2.2044,0
21425,2.2366,0
21426,2.4857,0
21427,2.4951,0
21428,2.5051,0
21429,2.7510,0
21430,2.4634,0
21431,2.6874,0
21432,2.5551,0
21433,2.6650,0
21434,2.7328,0
21435,2.5058,0
21436,2.2602,0
21437,2.2457,0
21438,2.4829,0
21439,2.2333,0
21440,2.2644,0
21441,2.3479,0
21442,2.7209,0
21443,2.5167,0
21444,2.8295,0
21445,2.2606,0
21446,2.2968,0
21447,2.9362,0
21448,2.6208,0
21449,2.2700,0
21450,2.3562,0
21451,2.5485,0
21452,2.4441,0
21453,2.7473,0
21454,2.1955,0
21455,2.5825,0
21456,2.3205,0
21457,2.3736,0
21458,2.4543,0
21459,1.9454,0
21460,2.0991,0
21461,2.2297,0
21462,2.1022,0
21463,2.8602,0
21464,2.3914,0
21465,2.4979,0
21466,2.4488,0
21467,2.1576,0
21468,2.5601,0
21469,2.8155,0
21470,2.6103,0
21471,2.7363,0
21472,2.2857,0
21473,2.1115,0
21474,2.6417,0
21475,2.0450,0
21476,2.5281,0
21477,2.3190,0
21478,2.7451,0
21479,3.1852,0
21480,2.7512,0
21481,2.5604,0
21482,2.6042,0
21483,2.4760,0
21484,2.5055,0
21485,2.4648,0
21486,2.4595,0
21487,2.3784,0
21488,2.2982,0
21489,2.3490,0
21490,3.0131,0
21491,2.2186,0
21492,2.3554,0
21493,2.5698,0
21494,2.3659,0
21495,2.8455,0
21496,2.4803,0
21497,2.5621,0
21498,2.5129,0
21499,2.5170,0
21500,2.5781,0
21501,2.5118,0
21502,2.7689,0
21503,2.7606,0
21504,2.5017,0
21505,2.5890,0
21506,2.4989,0
21507,2.6599,0
21508,2.2635,0
21509,2.2502,0
21510,2.8204,0
21511,2.7417,0
21512,2.6802,0
21513,2.3799,0
21514,2.7990,0
21515,2.5380,0
21516,2.7296,0
21517,2.2504,0
21518,2.6125,0
21519,2.3574,0
21520,2.4908,0
21521,2.2832,0
21522,2.8093,0
21523,2.5323,0
21524,2.2133,0
21525,2.6204,0
21526,2.1524,0
21527,2.6047,0
21528,2.5464,0
21529,2.1662,0
21530,2.0954,0
21531,2.1527,0
21532,2.4079,0
21533,2.6319,0
21534,2.4816,0
21535,2.1560,0
21536,2.3929,0
21537,2.6023,0
21538,2.4908,0
21539,2.3393,0
21540,2.6772,0
21541,2.3923,0
21542,2.4772,0
21543,2.3186,0
21544,2.3470,0
21545,2.6758,0
21546,2.4927,0
21547,2.2633,0
21548,2.2634,0
21549,2.6549,0
21550,2.2690,0
21551,2.5028,0
21552,2.7614,0
21553,2.5421,0
21554,2.5206,0
21555,2.2284,0
21556,2.5200,0
21557,2.6591,0
21558,2.5366,0
21559,2.4191,0
21560,2.4105,0
21561,2.2798,0
21562,2.3603,0
21563,2.6075,0
21564,2.4240,0
21565,2.2313,0
21566,2.4461,0
21567,2.5030,0
21568,2.4007,0
21569,2.9428,0
21570,2.7678,0
21571,2.6692,0
21572,2.4457,0
21573,2.6336,0
21574,2.5718,0
21575,2.5375,0
21576,2.4519,0
21577,2.1411,0
21578,2.7259,0
21579,2.3626,0
21580,2.4116,0
21581,2.6441,0
21582,2.3152,0
21583,2.3930,0
21584,2.2325,0
21585,2.4172,0
21586,2.7635,0
21587,2.4627,0
21588,2.4764,0
21589,2.4842,0
21590,2.5676,0
21591,2.5241,0
21592,2.9822,0
21593,2.2348,0
21594,2.7490,0
21595,2.1860,0
21596,2.2396,0
21597,2.4748,0
21598,2.1591,0
21599,2.2649,0
21600,2.2970,0
21601,2.7094,0
21602,2.3648,0
21603,2.5572,0
21604,2.2343,0
21605,2.5414,0
21606,2.1286,0
21607,2.1470,0
21608,2.7030,0
21609,2.4225,0
21610,2.6482,0
21611,2.2419,0
21612,2.4817,0
21613,2.7387,0
21614,2.3010,0
21615,2.3474,0
21616,2.5561,0
21617,2.3184,0
21618,2.3506,0
21619,2.4869,0
21620,2.6807,0
21621,2.5026,0
21622,2.6879,0
21623,2.5391,0
21624,2.5059,0
21625,2.5773,0
21626,2.1599,0
21627,2.5001,0
21628,2.4604,0
21629,2.3666,0
21630,2.5846,0
21631,2.1363,0
21632,2.3818,0
21633,2.6419,0
21634,2.4048,0
21635,2.5305,0
21636,2.3572,0
21637,2.9204,0
21638,2.3145,0
21639,2.2254,0
21640,2.4238,0
21641,2.7364,0
21642,2.9637,0
21643,2.5449,0
21644,2.6080,0
21645,2.5894,0
21646,2.5657,0
21647,2.1893,0
21648,2.1623,0
21649,2.5714,0
21650,2.2852,0
21651,2.1739,0
21652,2.4252,0
21653,2.4039,0
21654,2.5787,0
21655,2.1469,0
21656,2.1631,0
21657,2.1762,0
21658,2.5067,0
21659,2.5429,0
21660,2.0578,0
21661,2.7385,0
21662,2.3835,0
21663,2.5416,0
21664,2.2913,0
21665,2.1945,0
21666,2.2521,0
21667,2.3307,0
21668,2.5650,0
21669,2.3338,0
21670,2.4877,0
21671,2.6984,0
21672,2.7143,0
21673,2.6084,0
21674,2.6119,0
21675,2.7298,0
21676,2.6183,0
21677,2.6618,0
21678,2.6023,0
21679,2.6392,0
21680,2.5707,0
21681,2.7743,0
21682,2.6592,0
21683,2.2602,0
21684,2.6466,0
21685,2.3078,0
21686,2.5130,0
21687,2.3077,0
21688,2.5657,0
21689,2.6385,0
21690,2.2826,0
21691,2.7459,0
21692,2.8089,0
21693,2.4924,0
21694,2.3760,0
21695,2.5474,0
21696,2.4614,0
21697,2.4472,0
21698,2.6954,0
21699,2.6053,0
21700,2.2986,0
21701,2.5652,0
21702,2.6129,0
21703,2.2421,0
21704,2.2822,0
21705,2.2028,0
21706,2.2643,0
21707,2.3557,0
21708,2.2880,0
21709,2.2443,0
21710,2.4389,0
21711,2.2359,0
21712,2.4466,0
21713,2.7580,0
21714,2.6588,0
21715,2.4262,0
21716,2.4217,0
21717,2.1782,0
21718,2.3809,0
21719,2.6371,0
21720,2.3213,0
21721,2.1788,0
21722,2.5683,0
21723,2.5159,0
21724,2.3746,0
21725,2.4295,0
21726,2.4412,0
21727,2.4533,0
21728,2.2966,0
21729,2.4387,0
21730,2.3747,0
21731,2.5454,0
21732,2.2514,0
21733,2.3902,0
21734,2.4349,0
21735,2.6483,0
21736,2.5524,0
21737,2.4905,0
21738,2.7569,0
21739,2.3863,0
21740,2.4594,0
21741,2.4588,0
21742,2.5915,0
21743,2.5596,0
21744,2.4465,0
21745,2.3858,0
21746,2.1349,0
21747,2.7163,0
21748,2.5496,0
21749,2.3773,0
21750,2.2517,0
21751,2.3834,0
21752,2.3656,0
21753,2.3863,0
21754,2.2769,0
21755,2.4529,0
21756,2.5514,0
21757,2.3503,0
21758,2.6215,0
21759,2.3979,0
21760,2.3630,0
21761,2.1668,0
21762,2.5345,0
21763,2.6703,0
21764,2.2601,0
21765,2.3007,0
21766,2.2724,0
21767,2.1011,0
21768,2.3587,0
21769,2.4518,0
21770,2.3536,0
21771,2.3746,0
21772,2.6552,0
21773,2.7574,0
21774,2.3632,0
21775,2.2896,0
21776,2.4202,0
21777,2.3842,0
21778,2.7955,0
21779,2.4143,0
21780,2.7344,0
21781,2.4538,0
21782,2.4495,0
21783,2.5187,0
21784,2.7359,0
21785,2.5286,0
21786,2.3954,0
21787,2.4934,0
21788,2.8891,0
21789,2.7492,0
21790,2.3681,0
21791,2.7255,0
21792,2.3259,0
21793,2.2845,0
21794,2.4878,0
21795,2.1547,0
21796,2.2020,0
21797,2.3303,0
21798,2.6489,0
21799,2.3661,0
21800,2.7632,0
21801,2.0697,0
21802,2.5194,0
21803,2.5507,0
21804,2.4389,0
21805,2.5576,0
21806,2.4728,0
21807,2.7534,0
21808,2.4906,0
21809,2.5765,0
21810,2.3403,0
21811,2.4212,0
21812,2.6581,0
21813,2.7087,0
21814,2.2737,0
21815,2.6480,0
21816,2.3855,0
21817,2.2807,0
21818,2.3421,0
21819,2.1045,0
21820,2.2483,0
21821,2.5924,0
21822,2.5305,0
21823,2.6483,0
21824,2.3758,0
21825,2.6690,0
21826,2.4423,0
21827,2.6058,0
21828,2.6722,0
21829,2.2978,0
21830,2.5641,0
21831,2.2049,0
21832,2.2881,0
21833,2.3404,0
21834,2.4883,0
21835,2.4833,0
21836,2.1800,0
21837,2.3341,0
21838,2.3583,0
21839,2.3467,0
21840,2.5466,0
21841,2.9898,0
21842,2.5576,0
21843,2.3858,0
21844,2.2583,0
21845,2.3521,0
21846,2.4469,0
21847,2.3645,0
21848,2.1236,0
21849,2.2743,0
21850,2.1619,0
21851,2.3755,0
21852,2.1176,0
21853,2.6010,0
21854,2.5633,0
21855,2.5249,0
21856,2.5910,0
21857,2.3476,0
21858,2.4993,0
21859,2.2631,0
21860,2.3646,0
21861,2.3948,0
21862,2.6246,0
21863,2.9447,0
21864,2.4087,0
21865,2.7730,0
21866,2.3940,0
21867,2.2679,0
21868,2.9286,0
21869,2.9311,0
21870,2.4941,0
21871,2.6705,0
21872,2.8021,0
21873,2.6271,0
21874,3.0321,0
21875,2.5407,0
21876,2.5141,0
21877,3.0610,0
21878,3.1522,0
21879,2.6690,0
21880,2.4786,0
21881,2.8010,0
21882,2.3092,0
21883,2.3352,0
21884,2.7464,0
21885,2.7458,0
21886,2.7581,0
21887,2.4743,0
21888,3.1251,0
21889,2.9012,0
21890,2.5059,0
21891,2.8726,0
21892,2.5631,0
21893,2.6383,0
21894,2.4642,0
21895,2.3871,0
21896,2.5434,0
21897,2.6558,0
21898,2.5862,0
21899,3.1384,0
21900,3.0630,0
21901,2.8440,0
21902,2.5144,0
21903,2.7767,0
21904,2.7444,0
21905,2.7546,0
21906,2.8931,0
21907,2.5937,0
21908,2.5905,0
21909,2.4385,0
21910,2.6212,0
21911,2.7552,0
21912,2.3910,0
21913,2.4471,0
21914,2.9249,0
21915,2.8924,0
21916,2.7719,0
21917,2.5788,0
21918,2.4061,0
21919,2.5543,0
21920,2.5411,0
21921,3.0118,0
21922,3.1210,0
21923,2.8348,0
21924,2.4475,0
21925,2.4474,0
21926,2.6136,0
21927,2.4724,0
21928,2.8520,0
21929,2.4299,0
21930,2.7722,0
21931,2.3672,0
21932,2.3120,0
21933,2.2943,0
21934,2.7286,0
21935,2.4489,0
21936,2.3554,0
21937,2.4549,0
21938,2.3700,0
21939,2.7773,0
21940,2.4357,0
21941,2.5488,0
21942,2.8302,0
21943,2.6954,0
21944,2.4348,0
21945,2.7783,0
21946,2.6730,0
21947,2.7610,0
21948,2.6638,0
21949,2.7971,0
21950,2.8491,0
21951,2.7421,0
21952,3.1053,0
21953,2.4993,0
21954,3.1120,0
21955,2.9900,0
21956,2.7203,0
21957,2.6828,0
21958,2.2665,0
21959,2.5213,0
21960,2.5214,0
21961,2.3004,0
21962,2.2656,0
21963,2.3132,0
21964,2.6788,0
21965,2.6407,0
21966,2.3173,0
21967,2.3669,0
21968,2.1243,0
21969,2.1365,0
21970,2.8530,0
21971,2.3047,0
21972,2.7255,0
21973,2.3481,0
21974,2.3408,0
21975,2.2124,0
21976,2.7822,0
21977,2.5696,0
21978,2.6781,0
21979,2.5075,0
21980,2.3541,0
21981,2.1504,0
21982,2.3684,0
21983,2.2639,0
21984,2.3420,0
21985,2.2095,0
21986,2.6371,0
21987,2.2396,0
21988,2.2559,0
21989,2.7289,0
21990,2.4381,0
21991,2.5837,0
21992,2.8827,0
21993,2.3191,0
21994,2.4977,0
21995,2.6646,0
21996,2.7601,0
21997,2.3247,0
21998,2.4190,0
21999,2.6127,0
22000,2.2925,0
22001,2.5679,0
22002,2.2461,0
22003,2.3980,0
22004,2.4561,0
22005,2.5677,0
22006,2.4900,0
22007,2.3020,0
22008,2.5293,0
22009,2.1400,0
22010,2.4308,0
22011,2.6734,0
22012,2.2289,0
22013,2.4866,0
22014,2.2449,0
22015,2.3543,0
22016,2.6525,0
22017,2.0326,0
22018,2.5181,0
22019,2.5006,0
22020,2.4044,0
22021,2.8631,0
22022,2.5557,0
22023,2.5074,0
22024,2.4960,0
22025,2.5586,0
22026,2.5816,0
22027,2.2645,0
22028,2.2348,0
22029,2.2125,0
22030,2.3327,0
22031,2.2711,0
22032,2.1736,0
22033,2.7433,0
22034,2.4657,0
22035,2.5501,0
22036,2.6480,0
22037,2.4730,0
22038,2.2760,0
22039,2.5211,0
22040,2.5649,0
22041,2.2435,0
22042,2.4046,0
22043,2.6944,0
22044,2.8161,0
22045,2.2615,0
22046,2.1779,0
22047,2.5638,0
22048,2.5804,0
22049,2.5849,0
22050,2.3317,0
22051,2.3635,0
22052,2.6782,0
22053,2.5841,0
22054,2.6638,0
22055,2.3990,0
22056,2.3277,0
22057,2.8423,0
22058,2.3454,0
22059,2.8155,0
22060,2.3202,0
22061,2.4842,0
22062,2.2422,0
22063,2.1731,0
22064,2.3221,0
22065,2.2623,0
22066,2.3934,0
22067,2.7687,0
22068,2.4875,0
22069,2.6428,0
22070,2.4460,0
22071,2.1626,0
22072,2.6268,0
22073,2.4529,0
22074,2.6394,0
22075,2.2067,0
22076,2.5457,0
22077,2.9489,0
22078,2.6830,0
22079,2.1277,0
22080,2.1588,0
22081,2.4501,0
22082,2.5521,0
22083,2.2719,0
22084,2.6524,0
22085,2.3929,0
22086,2.2789,0
22087,2.2774,0
22088,2.2749,0
22089,2.6497,0
22090,2.5760,0
22091,2.3683,0
22092,2.7704,0
22093,2.2336,0
22094,2.3055,0
22095,2.1448,0
22096,2.4130,0
22097,2.6439,0
22098,2.4340,0
22099,2.7818,0
22100,2.6293,0
22101,2.6146,0
22102,2.3572,0
22103,2.5450,0
22104,2.6764,0
22105,2.1798,0
22106,2.3955,0
22107,2.1007,0
22108,2.5072,0
22109,2.1640,0
22110,2.5210,0
22111,2.6725,0
22112,2.5987,0
22113,2.2831,0
22114,2.1652,0
22115,2.3123,0
22116,2.4478,0
22117,2.3547,0
22118,2.9431,0
22119,2.8148,0
22120,2.4165,0
22121,2.3572,0
22122,2.3770,0
22123,2.6147,0
22124,2.3850,0
22125,2.4951,0
22126,2.3823,0
22127,2.3577,0
22128,2.4127,0
22129,2.4477,0
22130,2.4931,0
22131,2.1433,0
22132,2.3782,0
22133,2.3112,0
22134,2.3146,0
22135,2.6530,0
22136,2.3555,0
22137,2.2257,0
22138,2.4912,0
22139,2.7203,0
22140,2.6091,0
22141,2.3196,0
22142,2.3118,0
22143,2.2559,0
22144,2.4514,0
22145,2.2385,0
22146,2.2465,0
22147,2.4224,0
22148,2.2455,0
22149,2.5041,0
22150,2.2507,0
22151,2.8489,0
22152,2.4368,0
22153,2.1323,0
22154,2.2839,0
22155,2.4056,0
22156,2.5122,0
22157,2.3060,0
22158,2.2892,0
22159,2.4324,0
22160,2.7117,0
22161,2.4557,0
22162,2.3265,0
22163,2.2849,0
22164,2.6348,0
22165,2.4952,0
22166,2.4670,0
22167,2.3904,0
22168,2.5113,0
22169,2.4233,0
22170,2.2922,0
22171,2.3078,0
22172,2.3914,0
22173,2.4813,0
22174,2.4278,0
22175,2.5583,0
22176,2.8678,0
22177,2.4537,0
22178,2.5136,0
22179,2.4493,0
22180,2.6959,0
22181,2.4857,0
22182,2.4501,0
22183,2.6611,0
22184,2.5286,0
22185,2.3323,0
22186,2.1631,0
22187,2.1307,0
22188,2.1342,0
22189,2.1860,0
22190,2.4709,0
22191,2.0902,0
22192,2.5111,0
22193,2.7138,0
22194,2.2481,0
22195,2.2370,0
22196,2.4861,0
22197,2.2058,0
22198,2.3991,0
22199,2.5022,0
22200,2.3837,0
22201,3.0484,0
22202,2.8319,0
22203,2.4519,0
22204,2.4063,0
22205,2.2762,0
22206,2.6061,0
22207,2.7217,0
22208,2.1211,0
22209,2.3061,0
22210,2.3991,0
22211,2.3990,0
22212,2.1564,0
22213,2.5840,0
22214,2.5964,0
22215,2.4720,0
22216,2.3073,0
22217,2.2059,0
22218,2.5591,0
22219,2.4668,0
22220,2.5121,0
22221,2.5933,0
22222,2.2178,0
22223,2.6291,0
22224,2.6490,0
22225,2.6913,0
22226,2.4537,0
22227,2.6885,0
22228,2.4766,0
22229,2.5978,0
22230,2.1965,0
22231,2.4208,0
22232,2.3568,0
22233,2.2644,0
22234,2.2981,0
22235,2.1386,0
22236,2.2961,0
22237,2.5638,0
22238,2.5928,0
22239,2.4915,0
22240,2.3781,0
22241,2.4520,0
22242,2.4040,0
22243,2.9552,0
22244,2.1201,0
22245,2.5708,0
22246,2.3692,0
22247,2.1047,0
22248,2.2824,0
22249,2.2332,0
22250,2.5390,0
22251,2.4982,0
22252,2.5035,0
22253,2.4761,0
22254,2.8090,0
22255,2.3572,0
22256,2.4592,0
22257,2.2811,0
22258,2.2760,0
22259,2.3622,0
22260,2.3052,0
22261,2.6671,0
22262,2.3586,0
22263,2.3599,0
22264,2.5311,0
22265,2.5454,0
22266,2.1147,0
22267,2.3106,0
22268,2.1043,0
22269,2.2570,0
22270,2.3284,0
22271,2.7191,0
22272,2.5471,0
22273,2.4521,0
22274,2.5166,0
22275,2.1089,0
22276,2.1920,0
22277,2.2627,0
22278,2.4957,0
22279,2.3784,0
22280,2.3481,0
22281,2.3219,0
22282,2.2609,0
22283,2.6399,0
22284,2.5977,0
22285,2.6071,0
22286,2.3967,0
22287,2.2948,0
22288,2.2229,0
22289,2.0965,0
22290,2.2985,0
22291,2.8336,0
22292,2.4122,0
22293,2.3062,0
22294,2.2245,0
22295,2.5926,0
22296,2.3300,0
22297,2.6759,0
22298,2.8391,0
22299,2.7630,0
22300,2.9352,0
22301,2.5784,0
22302,2.1941,0
22303,2.4176,0
22304,2.2916,0
22305,2.3787,0
22306,2.5341,0
22307,2.6260,0
22308,2.3884,0
22309,2.5271,0
22310,2.6365,0
22311,2.6737,0
22312,2.3144,0
22313,2.2428,0
22314,2.2574,0
22315,2.5465,0
22316,2.6356,0
22317,2.7126,0
22318,2.2939,0
22319,2.4537,0
22320,2.3431,0
22321,2.3440,0
22322,2.7379,0
22323,2.4466,0
22324,2.8348,0
22325,2.8862,0
22326,2.3613,0
22327,2.3654,0
22328,2.7224,0
22329,2.2993,0
22330,2.5515,0
22331,2.5867,0
22332,2.4401,0
22333,2.2149,0
22334,2.3204,0
22335,2.7833,0
22336,2.1897,0
22337,2.3448,0
22338,2.3582,0
22339,2.8249,0
22340,2.8535,0
22341,2.3681,0
22342,2.5933,0
22343,2.4789,0
22344,2.1772,0
22345,2.5605,0
22346,2.2592,0
22347,2.3957,0
22348,2.7172,0
22349,2.4845,0
22350,2.3071,0
22351,2.1808,0
22352,2.7954,0
22353,2.4987,0
22354,2.3382,0
22355,2.8181,0
22356,2.3866,0
22357,2.5568,0
22358,2.3001,0
22359,2.3132,0
22360,2.6693,0
22361,2.1258,0
22362,2.4301,0
22363,2.1963,0
22364,2.3763,0
22365,2.1960,0
22366,2.3123,0
22367,2.8109,0
22368,3.0173,0
22369,3.2744,0
22370,2.7231,0
22371,2.9431,0
22372,2.9413,0
22373,3.0409,0
22374,2.5305,0
22375,2.3734,0
22376,2.3847,0
22377,2.2877,0
22378,2.5575,0
22379,2.2333,0
22380,2.6818,0
22381,2.6425,0
22382,2.5179,0
22383,2.6714,0
22384,2.4085,0
22385,2.2367,0
22386,2.7351,0
22387,2.4161,0
22388,2.5634,0
22389,2.3413,0
22390,2.3255,0
22391,2.3754,0
22392,2.6754,0
22393,2.9362,0
22394,2.3687,0
22395,2.6310,0
22396,2.3872,0
22397,2.3233,0
22398,2.6388,0
22399,2.8665,0
22400,2.4772,0
22401,2.1995,0
22402,2.3876,0
22403,2.1592,0
22404,2.2686,0
22405,2.4200,0
22406,2.9585,0
22407,2.5806,0
22408,2.6710,0
22409,2.2615,0
22410,2.5667,0
22411,2.5016,0
22412,2.7425,0
22413,2.3217,0
22414,2.5603,0
22415,2.8794,0
22416,2.4938,0
22417,2.2779,0
22418,2.6044,0
22419,2.2371,0
22420,2.5960,0
22421,2.4660,0
22422,2.2407,0
22423,2.3329,0
22424,2.4730,0
22425,2.3232,0
22426,2.7648,0
22427,2.4493,0
22428,2.4308,0
22429,2.2618,0
22430,2.3332,0
22431,2.2965,0
22432,2.2745,0
22433,2.6263,0
22434,2.5083,0
22435,2.2964,0
22436,2.6260,0
22437,2.7332,0
22438,2.3194,0
22439,2.3006,0
22440,2.6048,0
22441,2.5465,0
22442,2.2824,0
22443,2.4452,0
22444,2.4638,0
22445,2.3519,0
22446,2.2909,0
22447,2.3690,0
22448,2.3420,0
22449,2.6368,0
22450,2.3018,0
22451,2.3907,0
22452,2.1173,0
22453,2.5263,0
22454,2.6927,0
22455,3.0617,0
22456,2.5814,0
22457,2.3772,0
22458,2.5709,0
22459,2.5974,0
22460,2.9106,0
22461,2.2024,0
22462,2.2982,0
22463,2.3883,0
22464,2.8066,0
22465,2.2011,0
22466,2.3885,0
22467,2.2893,0
22468,2.5487,0
22469,2.6047,0
22470,2.5476,0
22471,2.5116,0
22472,2.6730,0
22473,2.5828,0
22474,2.2761,0
22475,2.3194,0
22476,2.3679,0
22477,2.2274,0
22478,2.3204,0
22479,2.3697,0
22480,2.5681,0
22481,2.6528,0
22482,2.6457,0
22483,2.2753,0
22484,2.7328,0
22485,2.4310,0
22486,2.5941,0
22487,2.5462,0
22488,2.9093,0
22489,2.4453,0
22490,2.4392,0
22491,2.2585,0
22492,2.4313,0
22493,2.3817,0
22494,2.9542,0
22495,2.4847,0
22496,2.6350,0
22497,3.0946,0
22498,3.1854,0
22499,2.7133,0
22500,2.3504,0
22501,2.2421,0
22502,2.2238,0
22503,2.7240,0
22504,2.5428,0
22505,2.4815,0
22506,2.2375,0
22507,2.8391,0
22508,2.3281,0
22509,2.1991,0
22510,2.5150,0
22511,2.8144,0
22512,2.8666,0
22513,2.6881,0
22514,3.0172,0
22515,2.5744,0
22516,2.5013,0
22517,2.4086,0
22518,2.3650,0
22519,2.6410,0
22520,2.3104,0
22521,2.6738,0
22522,2.3103,0
22523,2.5859,0
22524,2.2266,0
22525,2.3564,0
22526,2.4756,0
22527,2.4956,0
22528,2.6833,0
22529,2.2344,0
22530,2.3616,0
22531,2.5280,0
22532,2.7052,0
22533,2.2393,0
22534,2.5750,0
22535,2.6157,0
22536,2.8975,0
22537,2.6153,0
22538,2.4209,0
22539,2.6123,0
22540,2.7447,0
22541,2.4425,0
22542,2.2987,0
22543,2.4084,0
22544,2.7142,0
22545,2.4805,0
22546,2.5858,0
22547,2.5400,0
22548,2.6741,0
22549,2.5922,0
22550,2.5855,0
22551,2.4307,0
22552,2.7302,0
22553,2.6104,0
22554,2.4447,0
22555,2.3781,0
22556,2.7287,0
22557,2.3368,0
22558,2.8306,0
22559,2.4723,0
22560,2.4610,0
22561,2.8810,0
22562,2.7037,0
22563,2.4807,0
22564,2.3785,0
22565,2.1472,0
22566,2.5071,0
22567,2.8095,0
22568,2.3902,0
22569,2.2444,0
22570,2.0974,0
22571,2.3680,0
22572,2.3719,0
22573,2.4433,0
22574,2.4071,0
22575,2.2866,0
22576,2.4789,0
22577,2.4338,0
22578,2.4122,0
22579,2.6157,0
22580,2.4755,0
22581,2.8266,0
22582,2.2832,0
22583,2.4038,0
22584,2.4281,0
22585,2.7558,0
22586,2.3862,0
22587,2.6093,0
22588,2.4202,0
22589,2.5222,0
22590,2.4822,0
22591,2.3760,0
22592,2.5833,0
22593,2.4425,0
22594,2.2385,0
22595,2.2825,0
22596,2.4066,0
22597,2.4898,0
22598,2.3157,0
22599,2.7900,0
22600,2.8192,0
22601,2.3646,0
22602,2.5675,0
22603,2.3325,0
22604,2.5203,0
22605,2.7329,0
22606,2.4516,0
22607,2.6897,0
22608,3.0361,0
22609,2.2322,0
22610,2.3602,0
22611,2.2740,0
22612,2.4045,0
22613,2.5710,0
22614,2.5536,0
22615,2.5533,0
22616,2.2378,0
22617,2.5484,0
22618,2.7483,0
22619,2.2567,0
22620,2.7359,0
22621,2.6910,0
22622,2.2154,0
22623,2.4255,0
22624,2.2438,0
22625,2.0047,0
22626,2.3846,0
22627,2.7110,0
22628,2.2318,0
22629,2.3941,0
22630,2.3829,0
22631,2.3984,0
22632,2.4177,0
22633,2.4682,0
22634,2.2270,0
22635,2.2591,0
22636,2.5994,0
22637,2.6822,0
22638,2.5702,0
22639,2.5259,0
22640,2.7517,0
22641,2.5933,0
22642,2.7721,0
22643,2.5163,0
22644,3.0098,0
22645,2.5665,0
22646,2.4248,0
22647,2.3852,0
22648,2.5950,0
22649,2.6553,0
22650,2.3207,0
22651,2.4472,0
22652,2.4627,0
22653,2.1870,0
22654,2.2503,0
22655,2.5385,0
22656,2.3359,0
22657,2.3479,0
22658,2.3511,0
22659,2.4159,0
22660,2.2143,0
22661,2.2889,0
22662,2.6347,0
22663,2.3101,0
22664,2.3881,0
22665,2.0544,0
22666,2.2082,0
22667,2.3512,0
22668,2.5725,0
22669,2.3486,0
22670,2.1097,0
22671,2.8328,0
22672,2.5351,0
22673,2.4998,0
22674,2.1947,0
22675,2.2114,0
22676,2.5993,0
22677,2.2350,0
22678,2.3995,0
22679,2.0498,0
22680,2.4735,0
22681,2.7429,0
22682,2.3534,0
22683,2.8129,0
22684,2.5799,0
22685,2.7069,0
22686,2.2749,0
22687,2.6647,0
22688,2.5346,0
22689,2.3244,0
22690,2.4124,0
22691,2.9106,0
22692,2.4310,0
22693,2.3781,0
22694,2.4041,0
22695,2.7763,0
22696,2.4386,0
22697,2.5634,0
22698,2.4287,0
22699,2.1132,0
22700,2.6266,0
22701,2.5835,0
22702,2.3364,0
22703,2.5092,0
22704,2.2891,0
22705,2.8950,0
22706,2.7970,0
22707,2.6323,0
22708,2.3888,0
22709,2.2383,0
22710,2.4252,0
22711,2.7193,0
22712,2.4788,0
22713,2.3494,0
22714,2.3356,0
22715,2.4111,0
22716,2.3262,0
22717,2.4312,0
22718,2.3702,0
22719,2.5422,0
22720,2.5492,0
22721,2.6955,0
22722,2.6842,0
22723,2.6027,0
22724,2.5675,0
22725,2.7202,0
22726,2.4857,0
22727,2.5827,0
22728,2.5944,0
22729,2.5063,0
22730,2.4555,0
22731,2.8575,0
22732,2.3003,0
22733,2.8658,0
22734,2.4215,0
22735,2.4338,0
22736,2.7886,0
22737,2.5790,0
22738,2.6139,0
22739,2.8904,0
22740,2.4696,0
22741,2.6910,0
22742,2.3999,0
22743,2.3649,0
22744,2.7296,0
22745,2.6164,0
22746,2.5395,0
22747,2.4540,0
22748,2.2972,0
22749,2.7845,0
22750,2.2768,0
22751,2.5626,0
22752,2.4520,0
22753,2.7404,0
22754,2.4061,0
22755,2.4536,0
22756,2.3018,0
22757,2.4333,0
22758,2.5643,0
22759,2.2289,0
22760,2.3898,0
22761,2.7754,0
22762,2.4902,0
22763,2.3254,0
22764,2.2475,0
22765,2.1691,0
22766,2.2489,0
22767,2.5772,0
22768,2.8303,0
22769,2.4605,0
22770,2.6035,0
22771,2.4415,0
22772,2.8373,0
22773,2.3929,0
22774,2.2966,0
22775,2.4403,0
22776,2.2747,0
22777,2.2357,0
22778,2.2162,0
22779,2.1199,0
22780,2.5848,0
22781,2.2662,0
22782,2.5476,0
22783,2.7997,0
22784,2.3350,0
22785,2.3810,0
22786,3.0038,0
22787,2.3049,0
22788,2.3585,0
22789,2.4291,0
22790,2.3847,0
22791,2.4679,0
22792,2.3630,0
22793,2.5483,0
22794,2.9103,0
22795,2.7035,0
22796,2.4181,0
22797,2.2588,0
22798,2.2892,0
22799,2.2065,0
22800,2.4675,0
22801,2.5499,0
22802,2.5428,0
22803,2.6060,0
22804,2.2375,0
22805,2.6428,0
22806,2.2996,0
22807,2.7660,0
22808,2.3114,0
22809,2.5195,0
22810,2.5612,0
22811,2.3725,0
22812,2.5664,0
22813,2.7022,0
22814,2.6051,0
22815,2.7086,0
22816,2.2658,0
22817,2.9481,0
22818,2.4788,0
22819,2.5320,0
22820,2.5753,0
22821,2.2656,0
22822,2.3439,0
22823,2.3642,0
22824,2.4028,0
22825,2.7804,0
22826,2.5849,0
22827,2.4216,0
22828,2.3353,0
22829,2.4244,0
22830,2.7150,0
22831,2.1793,0
22832,2.4673,0
22833,2.3252,0
22834,2.6494,0
22835,2.4655,0
22836,2.2095,0
22837,2.3331,0
22838,2.3527,0
22839,2.2456,0
22840,2.3893,0
22841,2.3875,0
22842,2.7801,0
22843,2.4198,0
22844,2.7114,0
22845,2.8353,0
22846,2.6037,0
22847,2.4737,0
22848,2.3773,0
22849,2.5549,0
22850,2.9818,0
22851,2.7650,0
22852,2.7383,0
22853,2.6330,0
22854,2.6238,0
22855,2.3932,0
22856,2.4836,0
22857,2.5944,0
22858,2.5378,0
22859,2.4268,0
22860,2.2733,0
22861,2.6121,0
22862,2.3305,0
22863,2.5822,0
22864,2.3641,0
22865,2.5551,0
22866,2.5186,0
22867,2.4323,0
22868,2.6737,0
22869,2.4026,0
22870,2.7820,0
22871,2.2570,0
22872,2.2500,0
22873,2.3128,0
22874,2.2647,0
22875,2.2582,0
22876,2.2758,0
22877,2.2895,0
22878,2.1978,0
22879,2.1730,0
22880,2.4475,0
22881,2.6354,0
22882,2.5736,0
22883,2.5469,0
22884,2.3703,0
22885,2.4522,0
22886,2.4373,0
22887,2.4909,0
22888,2.3891,0
22889,2.3570,0
22890,2.3736,0
22891,2.4406,0
22892,2.6047,0
22893,2.3096,0
22894,2.5089,0
22895,2.6445,0
22896,2.4641,0
22897,2.5765,0
22898,2.6557,0
22899,2.7643,0
22900,2.8138,0
22901,2.3557,0
22902,2.3410,0
22903,2.4439,0
22904,2.6659,0
22905,2.4756,0
22906,2.7651,0
22907,2.2507,0
22908,2.2034,0
22909,2.4527,0
22910,2.7528,0
22911,2.5098,0
22912,2.3840,0
22913,2.7809,0
22914,2.5174,0
22915,2.2021,0
22916,2.6092,0
22917,2.6458,0
22918,2.5182,0
22919,2.4165,0
22920,2.1648,0
22921,2.5980,0
22922,2.3665,0
22923,2.4957,0
22924,2.5839,0
22925,2.4443,0
22926,2.5464,0
22927,2.2557,0
22928,2.0908,0
22929,2.0770,0
22930,2.4417,0
22931,2.4465,0
22932,2.2874,0
22933,2.5230,0
22934,2.0930,0
22935,2.8868,0
22936,2.3599,0
22937,2.2192,0
22938,2.6347,0
22939,2.6001,0
22940,2.6883,0
22941,2.7213,0
22942,2.7799,0
22943,3.2734,0
22944,2.9594,0
22945,2.8746,0
22946,3.1494,0
22947,3.2701,0
22948,3.3879,0
22949,3.2996,0
22950,2.8348,0
22951,2.8727,0
22952,3.4167,0
22953,2.8356,0
22954,3.2601,0
22955,2.9359,0
22956,3.1157,0
22957,2.8422,0
22958,2.7110,0
22959,3.1256,0
22960,2.6618,0
22961,2.5723,0
22962,2.8556,0
22963,2.8499,0
22964,2.6676,0
22965,2.8463,0
22966,2.8957,0
22967,2.8656,0
22968,3.2667,0
22969,2.9023,0
22970,3.1021,0
22971,3.0410,0
22972,3.1504,0
22973,3.1354,0
22974,2.9222,0
22975,2.6674,0
22976,2.6565,0
22977,2.6838,0
22978,3.2381,0
22979,3.4589,0
22980,2.7960,0
22981,2.4534,0
22982,2.6448,0
22983,2.7539,0
22984,2.7248,0
22985,2.5797,0
22986,2.5282,0
22987,2.6048,0
22988,2.7537,0
22989,2.3164,0
22990,2.2825,0
22991,2.2765,0
22992,2.4794,0
22993,2.7670,0
22994,2.3627,0
22995,2.6260,0
22996,2.5111,0
22997,2.6861,0
22998,2.4746,0
22999,2.5546,0
23000,2.5265,0
23001,2.6806,0
23002,2.4027,0
23003,2.5242,0
23004,2.5446,0
23005,2.4568,0
23006,2.3073,0
23007,2.5900,0
23008,2.3753,0
23009,2.7888,0
23010,2.7479,0
23011,2.5089,0
23012,2.5903,0
23013,2.3335,0
23014,2.3686,0
23015,2.6988,0
23016,2.3911,0
23017,2.5800,0
23018,2.4913,0
23019,2.4702,0
23020,2.5773,0
23021,2.4332,0
23022,2.5451,0
23023,2.6891,0
23024,2.6192,0
23025,2.4101,0
23026,2.1709,0
23027,2.1893,0
23028,2.3700,0
23029,2.3585,0
23030,2.3560,0
23031,2.5306,0
23032,2.5614,0
23033,2.7817,0
23034,2.9910,0
23035,2.9585,0
23036,2.8818,0
23037,2.5128,0
23038,3.0445,0
23039,2.4674,0
23040,2.6480,0
23041,2.9000,0
23042,2.3680,0
23043,2.2359,0
23044,2.6411,0
23045,2.6037,0
23046,2.5852,0
23047,2.3866,0
23048,2.9564,0
23049,2.2992,0
23050,2.7248,0
23051,2.3582,0
23052,2.2903,0
23053,2.4900,0
23054,2.3387,0
23055,2.3526,0
23056,2.3411,0
23057,2.2782,0
23058,2.6983,0
23059,2.3439,0
23060,2.3421,0
23061,2.2260,0
23062,2.3550,0
23063,2.4945,0
23064,2.4151,0
23065,2.2629,0
23066,2.5489,0
23067,2.4295,0
23068,2.3825,0
23069,2.5755,0
23070,2.6675,0
23071,2.1916,0
23072,2.8301,0
23073,2.2885,0
23074,2.2002,0
23075,2.3358,0
23076,2.5539,0
23077,2.3385,0
23078,2.1248,0
23079,2.0581,0
23080,2.2903,0
23081,2.2158,0
23082,3.0398,0
23083,2.9417,0
23084,2.5829,0
23085,2.6634,0
23086,2.7373,0
23087,2.6950,0
23088,2.4613,0
23089,2.5763,0
23090,2.9727,0
23091,2.4795,0
23092,2.6289,0
23093,2.4462,0
23094,2.3480,0
23095,2.4921,0
23096,2.7051,0
23097,2.1941,0
23098,2.5119,0
23099,2.2838,0
23100,2.7964,0
23101,2.7479,0
23102,2.3290,0
23103,2.2227,0
23104,2.3304,0
23105,2.8790,0
23106,2.4848,0
23107,2.5780,0
23108,2.4325,0
23109,2.1811,0
23110,2.6616,0
23111,2.5345,0
23112,2.6855,0
23113,2.6304,0
23114,2.2183,0
23115,2.2618,0
23116,2.6198,0
23117,2.5412,0
23118,2.7109,0
23119,2.4533,0
23120,2.3653,0
23121,2.3926,0
23122,2.7212,0
23123,2.8500,0
23124,2.3969,0
23125,2.3171,0
23126,2.3511,0
23127,2.1539,0
23128,2.5717,0
23129,2.4797,0
23130,2.4676,0
23131,2.4184,0
23132,2.5385,0
23133,2.6735,0
23134,2.1399,0
23135,2.6091,0
23136,2.6251,0
23137,2.2630,0
23138,2.6677,0
23139,2.2997,0
23140,2.4148,0
23141,2.6381,0
23142,2.5703,0
23143,2.6428,0
23144,2.2952,0
23145,2.4899,0
23146,2.7288,0
23147,2.5112,0
23148,2.5336,0
23149,2.4580,0
23150,2.5331,0
23151,2.6759,0
23152,2.1020,0
23153,2.6235,0
23154,2.2430,0
23155,2.1868,0
23156,2.1966,0
23157,2.5813,0
23158,2.6358,0
23159,2.2560,0
23160,2.3099,0
23161,2.5710,0
23162,2.2839,0
23163,2.6227,0
23164,2.4914,0
23165,2.3700,0
23166,2.1854,0
23167,2.5095,0
23168,2.6324,0
23169,2.2421,0
23170,2.3458,0
23171,2.5557,0
23172,2.6564,0
23173,2.6318,0
23174,2.6517,0
23175,2.7909,0
23176,2.2422,0
23177,2.5410,0
23178,2.5386,0
23179,2.2961,0
23180,2.3705,0
23181,2.4007,0
23182,2.6433,0
23183,2.6793,0
23184,2.2058,0
23185,2.5969,0
23186,2.2565,0
23187,2.8101,0
23188,2.4727,0
23189,2.2622,0
23190,2.6324,0
23191,2.4466,0
23192,2.5408,0
23193,2.4944,0
23194,2.3473,0
23195,2.4812,0
23196,2.2983,0
23197,2.4175,0
23198,2.4998,0
23199,2.5899,0
23200,2.7546,0
23201,2.4857,0
23202,2.5564,0
23203,2.3707,0
23204,2.3061,0
23205,2.8744,0
23206,2.5487,0
23207,2.9479,0
23208,2.4377,0
23209,2.3811,0
23210,2.5413,0
23211,2.4890,0
23212,2.7719,0
23213,2.7898,0
23214,2.5035,0
23215,2.8207,0
23216,2.3895,0
23217,2.5528,0
23218,2.5899,0
23219,2.5981,0
23220,2.3478,0
23221,2.5646,0
23222,2.5280,0
23223,2.3779,0
23224,2.4119,0
23225,3.0207,0
23226,2.6270,0
23227,2.3210,0
23228,2.6255,0
23229,2.5223,0
23230,2.7734,0
23231,2.5941,0
23232,2.2460,0
23233,2.3222,0
23234,2.5420,0
23235,2.3876,0
23236,2.1455,0
23237,2.4057,0
23238,2.7621,0
23239,2.5360,0
23240,2.4480,0
23241,2.4143,0
23242,2.5992,0
23243,2.8458,0
23244,2.5926,0
23245,2.7679,0
23246,2.7704,0
23247,2.3314,0
23248,2.3223,0
23249,2.4495,0
23250,2.8402,0
23251,2.5695,0
23252,2.4913,0
23253,2.6279,0
23254,2.7058,0
23255,2.4808,0
23256,2.7027,0
23257,2.3271,0
23258,2.6235,0
23259,2.6612,0
23260,2.2821,0
23261,2.4626,0
23262,2.1508,0
23263,2.3090,0
23264,2.2448,0
23265,2.3220,0
23266,2.6278,0
23267,2.3161,0
23268,2.4099,0
23269,2.1447,0
23270,2.5602,0
23271,2.2604,0
23272,2.5365,0
23273,2.3697,0
23274,2.6676,0
23275,2.7276,0
23276,2.6397,0
23277,2.3433,0
23278,2.6468,0
23279,2.2188,0
23280,2.5431,0
23281,2.4810,0
23282,2.3022,0
23283,2.6723,0
23284,2.3699,0
23285,2.2953,0
23286,2.1821,0
23287,2.2468,0
23288,2.2577,0
23289,2.4125,0
23290,2.4775,0
23291,2.7808,0
23292,2.8828,0
23293,2.2950,0
23294,2.5583,0
23295,2.5488,0
23296,2.5020,0
23297,2.4334,0
23298,2.3754,0
23299,2.5019,0
23300,2.5882,0
23301,2.3000,0
23302,2.3675,0
23303,2.0403,0
23304,2.7130,0
23305,2.2085,0
23306,2.2623,0
23307,2.2100,0
23308,2.1778,0
23309,2.3304,0
23310,2.4084,0
23311,2.3448,0
23312,2.4370,0
23313,2.7259,0
23314,2.4470,0
23315,2.6518,0
23316,2.7157,0
23317,2.3763,0
23318,2.5672,0
23319,2.7568,0
23320,2.5021,0
23321,2.3105,0
23322,2.2178,0
23323,2.4579,0
23324,2.2019,0
23325,2.3547,0
23326,2.7976,0
23327,2.2367,0
23328,2.4528,0
23329,2.1618,0
23330,2.6078,0
23331,2.4010,0
23332,2.2874,0
23333,2.7128,0
23334,2.4767,0
23335,2.1656,0
23336,2.2321,0
23337,2.4019,0
23338,2.9206,0
23339,2.2806,0
23340,2.6962,0
23341,2.1777,0
23342,2.8850,0
23343,2.5764,0
23344,2.6198,0
23345,2.5156,0
23346,2.4003,0
23347,2.5912,0
23348,2.5061,0
23349,2.4977,0
23350,2.9222,0
23351,2.4290,0
23352,2.6704,0
23353,2.3946,0
23354,2.6035,0
23355,2.6004,0
23356,2.2959,0
23357,2.2086,0
23358,2.1866,0
23359,2.3433,0
23360,2.3224,0
23361,2.1662,0
23362,2.5570,0
23363,2.3717,0
23364,2.4407,0
23365,2.3962,0
23366,2.3005,0
23367,2.6431,0
23368,2.2747,0
23369,2.2787,0
23370,2.0770,0
23371,2.2325,0
23372,2.4747,0
23373,2.2255,0
23374,2.5278,0
23375,2.3970,0
23376,2.5870,0
23377,2.6698,0
23378,2.2081,0
23379,2.4052,0
23380,2.2836,0
23381,2.6323,0
23382,2.2144,0
23383,2.2281,0
23384,2.1798,0
23385,2.6705,0
23386,2.4389,0
23387,2.4685,0
23388,2.4127,0
23389,2.4337,0
23390,2.4426,0
23391,2.4824,0
23392,2.3133,0
23393,2.7503,0
23394,2.5814,0
23395,2.3283,0
23396,2.3836,0
23397,2.5696,0
23398,2.4054,0
23399,2.5209,0
23400,2.5561,0
23401,2.5423,0
23402,2.7045,0
23403,2.4568,0
23404,2.2223,0
23405,2.5495,0
23406,2.1980,0
23407,2.3507,0
23408,2.5618,0
23409,2.3658,0
23410,2.6199,0
23411,2.4235,0
23412,2.3960,0
23413,2.1582,0
23414,2.5833,0
23415,3.0726,0
23416,2.6600,0
23417,2.5485,0
23418,2.5973,0
23419,2.5264,0
23420,2.3350,0
23421,2.2546,0
23422,2.3939,0
23423,2.6498,0
23424,2.6726,0
23425,2.5090,0
23426,2.3982,0
23427,2.2723,0
23428,2.6209,0
23429,2.3004,0
23430,2.4075,0
23431,1.9910,0
23432,2.7322,0
23433,2.3104,0
23434,2.6762,0
23435,2.7782,0
23436,2.4621,0
23437,2.3390,0
23438,2.8778,0
23439,2.2879,0
23440,2.2398,0
23441,2.2419,0
23442,2.6777,0
23443,2.4880,0
23444,2.5474,0
23445,2.4106,0
23446,2.5387,0
23447,2.2658,0
23448,2.3697,0
23449,2.4895,0
23450,3.0291,0
23451,2.4813,0
23452,2.5716,0
23453,2.3112,0
23454,2.2586,0
23455,2.3923,0
23456,2.4688,0
23457,2.3760,0
23458,2.5620,0
23459,2.8786,0
23460,2.8028,0
23461,2.3416,0
23462,2.4841,0
23463,2.4426,0
23464,2.4971,0
23465,2.7813,0
23466,2.4720,0
23467,2.3571,0
23468,2.7584,0
23469,2.6282,0
23470,2.5122,0
23471,2.3714,0
23472,2.5917,0
23473,2.6817,0
23474,2.1426,0
23475,2.3340,0
23476,2.2475,0
23477,2.4048,0
23478,2.4260,0
23479,2.5420,0
23480,2.3446,0
23481,2.4148,0
23482,2.2790,0
23483,2.3171,0
23484,2.4300,0
23485,2.3547,0
23486,2.3064,0
23487,2.4402,0
23488,2.3023,0
23489,2.4520,0
23490,2.3182,0
23491,2.4107,0
23492,2.2909,0
23493,2.3969,0
23494,2.3161,0
23495,2.3253,0
23496,2.3401,0
23497,2.6230,0
23498,2.3829,0
23499,2.4214,0
23500,2.6838,0
23501,2.7998,0
23502,2.7335,0
23503,2.3907,0
23504,2.1845,0
23505,2.4693,0
23506,2.4599,0
23507,2.3129,0
23508,2.1696,0
23509,2.3297,0
23510,2.3333,0
23511,2.5719,0
23512,2.7112,0
23513,2.5131,0
23514,2.2527,0
23515,3.0130,0
23516,2.9860,0
23517,2.5384,0
23518,2.6421,0
23519,2.3813,0
23520,2.4994,0
23521,2.7571,0
23522,2.3880,0
23523,2.3594,0
23524,2.1992,0
23525,2.2342,0
23526,2.1933,0
23527,2.3191,0
23528,2.6559,0
23529,2.4819,0
23530,2.4793,0
23531,2.2496,0
23532,2.5203,0
23533,2.4516,0
23534,2.4073,0
23535,2.8320,0
23536,2.5163,0
23537,2.9203,0
23538,2.6915,0
23539,2.4017,0
23540,2.4432,0
23541,2.7360,0
23542,2.4457,0
23543,2.4288,0
23544,2.6982,0
23545,2.2704,0
23546,2.6278,0
23547,2.4359,0
23548,2.6871,0
23549,2.5059,0
23550,2.2425,0
23551,2.3377,0
23552,2.2887,0
23553,2.3143,0
23554,2.2127,0
23555,2.7512,0
23556,2.6382,0
23557,2.4535,0
23558,2.3328,0
23559,2.5015,0
23560,2.8770,0
23561,2.8163,0
23562,2.3886,0
23563,2.7325,0
23564,2.2837,0
23565,2.2876,0
23566,2.2510,0
23567,2.2025,0
23568,2.5723,0
23569,2.5239,0
23570,2.2692,0
23571,2.5538,0
23572,2.4047,0
23573,2.5749,0
23574,2.4217,0
23575,2.3928,0
23576,2.3110,0
23577,2.3742,0
23578,2.5183,0
23579,2.7090,0
23580,2.3170,0
23581,2.1779,0
23582,2.3509,0
23583,2.6120,0
23584,2.3338,0
23585,2.3841,0
23586,2.3307,0
23587,2.7508,0
23588,2.5106,0
23589,2.4811,0
23590,2.4109,0
23591,2.2013,0
23592,2.7558,0
23593,2.5199,0
23594,2.5729,0
23595,2.3316,0
23596,2.2583,0
23597,2.5830,0
23598,2.3825,0
23599,2.2972,0
23600,2.7513,0
23601,2.1229,0
23602,2.2233,0
23603,2.6072,0
23604,2.6999,0
23605,2.5095,0
23606,2.4229,0
23607,2.3180,0
23608,2.5512,0
23609,2.4606,0
23610,2.4747,0
23611,2.2516,0
23612,2.3799,0
23613,2.2155,0
23614,2.3243,0
23615,2.1272,0
23616,2.6808,0
23617,2.5896,0
23618,2.4524,0
23619,2.6094,0
23620,2.4697,0
23621,2.2852,0
23622,2.4176,0
23623,2.2074,0
23624,2.3630,0
23625,2.5821,0
23626,2.4496,0
23627,2.1777,0
23628,2.6437,0
23629,2.4189,0
23630,2.2823,0
23631,2.6782,0
23632,2.3693,0
23633,2.7627,0
23634,2.2465,0
23635,2.3584,0
23636,2.3284,0
23637,2.3477,0
23638,2.6507,0
23639,2.2783,0
23640,2.3085,0
23641,2.5498,0
23642,2.4740,0
23643,2.6949,0
23644,2.2492,0
23645,2.5471,0
23646,2.5421,0
23647,2.6878,0
23648,2.5862,0
23649,2.6515,0
23650,2.7162,0
23651,2.8192,0
23652,2.6508,0
23653,2.6284,0
23654,2.4001,0
23655,2.1149,0
23656,2.6133,0
23657,2.3275,0
23658,2.5649,0
23659,2.2509,0
23660,2.4051,0
23661,2.4850,0
23662,2.4317,0
23663,2.1910,0
23664,2.5775,0
23665,2.1697,0
23666,2.5553,0
23667,2.3712,0
23668,2.4427,0
23669,2.4447,0
23670,2.3599,0
23671,2.5370,0
23672,2.3991,0
23673,2.5849,0
23674,2.4309,0
23675,2.5328,0
23676,2.2358,0
23677,2.7574,0
23678,2.2964,0
23679,2.6751,0
23680,2.2838,0
23681,2.1666,0
23682,2.2931,0
23683,2.4715,0
23684,2.3157,0
23685,2.6872,0
23686,2.8341,0
23687,2.5269,0
23688,2.5140,0
23689,2.8420,0
23690,2.6434,0
23691,3.3300,0
23692,2.4790,0
23693,2.8272,0
23694,2.1687,0
23695,2.3703,0
23696,2.5834,0
23697,2.7870,0
23698,2.5513,0
23699,2.5173,0
23700,2.7525,0
23701,2.7680,0
23702,2.6163,0
23703,2.3167,0
23704,2.4948,0
23705,2.4905,0
23706,2.0664,0
23707,2.5037,0
23708,2.4435,0
23709,2.7085,0
23710,2.5377,0
23711,2.6454,0
23712,2.2911,0
23713,2.9031,0
23714,2.5701,0
23715,2.8437,0
23716,2.7869,0
23717,3.0377,0
23718,2.6534,0
23719,2.5132,0
23720,2.5719,0
23721,2.5106,0
23722,2.7895,0
23723,2.3640,0
23724,2.2896,0
23725,2.3156,0
23726,2.6297,0
23727,2.4128,0
23728,2.2678,0
23729,2.3682,0
23730,2.3272,0
23731,2.7570,0
23732,2.6398,0
23733,2.5479,0
23734,2.6704,0
23735,2.5293,0
23736,2.6577,0
23737,2.1552,0
23738,2.3295,0
23739,2.4036,0
23740,2.5273,0
23741,2.4392,0
23742,2.1772,0
23743,2.4096,0
23744,2.1020,0
23745,2.0743,0
23746,2.0571,0
23747,2.4114,0
23748,2.2395,0
23749,2.1551,0
23750,2.7319,0
23751,2.6194,0
23752,2.5944,0
23753,2.7766,0
23754,2.6144,0
23755,2.3523,0
23756,2.5009,0
23757,2.3216,0
23758,2.2420,0
23759,2.6484,0
23760,2.6473,0
23761,2.4919,0
23762,2.4095,0
23763,2.3506,0
23764,2.4586,0
23765,2.8296,0
23766,2.7267,0
23767,2.6091,0
23768,2.4623,0
23769,2.6082,0
23770,2.7164,0
23771,2.5948,0
23772,2.5104,0
23773,2.3850,0
23774,2.2495,0
23775,2.6264,0
23776,2.2424,0
23777,2.7437,0
23778,2.7285,0
23779,2.6654,0
23780,2.6660,0
23781,2.9673,0
23782,2.6117,0
23783,2.4429,0
23784,2.4434,0
23785,2.4746,0
23786,2.4107,0
23787,2.7333,0
23788,2.3965,0
23789,2.3331,0
23790,2.3527,0
23791,2.7845,0
23792,2.5190,0
23793,2.2009,0
23794,2.5445,0
23795,2.2697,0
23796,2.2097,0
23797,2.5977,0
23798,2.4550,0
23799,2.2614,0
23800,2.5212,0
23801,5.1298,0
23802,2.6046,0
23803,2.6641,0
23804,2.9822,0
23805,3.1261,0
23806,2.5335,0
23807,2.6574,0
23808,2.5394,0
23809,2.9292,0
23810,2.3640,0
23811,2.7317,0
23812,2.2832,0
23813,2.7481,0
23814,2.2133,0
23815,2.4116,0
23816,2.5788,0
23817,2.4230,0
23818,2.6357,0
23819,2.8791,0
23820,2.6174,0
23821,2.5068,0
23822,2.3234,0
23823,2.5509,0
23824,2.5047,0
23825,2.7196,0
23826,2.8653,0
23827,2.4653,0
23828,2.2965,0
23829,2.2587,0
23830,2.2811,0
23831,2.4067,0
23832,2.3662,0
23833,2.3316,0
23834,2.2452,0
23835,2.4609,0
23836,2.1465,0
23837,2.3589,0
23838,2.2942,0
23839,2.6712,0
23840,2.9702,0
23841,2.3913,0
23842,2.2980,0
23843,2.3296,0
23844,2.3231,0
23845,2.5545,0
23846,2.3008,0
23847,2.6830,0
23848,2.6193,0
23849,2.1146,0
23850,2.3235,0
23851,2.2573,0
23852,2.3517,0
23853,2.6010,0
23854,2.3273,0
23855,2.2671,0
23856,2.4215,0
23857,2.3286,0
23858,2.5037,0
23859,2.4041,0
23860,2.5769,0
23861,2.5791,0
23862,2.7684,0
23863,2.3424,0
23864,2.2248,0
23865,2.5596,0
23866,2.1854,0
23867,2.5568,0
23868,2.4508,0
23869,2.5788,0
23870,2.5077,0
23871,2.7237,0
23872,2.7835,0
23873,2.9997,0
23874,2.4804,0
23875,2.5209,0
23876,2.5259,0
23877,2.4207,0
23878,2.7155,0
23879,2.3803,0
23880,2.3075,0
23881,2.4848,0
23882,2.9388,0
23883,2.3528,0
23884,2.6009,0
23885,2.2038,0
23886,2.2722,0
23887,2.2863,0
23888,2.5494,0
23889,2.2339,0
23890,2.2150,0
23891,2.5991,0
23892,2.7737,0
23893,2.2751,0
23894,2.2422,0
23895,2.3900,0
23896,2.3790,0
23897,2.5116,0
23898,2.1527,0
23899,2.1068,0
23900,2.2029,0
23901,2.7553,0
23902,2.8210,0
23903,2.3623,0
23904,2.3764,0
23905,2.5545,0
23906,2.4934,0
23907,2.2522,0
23908,2.4291,0
23909,2.7399,0
23910,2.4683,0
23911,2.6008,0
23912,2.2347,0
23913,2.3582,0
23914,2.3302,0
23915,2.5554,0
23916,2.6160,0
23917,2.3414,0
23918,2.4810,0
23919,2.0830,0
23920,2.7035,0
23921,2.5942,0
23922,3.0634,0
23923,2.7382,0
23924,2.7856,0
23925,2.2749,0
23926,2.0929,0
23927,2.0796,0
23928,2.2661,0
23929,2.6305,0
23930,2.5077,0
23931,2.2347,0
23932,2.2983,0
23933,2.5931,0
23934,2.5108,0
23935,2.9115,0
23936,2.4504,0
23937,2.9054,0
23938,2.5180,0
23939,2.7127,0
23940,2.6720,0
23941,3.0687,0
23942,2.9359,0
23943,2.8077,0
23944,2.5922,0
23945,2.8546,0
23946,2.9308,0
23947,2.7014,0
23948,2.5099,0
23949,2.4685,0
23950,2.8244,0
23951,3.0196,0
23952,2.5069,0
23953,2.6347,0
23954,3.0269,0
23955,2.6632,0
23956,2.6027,0
23957,2.6300,0
23958,2.8035,0
23959,2.7665,0
23960,2.6728,0
23961,3.1220,0
23962,3.1794,0
23963,3.0248,0
23964,2.5541,0
23965,2.5711,0
23966,2.6391,0
23967,3.1700,0
23968,2.8262,0
23969,2.7720,0
23970,3.1849,0
23971,2.9174,0
23972,2.8117,0
23973,3.2817,0
23974,3.0197,0
23975,2.9195,0
23976,2.5799,0
23977,2.8722,0
23978,2.9334,0
23979,2.5960,0
23980,2.8412,0
23981,2.8477,0
23982,2.9737,0
23983,2.8599,0
23984,2.6497,0
23985,2.9347,0
23986,2.4863,0
23987,2.8589,0
23988,2.5722,0
23989,2.9040,0
23990,2.7331,0
23991,2.5157,0
23992,2.9237,0
23993,2.5656,0
23994,2.8244,0
23995,2.5083,0
23996,2.4746,0
23997,2.4498,0
23998,2.5566,0
23999,2.5890,0
24000,2.6415,0
24001,2.6013,0
24002,2.5892,0
24003,2.7410,0
24004,2.3252,0
24005,2.5857,0
24006,2.5214,0
24007,2.4664,0
24008,2.6318,0
24009,2.3735,0
24010,2.5037,0
24011,3.0052,0
24012,2.5449,0
24013,2.6211,0
24014,2.9353,0
24015,2.5830,0
24016,2.9018,0
24017,2.6904,0
24018,2.5733,0
24019,2.5219,0
24020,2.7328,0
24021,2.4596,0
24022,2.5170,0
24023,2.3164,0
24024,2.6071,0
24025,2.5059,0
24026,2.3771,0
24027,2.5056,0
24028,2.6893,0
24029,2.3840,0
24030,2.6540,0
24031,2.3068,0
24032,2.3152,0
24033,2.4365,0
24034,2.5210,0
24035,2.6718,0
24036,2.2852,0
24037,2.4073,0
24038,2.5725,0
24039,2.5508,0
24040,2.4812,0
24041,2.3753,0
24042,2.4766,0
24043,2.6256,0
24044,2.8930,0
24045,2.2970,0
24046,2.3980,0
24047,2.8106,0
24048,2.5141,0
24049,2.5248,0
24050,2.7521,0
24051,2.5881,0
24052,2.6367,0
24053,2.3442,0
24054,2.4220,0
24055,2.9261,0
24056,2.8423,0
24057,2.6819,0
24058,2.5680,0
24059,2.6736,0
24060,2.6595,0
24061,2.5382,0
24062,2.2186,0
24063,2.5314,0
24064,2.8670,0
24065,2.4063,0
24066,2.3164,0
24067,2.2041,0
24068,2.6649,0
24069,2.4810,0
24070,2.5274,0
24071,2.2703,0
24072,2.5635,0
24073,2.2393,0
24074,2.3152,0
24075,2.4320,0
24076,2.6270,0
24077,2.6811,0
24078,2.7883,0
24079,2.6984,0
24080,2.5476,0
24081,2.7836,0
24082,2.4197,0
24083,2.4810,0
24084,2.7558,0
24085,2.5508,0
24086,2.7800,0
24087,2.4894,0
24088,2.2848,0
24089,2.5589,0
24090,2.8084,0
24091,2.4217,0
24092,2.6719,0
24093,2.2595,0
24094,2.5565,0
24095,2.4259,0
24096,2.6397,0
24097,2.3401,0
24098,2.7269,0
24099,2.5862,0
24100,2.3572,0
24101,2.4457,0
24102,2.4908,0
24103,2.5061,0
24104,2.6196,0
24105,2.3418,0
24106,2.5356,0
24107,2.5569,0
24108,2.6538,0
24109,2.6192,0
24110,2.4996,0
24111,2.3787,0
24112,2.7195,0
24113,2.4373,0
24114,2.9178,0
24115,2.5069,0
24116,2.3564,0
24117,2.4641,0
24118,2.2582,0
24119,2.9335,0
24120,2.3954,0
24121,2.6117,0
24122,2.6296,0
24123,2.3207,0
24124,2.3705,0
24125,2.6698,0
24126,2.4128,0
24127,2.5364,0
24128,2.5276,0
24129,2.8113,0
24130,2.4470,0
24131,2.5653,0
24132,2.4768,0
24133,2.1595,0
24134,2.4689,0
24135,2.2264,0
24136,2.9205,0
24137,2.3813,0
24138,2.6081,0
24139,2.5181,0
24140,2.9360,0
24141,2.5794,0
24142,2.2520,0
24143,2.2081,0
24144,2.7176,0
24145,2.5070,0
24146,2.3963,0
24147,2.7000,0
24148,2.4465,0
24149,2.3447,0
24150,2.2432,0
24151,2.7037,0
24152,2.5206,0
24153,2.4551,0
24154,2.3607,0
24155,2.4024,0
24156,2.6969,0
24157,2.3826,0
24158,2.1720,0
24159,2.3867,0
24160,2.5993,0
24161,2.5043,0
24162,2.2072,0
24163,2.2710,0
24164,2.3932,0
24165,2.7261,0
24166,2.7479,0
24167,2.4499,0
24168,2.5478,0
24169,2.4491,0
24170,2.8327,0
24171,2.4057,0
24172,2.7055,0
24173,2.5636,0
24174,2.5243,0
24175,2.4034,0
24176,2.8409,0
24177,2.6406,0
24178,2.3725,0
24179,2.4889,0
24180,2.7753,0
24181,2.3535,0
24182,2.6171,0
24183,2.3721,0
24184,2.4335,0
24185,2.5133,0
24186,2.4988,0
24187,2.5164,0
24188,2.4934,0
24189,2.3879,0
24190,2.2707,0
24191,2.5674,0
24192,2.5854,0
24193,2.2424,0
24194,2.4964,0
24195,2.3617,0
24196,2.4911,0
24197,2.6314,0
24198,2.5304,0
24199,2.3126,0
24200,2.3926,0
24201,2.2190,0
24202,2.6393,0
24203,2.4855,0
24204,2.6420,0
24205,2.3207,0
24206,2.5062,0
24207,2.6522,0
24208,2.6084,0
24209,2.6049,0
24210,2.2582,0
24211,2.7319,0
24212,2.4838,0
24213,2.4390,0
24214,2.5566,0
24215,2.2829,0
24216,2.7119,0
24217,2.5016,0
24218,2.5546,0
24219,2.8927,0
24220,2.6743,0
24221,2.2867,0
24222,2.4875,0
24223,2.2978,0
24224,2.4525,0
24225,2.2879,0
24226,2.2424,0
24227,3.0198,0
24228,2.2582,0
24229,2.6774,0
24230,2.2957,0
24231,2.4834,0
24232,2.5320,0
24233,2.4571,0
24234,2.4195,0
24235,2.4725,0
24236,2.4117,0
24237,2.3997,0
24238,2.4920,0
24239,2.4487,0
24240,2.4507,0
24241,2.7201,0
24242,2.4440,0
24243,2.6396,0
24244,2.2470,0
24245,2.4749,0
24246,2.5439,0
24247,2.5044,0
24248,2.3811,0
24249,2.2364,0
24250,2.5289,0
24251,2.5819,0
24252,2.3229,0
24253,2.4515,0
24254,2.5979,0
24255,2.3523,0
24256,2.6930,0
24257,2.6819,0
24258,2.5087,0
24259,2.1766,0
24260,2.1308,0
24261,2.5054,0
24262,2.1886,0
24263,2.4234,0
24264,2.4409,0
24265,2.8670,0
24266,2.3025,0
24267,2.3705,0
24268,2.3021,0
24269,2.5132,0
24270,2.4516,0
24271,2.4807,0
24272,2.3762,0
24273,3.0434,0
24274,2.4445,0
24275,2.5661,0
24276,2.5675,0
24277,2.4416,0
24278,2.3402,0
24279,2.3957,0
24280,2.1410,0
24281,2.3878,0
24282,2.4951,0
24283,2.3078,0
24284,2.5019,0
24285,2.2989,0
24286,2.2478,0
24287,2.5595,0
24288,2.2417,0
24289,2.1970,0
24290,2.7138,0
24291,2.2353,0
24292,2.4940,0
24293,2.3306,0
24294,2.3415,0
24295,2.3829,0
24296,2.3110,0
24297,2.3970,0
24298,2.5508,0
24299,2.5894,0
24300,2.5086,0
24301,2.6095,0
24302,2.6966,0
24303,2.2014,0
24304,2.4107,0
24305,2.1244,0
24306,2.3589,0
24307,2.2047,0
24308,2.5431,0
24309,2.4531,0
24310,2.4383,0
24311,2.2886,0
24312,2.5702,0
24313,2.3271,0
24314,2.8806,0
24315,2.3405,0
24316,2.7321,0
24317,2.2307,0
24318,2.3121,0
24319,2.6062,0
24320,2.0756,0
24321,2.2997,0
24322,2.1120,0
24323,3.1404,0
24324,3.0410,0
24325,2.3123,0
24326,2.3859,0
24327,2.2121,0
24328,2.1226,0
24329,2.5289,0
24330,2.6434,0
24331,2.5753,0
24332,2.1691,0
24333,2.3359,0
24334,2.4590,0
24335,2.3505,0
24336,2.5925,0
24337,2.2974,0
24338,2.6612,0
24339,2.6908,0
24340,2.8511,0
24341,2.5792,0
24342,2.1981,0
24343,2.2320,0
24344,2.5010,0
24345,2.4318,0
24346,2.7242,0
24347,2.3890,0
24348,2.5750,0
24349,2.7269,0
24350,2.5715,0
24351,2.6679,0
24352,2.3454,0
24353,2.2572,0
24354,2.4552,0
24355,2.8765,0
24356,2.3634,0
24357,2.6623,0
24358,2.3720,0
24359,2.2803,0
24360,2.6229,0
24361,2.3869,0
24362,2.7806,0
24363,2.4011,0
24364,2.2620,0
24365,2.2242,0
24366,2.3567,0
24367,2.4821,0
24368,2.2702,0
24369,2.0754,0
24370,2.2506,0
24371,3.0851,0
24372,2.5496,0
24373,2.4904,0
24374,2.4813,0
24375,2.6185,0
24376,2.7168,0
24377,2.2755,0
24378,2.2637,0
24379,2.3773,0
24380,2.8448,0
24381,2.8702,0
24382,2.7009,0
24383,2.6996,0
24384,2.4795,0
24385,2.9250,0
24386,3.1342,0
24387,2.9094,0
24388,2.6216,0
24389,2.8575,0
24390,2.6047,0
24391,2.5381,0
24392,2.6649,0
24393,2.4168,0
24394,2.6726,0
24395,2.6002,0
24396,2.3076,0
24397,2.8538,0
24398,2.5260,0
24399,2.6267,0
24400,2.9455,0
24401,2.8853,0
24402,2.8052,0
24403,2.5273,0
24404,2.6537,0
24405,2.8199,0
24406,2.7127,0
24407,2.8752,0
24408,2.4689,0
24409,2.8082,0
24410,2.5616,0
24411,2.5778,0
24412,2.4315,0
24413,2.5905,0
24414,2.5275,0
24415,2.3631,0
24416,2.7456,0
24417,2.7986,0
24418,2.8034,0
24419,2.6027,0
24420,2.8587,0
24421,2.9347,0
24422,2.5705,0
24423,2.7464,0
24424,2.4067,0
24425,2.7639,0
24426,2.5260,0
24427,2.6678,0
24428,2.7783,0
24429,2.8809,0
24430,2.7467,0
24431,3.3091,0
24432,2.8191,0
24433,2.7444,0
24434,2.7340,0
24435,2.5825,0
24436,2.9206,0
24437,2.6128,0
24438,2.5687,0
24439,2.8402,0
24440,2.9851,0
24441,2.7299,0
24442,2.6864,0
24443,2.8244,0
24444,2.7598,0
24445,2.8961,0
24446,2.5574,0
24447,2.5606,0
24448,2.7604,0
24449,2.9670,0
24450,2.6802,0
24451,2.5543,0
24452,2.6555,0
24453,2.7452,0
24454,2.4174,0
24455,2.7918,0
24456,2.4688,0
24457,2.8847,0
24458,2.5897,0
24459,2.6304,0
24460,2.9388,0
24461,2.7030,0
24462,2.4646,0
24463,2.5287,0
24464,2.2894,0
24465,2.3245,0
24466,2.4619,0
24467,2.6757,0
24468,2.7241,0
24469,2.1941,0
24470,2.7994,0
24471,2.0002,0
24472,2.1952,0
24473,2.4989,0
24474,2.6321,0
24475,2.2957,0
24476,2.1676,0
24477,2.5057,0
24478,2.5012,0
24479,2.5475,0
24480,2.4467,0
24481,2.3653,0
24482,2.6363,0
24483,2.5787,0
24484,2.3443,0
24485,2.6696,0
24486,2.3518,0
24487,2.3589,0
24488,2.6397,0
24489,2.5776,0
24490,2.3440,0
24491,2.5455,0
24492,2.2121,0
24493,2.2257,0
24494,2.2618,0
24495,2.1334,0
24496,2.3116,0
24497,2.4813,0
24498,2.4706,0
24499,2.6279,0
24500,2.3418,0
24501,2.8916,0
24502,2.5391,0
24503,2.2850,0
24504,2.1045,0
24505,2.6232,0
24506,2.2327,0
24507,2.4697,0
24508,2.2506,0
24509,2.1924,0
24510,2.8609,0
24511,2.5427,0
24512,2.8604,0
24513,2.8950,0
24514,2.6742,0
24515,2.4126,0
24516,2.3602,0
24517,2.6045,0
24518,2.5730,0
24519,2.6034,0
24520,2.4534,0
24521,2.7432,0
24522,2.5659,0
24523,2.6484,0
24524,2.3824,0
24525,2.3404,0
24526,2.5016,0
24527,2.3540,0
24528,2.9466,0
24529,2.8143,0
24530,2.6842,0
24531,2.5398,0
24532,2.4088,0
24533,2.3055,0
24534,2.5070,0
24535,2.5083,0
24536,2.7410,0
24537,2.7766,0
24538,2.2740,0
24539,2.1538,0
24540,2.5200,0
24541,2.5254,0
24542,2.4776,0
24543,2.1837,0
24544,2.5549,0
24545,2.4687,0
24546,2.4582,0
24547,2.2912,0
24548,2.6097,0
24549,2.7018,0
24550,2.5116,0
24551,2.2960,0
24552,2.3004,0
24553,2.4255,0
24554,2.4722,0
24555,2.2474,0
24556,2.2929,0
24557,2.3366,0
24558,2.3154,0
24559,2.4573,0
24560,2.5370,0
24561,2.5869,0
24562,2.5230,0
24563,2.6540,0
24564,2.4261,0
24565,2.4350,0
24566,2.3638,0
24567,2.4219,0
24568,2.3467,0
24569,2.2957,0
24570,2.3653,0
24571,2.1895,0
24572,2.3004,0
24573,2.4446,0
24574,2.3513,0
24575,2.7058,0
24576,2.4733,0
24577,2.3421,0
24578,2.3799,0
24579,2.2663,0
24580,2.2292,0
24581,2.4705,0
24582,2.6095,0
24583,2.3863,0
24584,2.2036,0
24585,2.1735,0
24586,2.4777,0
24587,2.3750,0
24588,2.5421,0
24589,2.6138,0
24590,2.2543,0
24591,2.4039,0
24592,2.5678,0
24593,2.3860,0
24594,2.7075,0
24595,2.5474,0
24596,2.4024,0
24597,2.4181,0
24598,2.7291,0
24599,2.6529,0
24600,2.6195,0
24601,2.5876,0
24602,2.8442,0
24603,2.3627,0
24604,2.4781,0
24605,2.4571,0
24606,2.4250,0
24607,2.5621,0
24608,2.4715,0
24609,2.7150,0
24610,2.6930,0
24611,2.4696,0
24612,2.8326,0
24613,2.4778,0
24614,2.7028,0
24615,2.6597,0
24616,2.6020,0
24617,2.5058,0
24618,2.9183,0
24619,2.5590,0
24620,2.5338,0
24621,2.6833,0
24622,2.2173,0
24623,2.4471,0
24624,2.7436,0
24625,2.4243,0
24626,2.2643,0
24627,2.5435,0
24628,2.3744,0
24629,2.3963,0
24630,2.1495,0
24631,2.4564,0
24632,2.1557,0
24633,2.5671,0
24634,2.7058,0
24635,2.7806,0
24636,2.4468,0
24637,2.3881,0
24638,2.6898,0
24639,2.3860,0
24640,2.7031,0
24641,2.3969,0
24642,2.3598,0
24643,2.4797,0
24644,2.4907,0
24645,2.5866,0
24646,2.4227,0
24647,2.3608,0
24648,2.5004,0
24649,2.6925,0
24650,2.9980,0
24651,2.2785,0
24652,2.5398,0
24653,2.3407,0
24654,2.4833,0
24655,2.3251,0
24656,2.1065,0
24657,2.3850,0
24658,2.3305,0
24659,2.6113,0
24660,2.5768,0
24661,2.4800,0
24662,2.3643,0
24663,2.1660,0
24664,2.8186,0
24665,2.4693,0
24666,2.8925,0
24667,2.4332,0
24668,2.5370,0
24669,2.5090,0
24670,2.6826,0
24671,2.2680,0
24672,2.2424,0
24673,2.4670,0
24674,2.5561,0
24675,2.8227,0
24676,2.1974,0
24677,2.3342,0
24678,2.6330,0
24679,2.7440,0
24680,2.6473,0
24681,2.2054,0
24682,2.5541,0
24683,2.4601,0
24684,2.5513,0
24685,2.3715,0
24686,2.3216,0
24687,2.9277,0
24688,2.7420,0
24689,2.5902,0
24690,2.2711,0
24691,2.5568,0
24692,2.3498,0
24693,2.6450,0
24694,2.5153,0
24695,2.2605,0
24696,2.3976,0
24697,2.3100,0
24698,2.2514,0
24699,2.6848,0
24700,2.7416,0
24701,2.2960,0
24702,2.6824,0
24703,2.2927,0
24704,2.1922,0
24705,2.4763,0
24706,2.4301,0
24707,2.5249,0
24708,2.1989,0
24709,2.2440,0
24710,2.5086,0
24711,2.5333,0
24712,2.2371,0
24713,2.5072,0
24714,2.1593,0
24715,2.4629,0
24716,2.5593,0
24717,2.4935,0
24718,2.2435,0
24719,2.2080,0
24720,2.3293,0
24721,2.2000,0
24722,2.2161,0
24723,2.6768,0
24724,2.1889,0
24725,3.2322,0
24726,2.8734,0
24727,2.9641,0
24728,2.3830,0
24729,2.4101,0
24730,2.3663,0
24731,2.9691,0
24732,2.5773,0
24733,2.5231,0
24734,2.7930,0
24735,2.8605,0
24736,2.6197,0
24737,2.3931,0
24738,2.4705,0
24739,2.7656,0
24740,2.5436,0
24741,2.4029,0
24742,2.6806,0
24743,2.9403,0
24744,2.2875,0
24745,2.3464,0
24746,2.1869,0
24747,2.4832,0
24748,2.7406,0
24749,2.5695,0
24750,2.6545,0
24751,2.7248,0
24752,2.3525,0
24753,2.2152,0
24754,2.6249,0
24755,2.6548,0
24756,2.6883,0
24757,2.2910,0
24758,2.2100,0
24759,2.6838,0
24760,2.2789,0
24761,2.4722,0
24762,2.2639,0
24763,2.2994,0
24764,2.4460,0
24765,2.3390,0
24766,2.6197,0
24767,2.2957,0
24768,2.3680,0
24769,2.6491,0
24770,2.3123,0
24771,2.6078,0
24772,2.0747,0
24773,2.2259,0
24774,2.7826,0
24775,2.3571,0
24776,2.4671,0
24777,2.2804,0
24778,2.7798,0
24779,2.3708,0
24780,2.5788,0
24781,3.0100,0
24782,2.4233,0
24783,2.7645,0
24784,2.3050,0
24785,2.9529,0
24786,2.3249,0
24787,3.0215,0
24788,2.4619,0
24789,2.9258,0
24790,3.1522,0
24791,2.1879,0
24792,2.8429,0
24793,2.3905,0
24794,2.6566,0
24795,2.4349,0
24796,2.6151,0
24797,2.3711,0
24798,2.6780,0
24799,2.7985,0
24800,2.9247,0
24801,2.7980,0
24802,2.2765,0
24803,2.6933,0
24804,2.2359,0
24805,2.5803,0
24806,2.5229,0
24807,2.3327,0
24808,2.6068,0
24809,2.2483,0
24810,2.5788,0
24811,2.1943,0
24812,2.3670,0
24813,2.2024,0
24814,2.2544,0
24815,2.6591,0
24816,2.1515,0
24817,2.2538,0
24818,2.6902,0
24819,2.5073,0
24820,2.6008,0
24821,2.5566,0
24822,3.0070,0
24823,2.4637,0
24824,2.3855,0
24825,3.4365,0
24826,2.7389,0
24827,2.4808,0
24828,2.7958,0
24829,2.7022,0
24830,2.4397,0
24831,2.5065,0
24832,2.3270,0
24833,2.6624,0
24834,2.5633,0
24835,2.6894,0
24836,2.8319,0
24837,2.2524,0
24838,2.7360,0
24839,2.4770,0
24840,2.9426,0
24841,3.0431,0
24842,2.3106,0
24843,2.8993,0
24844,2.5912,0
24845,2.8765,0
24846,2.2709,0
24847,2.5558,0
24848,2.6103,0
24849,2.4915,0
24850,2.4380,0
24851,2.4082,0
24852,2.4830,0
24853,2.5065,0
24854,2.4863,0
24855,3.2907,0
24856,2.8970,0
24857,2.2565,0
24858,2.5388,0
24859,2.5864,0
24860,2.8868,0
24861,2.6125,0
24862,2.2986,0
24863,2.2228,0
24864,2.1017,0
24865,2.2624,0
24866,2.4677,0
24867,2.2560,0
24868,2.5814,0
24869,2.2351,0
24870,2.3324,0
24871,2.3925,0
24872,2.2145,0
24873,2.4751,0
24874,2.7160,0
24875,2.3431,0
24876,2.2179,0
24877,2.5403,0
24878,2.5219,0
24879,2.4535,0
24880,2.5728,0
24881,2.7714,0
24882,2.5102,0
24883,2.4000,0
24884,2.5422,0
24885,2.2313,0
24886,3.2587,0
24887,2.8852,0
24888,2.7955,0
24889,2.4550,0
24890,2.3852,0
24891,2.4997,0
24892,2.6810,0
24893,2.5769,0
24894,2.6634,0
24895,2.5394,0
24896,2.2260,0
24897,2.5118,0
24898,2.4936,0
24899,2.5092,0
24900,2.9561,0
24901,2.9321,0
24902,2.4613,0
24903,2.6958,0
24904,2.6788,0
24905,2.4275,0
24906,2.6478,0
24907,2.6075,0
24908,2.4766,0
24909,2.4253,0
24910,2.8963,0
24911,2.8416,0
24912,2.4433,0
24913,2.2908,0
24914,2.5680,0
24915,2.4951,0
24916,2.5816,0
24917,2.4427,0
24918,2.4602,0
24919,2.5455,0
24920,2.6856,0
24921,2.6423,0
24922,2.8858,0
24923,2.3948,0
24924,2.9235,0
24925,2.4139,0
24926,2.5798,0
24927,2.3320,0
24928,2.7424,0
24929,2.7094,0
24930,2.7586,0
24931,2.7036,0
24932,2.7398,0
24933,2.2712,0
24934,2.6860,0
24935,2.6289,0
24936,2.3504,0
24937,2.3968,0
24938,2.5988,0
24939,2.9152,0
24940,2.6083,0
24941,2.3729,0
24942,2.5004,0
24943,2.2380,0
24944,2.2273,0
24945,2.4036,0
24946,2.5472,0
24947,2.4345,0
24948,2.4670,0
24949,2.3283,0
24950,2.6482,0
24951,2.4647,0
24952,2.3015,0
24953,2.3307,0
24954,2.8953,0
24955,2.7469,0
24956,2.4351,0
24957,2.6098,0
24958,2.7752,0
24959,2.5819,0
24960,2.9944,0
24961,2.3835,0
24962,2.5121,0
24963,3.0609,0
24964,2.4928,0
24965,2.5371,0
24966,2.8076,0
24967,2.4637,0
24968,2.6027,0
24969,2.4650,0
24970,2.7406,0
24971,2.4951,0
24972,2.3070,0
24973,2.8880,0
24974,2.5690,0
24975,2.4627,0
24976,2.4559,0
24977,2.6436,0
24978,3.0521,0
24979,2.8590,0
24980,2.2595,0
24981,2.6679,0
24982,2.4454,0
24983,2.6154,0
24984,2.4657,0
24985,2.1869,0
24986,2.2519,0
24987,2.2424,0
24988,2.5648,0
24989,2.5886,0
24990,2.2786,0
24991,2.4123,0
24992,2.4784,0
24993,2.5917,0
24994,2.4375,0
24995,2.3793,0
24996,2.8519,0
24997,2.7413,0
24998,2.2834,0
24999,2.6086,0
25000,2.4126,0
25001,2.8311,0
25002,2.2194,0
25003,2.6513,0
25004,2.5211,0
25005,2.6353,0
25006,2.4869,0
25007,2.3762,0
25008,2.4160,0
25009,2.4183,0
25010,2.7445,0
25011,2.3614,0
25012,2.8284,0
25013,2.5161,0
25014,2.4570,0
25015,2.6302,0
25016,2.6875,0
25017,2.5290,0
25018,2.9310,0
25019,2.7647,0
25020,2.4766,0
25021,2.7848,0
25022,2.7826,0
25023,2.3048,0
25024,2.6678,0
25025,3.0312,0
25026,2.3253,0
25027,2.4848,0
25028,2.7595,0
25029,2.2786,0
25030,2.7686,0
25031,2.7763,0
25032,2.5642,0
25033,2.5080,0
25034,2.4830,0
25035,2.4035,0
25036,2.7118,0
25037,2.6363,0
25038,2.4945,0
25039,2.5249,0
25040,2.7220,0
25041,2.2847,0
25042,2.2748,0
25043,2.3772,0
25044,2.7696,0
25045,2.5525,0
25046,2.3358,0
25047,2.3699,0
25048,2.7125,0
25049,2.8784,0
25050,2.4951,0
25051,2.7215,0
25052,2.4857,0
25053,2.5069,0
25054,2.3851,0
25055,2.9461,0
25056,3.0478,0
25057,2.9748,0
25058,2.5317,0
25059,2.6631,0
25060,2.6296,0
25061,2.2544,0
25062,2.4754,0
25063,2.5774,0
25064,2.6556,0
25065,2.2626,0
25066,2.5770,0
25067,2.4747,0
25068,2.2667,0
25069,2.5504,0
25070,2.4950,0
25071,2.5266,0
25072,2.4764,0
25073,2.3484,0
25074,2.6860,0
25075,2.8077,0
25076,2.4799,0
25077,2.4027,0
25078,2.4146,0
25079,2.5472,0
25080,2.9637,0
25081,2.7194,0
25082,2.4275,0
25083,2.9705,0
25084,2.5203,0
25085,2.4455,0
25086,2.5969,0
25087,2.4815,0
25088,2.4109,0
25089,2.7380,0
25090,2.3151,0
25091,2.5632,0
25092,2.4040,0
25093,2.3860,0
25094,2.4152,0
25095,3.0036,0
25096,3.0145,0
25097,2.5487,0
25098,2.6223,0
25099,2.8052,0
25100,2.5094,0
25101,2.6561,0
25102,2.5625,0
25103,2.6873,0
25104,2.4506,0
25105,2.3169,0
25106,2.5445,0
25107,2.3956,0
25108,2.4677,0
25109,2.5717,0
25110,2.2892,0
25111,2.7287,0
25112,2.4682,0
25113,2.5273,0
25114,2.4866,0
25115,2.5799,0
25116,2.5775,0
25117,2.3585,0
25118,2.7097,0
25119,2.5865,0
25120,2.6511,0
25121,2.9755,0
25122,3.1623,0
25123,2.7789,0
25124,2.6190,0
25125,2.7895,0
25126,2.5949,0
25127,3.1250,0
25128,2.9779,0
25129,2.8400,0
25130,2.6672,0
25131,2.5655,0
25132,2.4692,0
25133,2.5080,0
25134,2.4285,0
25135,2.8711,0
25136,2.8164,0
25137,2.2727,0
25138,2.7165,0
25139,2.3991,0
25140,2.3913,0
25141,2.3963,0
25142,2.6768,0
25143,2.6221,0
25144,2.6731,0
25145,2.5390,0
25146,2.5599,0
25147,2.3787,0
25148,2.7250,0
25149,2.4947,0
25150,2.1950,0
25151,2.4820,0
25152,2.8053,0
25153,2.4683,0
25154,2.6157,0
25155,2.2946,0
25156,2.5532,0
25157,2.4273,0
25158,2.7519,0
25159,2.2381,0
25160,2.3598,0
25161,2.5591,0
25162,2.9817,0
25163,2.5081,0
25164,2.7018,0
25165,2.6596,0
25166,2.3962,0
25167,2.2632,0
25168,2.4978,0
25169,2.6702,0
25170,2.5943,0
25171,2.6058,0
25172,2.6399,0
25173,2.5480,0
25174,2.7145,0
25175,2.6420,0
25176,3.0291,0
25177,2.8575,0
25178,2.3001,0
25179,2.3360,0
25180,2.4869,0
25181,2.3504,0
25182,2.3918,0
25183,2.4033,0
25184,2.3443,0
25185,2.3766,0
25186,2.2792,0
25187,2.3650,0
25188,2.4284,0
25189,2.5007,0
25190,2.5665,0
25191,2.3485,0
25192,3.0178,0
25193,2.6783,0
25194,2.6233,0
25195,2.3680,0
25196,2.3102,0
25197,2.4714,0
25198,2.5146,0
25199,2.6899,0
25200,2.7790,0
25201,2.6303,0
25202,2.4850,0
25203,2.6047,0
25204,2.3507,0
25205,2.3596,0
25206,2.5831,0
25207,2.6533,0
25208,3.0740,0
25209,2.4171,0
25210,2.4913,0
25211,2.8189,0
25212,2.4953,0
25213,2.6643,0
25214,2.6636,0
25215,2.6960,0
25216,2.5387,0
25217,2.7180,0
25218,2.6970,0
25219,2.8768,0
25220,2.4771,0
25221,2.4903,0
25222,2.6358,0
25223,2.5932,0
25224,2.3993,0
25225,2.3977,0
25226,2.6497,0
25227,2.6550,0
25228,2.3446,0
25229,2.5929,0
25230,3.0898,0
25231,2.8456,0
25232,2.6358,0
25233,2.5250,0
25234,2.7123,0
25235,2.4675,0
25236,2.5242,0
25237,2.7233,0
25238,2.4554,0
25239,2.6134,0
25240,2.6882,0
25241,2.4346,0
25242,2.5787,0
25243,2.4316,0
25244,2.3990,0
25245,2.7997,0
25246,2.7164,0
25247,2.4922,0
25248,2.7697,0
25249,2.6227,0
25250,2.8684,0
25251,2.6795,0
25252,2.3915,0
25253,2.8474,0
25254,2.5613,0
25255,2.6613,0
25256,2.4102,0
25257,2.2273,0
25258,2.7841,0
25259,2.6512,0
25260,2.5720,0
25261,2.5496,0
25262,2.4014,0
25263,2.3031,0
25264,2.2477,0
25265,2.4960,0
25266,2.4138,0
25267,2.6816,0
25268,2.2826,0
25269,2.5146,0
25270,2.5306,0
25271,2.3109,0
25272,2.8821,0
25273,2.5238,0
25274,2.7931,0
25275,2.5981,0
25276,2.5396,0
25277,2.2525,0
25278,2.3852,0
25279,2.7579,0
25280,2.3970,0
25281,2.9210,0
25282,2.4454,0
25283,2.4374,0
25284,2.5619,0
25285,2.4040,0
25286,2.5216,0
25287,2.4061,0
25288,2.4735,0
25289,2.8091,0
25290,2.5913,0
25291,2.7769,0
25292,2.6799,0
25293,2.7164,0
25294,2.9744,0
25295,2.3279,0
25296,2.8690,0
25297,2.8182,0
25298,2.4464,0
25299,2.5423,0
25300,2.5143,0
25301,2.6633,0
25302,2.7494,0
25303,2.5142,0
25304,2.8043,0
25305,2.5674,0
25306,2.5021,0
25307,2.6623,0
25308,2.5862,0
25309,2.2648,0
25310,2.8308,0
25311,2.4148,0
25312,2.4096,0
25313,2.7454,0
25314,2.3623,0
25315,2.7329,0
25316,2.5831,0
25317,2.2868,0
25318,2.7932,0
25319,2.6211,0
25320,2.5192,0
25321,2.7991,0
25322,2.5620,0
25323,2.4855,0
25324,2.1932,0
25325,2.3866,0
25326,2.8117,0
25327,2.7467,0
25328,2.4060,0
25329,2.3790,0
25330,2.3598,0
25331,2.6702,0
25332,2.4063,0
25333,2.7780,0
25334,2.4824,0
25335,2.6746,0
25336,2.4900,0
25337,2.6557,0
25338,2.4431,0
25339,2.4688,0
25340,2.3366,0
25341,2.8398,0
25342,2.3082,0
25343,2.6048,0
25344,2.5735,0
25345,2.4302,0
25346,2.3294,0
25347,2.5508,0
25348,2.4442,0
25349,2.5158,0
25350,2.3761,0
25351,3.1447,0
25352,2.6743,0
25353,2.4487,0
25354,2.5082,0
25355,2.4667,0
25356,2.5981,0
25357,2.4241,0
25358,2.3462,0
25359,2.4921,0
25360,2.7313,0
25361,2.4987,0
25362,2.5787,0
25363,2.4223,0
25364,2.4556,0
25365,2.7493,0
25366,2.4226,0
25367,2.6975,0
25368,2.6113,0
25369,2.7924,0
25370,2.4244,0
25371,2.9072,0
25372,2.6390,0
25373,2.4378,0
25374,2.3367,0
25375,2.3190,0
25376,2.4297,0
25377,2.3178,0
25378,2.3569,0
25379,2.7280,0
25380,2.5829,0
25381,2.8799,0
25382,2.4692,0
25383,2.5001,0
25384,2.2283,0
25385,2.5445,0
25386,2.5793,0
25387,2.5987,0
25388,2.7388,0
25389,2.5203,0
25390,2.6258,0
25391,2.4734,0
25392,2.6461,0
25393,2.7321,0
25394,2.8655,0
25395,2.5527,0
25396,2.8095,0
25397,2.5131,0
25398,2.5882,0
25399,2.7765,0
25400,2.5807,0
25401,2.4751,0
25402,2.6167,0
25403,2.7911,0
25404,2.4363,0
25405,2.3731,0
25406,2.3698,0
25407,2.3273,0
25408,2.7400,0
25409,2.3779,0
25410,2.5974,0
25411,2.7209,0
25412,2.5201,0
25413,2.4441,0
25414,2.7870,0
25415,2.6187,0
25416,2.7366,0
25417,2.8720,0
25418,2.4303,0
25419,2.3421,0
25420,2.3102,0
25421,2.4490,0
25422,2.7609,0
25423,2.5172,0
25424,2.8508,0
25425,2.4783,0
25426,2.8565,0
25427,3.1790,0
25428,2.5285,0
25429,2.6439,0
25430,2.7810,0
25431,2.5498,0
25432,2.5033,0
25433,2.8808,0
25434,2.3166,0
25435,2.7501,0
25436,2.6901,0
25437,2.5490,0
25438,2.3500,0
25439,2.4096,0
25440,2.7044,0
25441,2.8064,0
25442,2.7451,0
25443,2.4905,0
25444,2.3738,0
25445,2.5000,0
25446,2.8413,0
25447,2.3199,0
25448,2.3564,0
25449,2.8524,0
25450,2.6097,0
25451,2.9812,0
25452,2.5581,0
25453,2.5725,0
25454,2.7940,0
25455,2.6424,0
25456,2.5594,0
25457,2.4495,0
25458,2.4172,0
25459,2.4796,0
25460,2.2531,0
25461,2.8789,0
25462,2.2936,0
25463,2.6083,0
25464,2.5652,0
25465,2.3528,0
25466,2.8078,0
25467,2.6700,0
25468,2.4421,0
25469,2.6221,0
25470,2.9601,0
25471,2.6232,0
25472,2.4928,0
25473,2.5101,0
25474,2.5390,0
25475,2.4598,0
25476,2.8960,0
25477,2.9729,0
25478,2.8550,0
25479,2.7162,0
25480,2.3125,0
25481,2.1875,0
25482,2.6858,0
25483,2.5487,0
25484,2.3566,0
25485,2.6641,0
25486,2.4428,0
25487,2.4017,0
25488,2.7589,0
25489,2.4759,0
25490,2.7687,0
25491,2.9726,0
25492,2.5700,0
25493,2.6780,0
25494,2.4792,0
25495,2.6053,0
25496,2.5704,0
25497,2.3503,0
25498,2.4368,0
25499,2.5054,0
25500,2.3189,0
25501,2.6798,0
25502,2.3724,0
25503,2.7461,0
25504,2.4541,0
25505,2.2343,0
25506,2.3627,0
25507,2.6908,0
25508,2.5674,0
25509,2.4396,0
25510,2.2189,0
25511,2.3003,0
25512,2.7612,0
25513,2.7056,0
25514,2.7017,0
25515,2.8191,0
25516,2.3501,0
25517,2.6719,0
25518,2.5020,0
25519,2.6726,0
25520,2.5457,0
25521,2.6272,0
25522,2.4403,0
25523,2.3373,0
25524,2.8015,0
25525,2.3507,0
25526,2.4473,0
25527,2.6174,0
25528,2.7056,0
25529,2.6101,0
25530,2.9639,0
25531,2.6795,0
25532,2.7439,0
25533,2.2395,0
25534,2.5552,0
25535,2.3927,0
25536,2.6303,0
25537,2.7154,0
25538,2.9796,0
25539,2.7606,0
25540,2.7008,0
25541,2.6770,0
25542,2.4532,0
25543,2.4161,0
25544,2.6394,0
25545,2.5759,0
25546,2.2515,0
25547,2.6530,0
25548,2.9446,0
25549,2.9166,0
25550,2.6329,0
25551,2.5426,0
25552,2.7589,0
25553,2.5385,0
25554,2.6312,0
25555,2.3712,0
25556,2.7723,0
25557,2.3716,0
25558,2.4099,0
25559,2.5322,0
25560,2.4741,0
25561,2.9224,0
25562,2.5304,0
25563,3.0238,0
25564,2.8202,0
25565,2.4213,0
25566,2.6853,0
25567,2.9576,0
25568,2.6588,0
25569,3.0161,0
25570,3.2754,0
25571,3.1696,0
25572,3.3391,0
25573,3.0566,0
25574,3.2092,0
25575,3.4449,0
25576,3.3429,0
25577,3.1884,0
25578,2.9147,0
25579,3.5373,0
25580,3.0251,0
25581,3.0776,0
25582,3.0177,0
25583,3.3256,0
25584,3.2488,0
25585,3.3015,0
25586,3.1151,0
25587,3.2321,0
25588,2.9480,0
25589,2.6016,0
25590,2.5682,0
25591,2.7684,0
25592,3.3145,0
25593,2.8961,0
25594,3.3928,0
25595,3.6220,0
25596,3.1088,0
25597,3.5503,0
25598,3.6251,0
25599,3.2854,0
25600,3.1876,0
25601,3.2194,0
25602,3.4155,0
25603,2.8831,0
25604,3.2201,0
25605,3.2311,0
25606,3.3233,0
25607,2.7684,0
25608,3.2482,0
25609,3.4236,0
25610,3.3598,0
25611,3.3048,0
25612,3.0486,0
25613,3.3579,0
25614,3.0653,0
25615,3.4042,0
25616,3.1927,0
25617,3.0650,0
25618,3.1364,0
25619,3.2302,0
25620,3.1422,0
25621,3.0198,0
25622,2.6443,0
25623,2.5460,0
25624,2.5759,0
25625,2.6190,0
25626,3.3779,0
25627,2.6633,0
25628,3.3456,0
25629,3.3078,0
25630,3.1878,0
25631,3.0511,0
25632,3.4681,0
25633,3.2592,0
25634,3.3001,0
25635,3.0921,0
25636,3.3183,0
25637,3.4493,0
25638,3.4255,0
25639,3.3007,0
25640,3.1437,0
25641,2.8694,0
25642,3.2687,0
25643,2.6028,0
25644,3.1065,0
25645,2.8419,0
25646,2.4252,0
25647,2.8708,0
25648,2.3122,0
25649,2.5409,0
25650,2.5569,0
25651,2.5270,0
25652,2.8614,0
25653,2.7371,0
25654,2.5571,0
25655,2.6146,0
25656,2.7756,0
25657,2.4584,0
25658,2.6236,0
25659,2.7667,0
25660,2.6045,0
25661,2.5320,0
25662,2.6809,0
25663,2.8582,0
25664,2.8722,0
25665,2.5185,0
25666,2.8662,0
25667,2.7275,0
25668,2.7488,0
25669,2.6113,0
25670,2.7756,0
25671,2.4308,0
25672,2.8926,0
25673,2.8773,0
25674,2.7587,0
25675,2.7926,0
25676,2.9967,0
25677,2.4959,0
25678,2.5164,0
25679,3.0103,0
25680,2.6847,0
25681,3.0417,0
25682,3.0245,0
25683,2.4515,0
25684,2.7625,0
25685,2.6831,0
25686,2.5628,0
25687,2.4298,0
25688,2.2925,0
25689,2.5109,0
25690,2.6612,0
25691,3.0236,0
25692,2.6030,0
25693,2.7212,0
25694,2.6215,0
25695,2.5779,0
25696,2.5999,0
25697,2.7457,0
25698,2.9194,0
25699,2.7597,0
25700,2.3742,0
25701,2.7120,0
25702,2.4278,0
25703,2.5376,0
25704,2.5531,0
25705,2.6549,0
25706,2.7491,0
25707,2.6327,0
25708,2.2959,0
25709,2.4821,0
25710,2.4070,0
25711,2.4869,0
25712,2.5978,0
25713,2.4985,0
25714,2.5694,0
25715,2.4133,0
25716,2.6144,0
25717,2.3896,0
25718,2.3096,0
25719,2.6514,0
25720,2.5149,0
25721,2.4514,0
25722,2.6854,0
25723,2.5324,0
25724,2.4133,0
25725,2.3704,0
25726,2.4751,0
25727,2.4128,0
25728,2.5156,0
25729,2.5921,0
25730,2.3949,0
25731,2.4340,0
25732,2.4067,0
25733,2.3228,0
25734,2.3962,0
25735,2.4000,0
25736,2.3502,0
25737,2.4026,0
25738,2.3919,0
25739,2.2393,0
25740,2.5342,0
25741,2.6069,0
25742,2.5624,0
25743,2.4818,0
25744,2.5467,0
25745,2.5241,0
25746,2.7025,0
25747,2.3493,0
25748,2.4645,0
25749,2.3716,0
25750,2.4789,0
25751,2.7089,0
25752,2.8267,0
25753,2.5459,0
25754,2.6243,0
25755,2.3882,0
25756,2.5290,0
25757,2.6089,0
25758,2.6144,0
25759,2.9030,0
25760,2.4244,0
25761,2.7861,0
25762,2.7182,0
25763,2.5785,0
25764,2.5702,0
25765,2.5070,0
25766,2.5657,0
25767,2.7018,0
25768,2.8063,0
25769,2.5195,0
25770,2.4911,0
25771,2.4933,0
25772,2.4560,0
25773,2.4441,0
25774,2.4546,0
25775,2.6027,0
25776,2.7814,0
25777,2.4261,0
25778,2.2209,0
25779,2.2479,0
25780,2.5906,0
25781,2.3058,0
25782,2.4946,0
25783,2.6255,0
25784,2.7684,0
25785,2.6712,0
25786,2.8332,0
25787,2.6325,0
25788,2.6786,0
25789,2.2146,0
25790,2.2481,0
25791,2.7153,0
25792,2.3742,0
25793,2.4967,0
25794,2.6366,0
25795,2.3782,0
25796,2.7089,0
25797,2.5877,0
25798,2.3880,0
25799,2.7319,0
25800,2.5390,0
25801,2.5305,0
25802,2.5221,0
25803,2.7940,0
25804,2.6776,0
25805,2.6476,0
25806,2.8417,0
25807,2.4565,0
25808,2.2245,0
25809,2.5328,0
25810,2.7823,0
25811,2.4139,0
25812,2.2209,0
25813,2.1843,0
25814,2.4311,0
25815,2.8397,0
25816,2.9557,0
25817,2.7357,0
25818,2.6961,0
25819,2.5184,0
25820,2.7740,0
25821,2.6419,0
25822,2.2915,0
25823,2.7650,0
25824,2.8541,0
25825,2.6279,0
25826,2.4612,0
25827,2.5363,0
25828,2.4446,0
25829,2.4351,0
25830,2.6440,0
25831,2.7875,0
25832,2.4798,0
25833,3.0361,0
25834,2.5127,0
25835,2.2464,0
25836,2.5879,0
25837,2.4228,0
25838,2.2339,0
25839,2.5937,0
25840,2.5575,0
25841,2.7674,0
25842,2.4783,0
25843,2.7022,0
25844,2.4422,0
25845,2.7199,0
25846,2.6642,0
25847,2.6530,0
25848,2.4897,0
25849,2.3666,0
25850,2.4727,0
25851,2.7541,0
25852,2.6691,0
25853,2.7361,0
25854,2.3140,0
25855,2.6218,0
25856,2.4836,0
25857,2.8248,0
25858,3.0119,0
25859,2.3500,0
25860,2.3248,0
25861,2.5644,0
25862,2.4381,0
25863,3.0504,0
25864,2.7162,0
25865,2.5966,0
25866,2.4735,0
25867,2.4769,0
25868,2.5871,0
25869,2.7684,0
25870,2.6810,0
25871,2.6904,0
25872,2.3900,0
25873,2.7143,0
25874,2.3213,0
25875,2.3700,0
25876,2.5608,0
25877,2.1942,0
25878,2.6174,0
25879,2.2347,0
25880,2.4334,0
25881,2.5906,0
25882,2.4099,0
25883,2.6808,0
25884,2.8434,0
25885,2.6272,0
25886,2.3722,0
25887,2.4007,0
25888,3.2307,0
25889,2.5269,0
25890,2.3581,0
25891,2.2508,0
25892,2.2219,0
25893,2.7097,0
25894,2.3973,0
25895,2.5506,0
25896,2.4244,0
25897,2.5131,0
25898,2.7396,0
25899,2.7153,0
25900,2.6026,0
25901,2.9553,0
25902,2.9340,0
25903,2.5598,0
25904,2.4664,0
25905,2.3753,0
25906,2.8381,0
25907,2.3908,0
25908,2.5491,0
25909,2.6765,0
25910,2.8637,0
25911,2.5378,0
25912,2.6077,0
25913,2.4524,0
25914,2.7484,0
25915,2.3972,0
25916,2.8213,0
25917,2.4225,0
25918,2.7995,0
25919,2.4583,0
25920,2.7505,0
25921,2.6103,0
25922,2.5383,0
25923,2.4643,0
25924,2.3515,0
25925,2.4925,0
25926,2.4874,0
25927,2.6729,0
25928,2.3869,0
25929,2.5918,0
25930,2.4140,0
25931,3.1008,0
25932,2.5521,0
25933,2.4577,0
25934,2.6357,0
25935,2.7481,0
25936,2.8547,0
25937,2.5932,0
25938,2.5998,0
25939,2.6861,0
25940,2.5119,0
25941,2.6820,0
25942,2.8165,0
25943,2.3433,0
25944,2.3682,0
25945,2.3674,0
25946,2.2689,0
25947,2.3469,0
25948,2.7611,0
25949,2.3844,0
25950,2.6868,0
25951,2.2835,0
25952,2.2053,0
25953,2.4822,0
25954,2.4755,0
25955,2.9619,0
25956,2.8231,0
25957,2.7660,0
25958,2.4002,0
25959,2.3680,0
25960,2.6924,0
25961,2.3783,0
25962,2.3909,0
25963,2.3836,0
25964,2.3841,0
25965,2.5484,0
25966,2.6017,0
25967,2.4180,0
25968,2.5304,0
25969,2.2723,0
25970,2.6031,0
25971,2.4926,0
25972,2.6692,0
25973,2.7033,0
25974,2.7692,0
25975,2.3897,0
25976,2.6358,0
25977,2.7812,0
25978,2.4984,0
25979,2.4471,0
25980,2.4121,0
25981,2.2633,0
25982,2.6518,0
25983,2.1718,0
25984,2.2090,0
25985,2.7380,0
25986,2.6590,0
25987,2.8756,0
25988,2.4462,0
25989,2.4053,0
25990,2.3918,0
25991,2.8030,0
25992,2.4538,0
25993,2.4930,0
25994,2.6097,0
25995,2.5621,0
25996,2.4973,0
25997,2.4774,0
25998,2.7020,0
25999,2.5735,0
26000,2.8337,0
26001,2.6916,0
26002,2.7192,0
26003,2.7235,0
26004,2.6663,0
26005,2.6387,0
26006,2.4010,0
26007,2.4186,0
26008,2.4195,0
26009,2.5304,0
26010,2.6900,0
26011,2.4686,0
26012,2.6335,0
26013,2.3542,0
26014,2.6045,0
26015,2.4647,0
26016,2.7066,0
26017,2.5815,0
26018,2.5320,0
26019,2.3638,0
26020,2.3889,0
26021,2.3911,0
26022,2.7890,0
26023,2.7105,0
26024,2.5262,0
26025,2.6232,0
26026,2.5376,0
26027,2.7081,0
26028,2.2774,0
26029,2.7855,0
26030,2.5755,0
26031,2.7578,0
26032,2.7570,0
26033,2.8064,0
26034,2.6065,0
26035,2.4998,0
26036,2.4738,0
26037,2.4023,0
26038,2.5928,0
26039,2.4072,0
26040,2.4380,0
26041,2.5296,0
26042,2.4991,0
26043,2.7435,0
26044,2.9277,0
26045,2.8081,0
26046,2.6279,0
26047,2.3877,0
26048,2.3081,0
26049,2.3878,0
26050,2.7090,0
26051,2.7069,0
26052,2.6698,0
26053,2.2636,0
26054,2.4095,0
26055,2.4026,0
26056,2.5435,0
26057,2.4513,0
26058,2.5090,0
26059,2.5961,0
26060,2.4372,0
26061,2.8554,0
26062,2.4224,0
26063,2.5289,0
26064,2.4277,0
26065,2.5786,0
26066,2.4588,0
26067,2.6384,0
26068,2.5623,0
26069,2.4076,0
26070,2.6838,0
26071,2.4852,0
26072,2.7033,0
26073,2.6760,0
26074,2.5385,0
26075,2.6618,0
26076,2.4459,0
26077,2.5795,0
26078,2.6668,0
26079,2.2499,0
26080,2.6791,0
26081,2.4296,0
26082,2.5973,0
26083,2.7938,0
26084,2.4132,0
26085,2.6357,0
26086,2.5463,0
26087,2.4957,0
26088,2.6157,0
26089,2.6126,0
26090,2.6257,0
26091,2.4145,0
26092,2.6419,0
26093,2.6076,0
26094,2.5147,0
26095,2.4073,0
26096,2.3056,0
26097,2.4658,0
26098,2.4071,0
26099,2.5706,0
26100,2.8626,0
26101,2.5677,0
26102,2.3571,0
26103,2.3623,0
26104,2.3376,0
26105,2.6398,0
26106,2.5500,0
26107,2.6768,0
26108,2.7503,0
26109,2.7239,0
26110,2.5253,0
26111,2.7166,0
26112,2.4636,0
26113,2.7171,0
26114,2.7248,0
26115,2.4851,0
26116,2.6365,0
26117,2.4197,0
26118,2.2879,0
26119,2.4436,0
26120,2.1903,0
26121,2.8524,0
26122,2.6555,0
26123,2.5037,0
26124,2.4756,0
26125,2.5151,0
26126,2.3661,0
26127,2.6440,0
26128,2.5959,0
26129,2.6501,0
26130,2.3831,0
26131,3.0612,0
26132,2.6426,0
26133,2.6240,0
26134,2.3888,0
26135,2.4350,0
26136,2.5053,0
26137,2.9259,0
26138,2.6791,0
26139,2.3590,0
26140,2.9285,0
26141,2.5855,0
26142,2.5649,0
26143,2.7324,0
26144,2.4546,0
26145,2.5781,0
26146,2.4356,0
26147,2.6220,0
26148,2.6333,0
26149,2.3932,0
26150,2.8944,0
26151,2.5861,0
26152,2.3272,0
26153,2.5459,0
26154,2.6438,0
26155,2.6719,0
26156,2.6036,0
26157,2.4629,0
26158,2.4595,0
26159,2.2806,0
26160,2.3296,0
26161,2.1516,0
26162,2.3720,0
26163,2.4788,0
26164,2.5787,0
26165,2.3937,0
26166,2.5276,0
26167,2.5611,0
26168,2.7660,0
26169,3.1143,0
26170,2.6509,0
26171,3.0109,0
26172,2.4749,0
26173,2.7007,0
26174,2.4854,0
26175,2.3158,0
26176,2.3058,0
26177,2.2478,0
26178,2.7377,0
26179,2.6008,0
26180,2.8096,0
26181,2.5384,0
26182,2.5549,0
26183,2.4323,0
26184,2.3018,0
26185,2.1681,0
26186,2.7130,0
26187,2.6688,0
26188,2.2480,0
26189,2.6169,0
26190,2.2188,0
26191,2.3204,0
26192,2.3762,0
26193,2.8720,0
26194,2.7656,0
26195,2.4700,0
26196,2.4987,0
26197,2.5582,0
26198,2.6437,0
26199,2.6242,0
26200,2.6007,0
26201,2.6251,0
26202,2.4205,0
26203,2.4654,0
26204,2.7264,0
26205,2.6236,0
26206,2.7543,0
26207,2.3913,0
26208,2.5707,0
26209,2.7907,0
26210,2.9509,0
26211,2.5983,0
26212,2.7394,0
26213,2.5370,0
26214,2.4179,0
26215,2.5891,0
26216,2.4834,0
26217,2.5333,0
26218,2.6447,0
26219,2.7907,0
26220,2.4272,0
26221,2.6590,0
26222,2.3515,0
26223,2.4970,0
26224,2.2777,0
26225,2.4994,0
26226,2.2539,0
26227,2.4645,0
26228,2.7405,0
26229,3.0107,0
26230,2.8451,0
26231,2.7879,0
26232,2.4538,0
26233,2.5221,0
26234,2.5414,0
26235,2.7231,0
26236,2.8105,0
26237,2.4692,0
26238,2.4338,0
26239,2.6726,0
26240,2.6510,0
26241,2.8162,0
26242,2.6182,0
26243,2.5043,0
26244,2.8766,0
26245,2.3975,0
26246,2.4515,0
26247,2.7869,0
26248,2.6393,0
26249,2.6806,0
26250,2.5825,0
26251,2.3882,0
26252,2.7677,0
26253,2.7377,0
26254,2.3780,0
26255,2.3331,0
26256,2.4753,0
26257,2.4748,0
26258,2.7066,0
26259,2.4361,0
26260,2.7751,0
26261,2.8089,0
26262,2.6903,0
26263,2.3236,0
26264,2.7636,0
26265,2.5472,0
26266,2.5061,0
26267,2.5404,0
26268,2.3729,0
26269,2.3198,0
26270,2.3282,0
26271,2.7026,0
26272,2.6565,0
26273,2.7203,0
26274,2.4585,0
26275,2.5812,0
26276,2.3425,0
26277,2.4440,0
26278,2.7040,0
26279,2.5904,0
26280,2.4502,0
26281,2.2500,0
26282,2.4011,0
26283,3.0654,0
26284,2.8222,0
26285,2.9728,0
26286,2.7869,0
26287,2.4958,0
26288,2.3063,0
26289,2.4477,0
26290,2.6387,0
26291,2.5135,0
26292,2.2930,0
26293,2.2748,0
26294,2.7285,0
26295,2.5998,0
26296,2.9162,0
26297,3.0677,0
26298,2.4494,0
26299,2.8102,0
26300,2.3190,0
26301,2.4403,0
26302,2.5471,0
26303,2.6136,0
26304,2.4387,0
26305,2.6476,0
26306,2.7133,0
26307,2.8453,0
26308,2.4116,0
26309,2.5874,0
26310,2.6603,0
26311,2.4072,0
26312,2.4928,0
26313,2.5989,0
26314,2.8354,0
26315,2.6126,0
26316,2.8114,0
26317,2.4597,0
26318,2.7288,0
26319,2.9209,0
26320,2.7939,0
26321,2.5890,0
26322,2.2927,0
26323,2.4288,0
26324,2.7113,0
26325,2.5388,0
26326,2.8335,0
26327,2.4440,0
26328,2.5165,0
26329,2.2951,0
26330,2.5602,0
26331,2.8262,0
26332,2.5894,0
26333,2.5973,0
26334,2.4769,0
26335,2.4354,0
26336,2.8114,0
26337,2.3851,0
26338,2.4473,0
26339,2.4221,0
26340,2.3289,0
26341,2.5310,0
26342,2.7525,0
26343,2.6239,0
26344,2.6441,0
26345,2.7101,0
26346,2.4111,0
26347,2.3510,0
26348,2.5664,0
26349,2.4023,0
26350,2.3871,0
26351,2.4186,0
26352,2.4701,0
26353,2.5962,0
26354,2.4682,0
26355,2.5366,0
26356,2.4654,0
26357,2.4598,0
26358,2.6591,0
26359,2.7131,0
26360,2.2101,0
26361,2.8563,0
26362,2.6277,0
26363,2.5858,0
26364,2.4832,0
26365,2.5659,0
26366,2.3293,0
26367,2.5234,0
26368,2.5104,0
26369,2.7633,0
26370,2.5681,0
26371,2.5996,0
26372,2.8239,0
26373,2.8199,0
26374,2.5447,0
26375,3.1041,0
26376,2.6006,0
26377,2.5066,0
26378,2.6815,0
26379,2.7330,0
26380,2.9672,0
26381,2.6642,0
26382,2.8604,0
26383,2.7491,0
26384,2.6749,0
26385,2.2775,0
26386,2.5542,0
26387,2.4498,0
26388,2.6415,0
26389,2.6491,0
26390,2.3166,0
26391,2.5906,0
26392,2.4702,0
26393,2.6497,0
26394,2.9033,0
26395,2.8307,0
26396,2.4037,0
26397,2.5834,0
26398,2.5320,0
26399,2.9248,0
26400,2.3516,0
26401,2.6608,0
26402,2.4486,0
26403,2.5956,0
26404,2.5057,0
26405,2.4903,0
26406,2.6477,0
26407,2.8303,0
26408,2.5530,0
26409,2.5107,0
26410,2.8190,0
26411,2.6807,0
26412,2.4847,0
26413,2.7779,0
26414,2.7648,0
26415,2.5356,0
26416,2.8700,0
26417,2.6631,0
26418,2.3848,0
26419,2.8584,0
26420,2.3471,0
26421,2.8055,0
26422,2.3881,0
26423,2.5287,0
26424,2.7087,0
26425,2.5482,0
26426,2.5429,0
26427,2.8650,0
26428,2.9318,0
26429,2.7572,0
26430,2.4163,0
26431,2.6025,0
26432,2.9741,0
26433,2.3939,0
26434,2.3007,0
26435,2.3475,0
26436,2.2764,0
26437,2.2211,0
26438,2.6109,0
26439,2.3503,0
26440,2.5159,0
26441,2.5385,0
26442,2.4926,0
26443,2.8404,0
26444,2.5916,0
26445,2.8096,0
26446,2.6304,0
26447,2.5835,0
26448,2.2008,0
26449,2.7630,0
26450,2.9608,0
26451,2.8022,0
26452,2.7316,0
26453,3.3836,0
26454,2.6978,0
26455,2.4236,0
26456,2.2888,0
26457,2.4136,0
26458,2.9455,0
26459,2.4610,0
26460,2.6028,0
26461,2.4879,0
26462,2.4528,0
26463,2.5901,0
26464,2.3209,0
26465,2.2920,0
26466,2.3778,0
26467,2.6011,0
26468,2.5371,0
26469,2.3575,0
26470,2.5304,0
26471,2.5336,0
26472,2.7365,0
26473,2.2963,0
26474,2.3736,0
26475,2.5302,0
26476,2.9331,0
26477,2.2258,0
26478,2.1630,0
26479,2.1195,0
26480,2.3121,0
26481,2.2548,0
26482,2.4974,0
26483,2.7370,0
26484,2.4537,0
26485,2.4095,0
26486,2.2863,0
26487,2.5698,0
26488,2.5553,0
26489,2.6991,0
26490,2.3711,0
26491,2.2618,0
26492,2.5010,0
26493,2.7575,0
26494,2.5177,0
26495,2.3094,0
26496,2.5100,0
26497,2.5357,0
26498,2.3870,0
26499,2.4170,0
26500,2.2944,0
26501,2.3515,0
26502,2.4605,0
26503,2.3221,0
26504,2.4524,0
26505,2.4796,0
26506,2.5430,0
26507,2.6883,0
26508,2.4873,0
26509,2.6942,0
26510,2.6438,0
26511,2.3779,0
26512,2.3633,0
26513,2.4388,0
26514,2.3550,0
26515,2.2264,0
26516,2.2632,0
26517,2.6662,0
26518,2.2986,0
26519,2.5269,0
26520,2.3849,0
26521,2.6088,0
26522,2.5765,0
26523,2.5472,0
26524,2.5843,0
26525,2.6242,0
26526,2.5691,0
26527,2.3308,0
26528,2.3171,0
26529,2.4536,0
26530,2.3388,0
26531,2.6795,0
26532,2.8227,0
26533,2.5828,0
26534,2.7899,0
26535,2.8379,0
26536,2.5746,0
26537,2.7200,0
26538,2.5679,0
26539,2.2729,0
26540,2.3736,0
26541,2.3472,0
26542,2.4287,0
26543,2.4112,0
26544,2.6128,0
26545,2.5765,0
26546,2.4897,0
26547,2.4299,0
26548,2.4693,0
26549,2.4380,0
26550,2.2032,0
26551,2.3505,0
26552,2.2983,0
26553,2.2990,0
26554,2.6062,0
26555,2.5108,0
26556,2.5624,0
26557,2.4297,0
26558,2.3167,0
26559,2.4802,0
26560,2.3902,0
26561,2.4405,0
26562,2.6969,0
26563,2.4213,0
26564,3.1796,0
26565,2.6861,0
26566,2.4203,0
26567,2.4095,0
26568,2.3498,0
26569,2.7177,0
26570,2.6260,0
26571,2.4601,0
26572,2.4691,0
26573,2.4822,0
26574,2.2838,0
26575,2.4292,0
26576,2.7168,0
26577,2.3462,0
26578,2.4327,0
26579,2.3687,0
26580,2.3706,0
26581,3.0349,0
26582,2.6376,0
26583,2.5835,0
26584,2.4727,0
26585,2.3913,0
26586,2.7279,0
26587,2.6698,0
26588,2.2860,0
26589,2.3893,0
26590,2.2605,0
26591,2.7908,0
26592,2.3723,0
26593,2.2607,0
26594,2.2613,0
26595,2.4015,0
26596,2.4278,0
26597,2.4454,0
26598,2.2022,0
26599,2.2056,0
26600,2.0626,0
26601,2.7438,0
26602,2.4114,0
26603,2.7591,0
26604,2.2922,0
26605,2.3855,0
26606,2.4874,0
26607,2.5734,0
26608,2.5500,0
26609,2.5626,0
26610,2.7112,0
26611,2.3394,0
26612,2.4877,0
26613,2.4036,0
26614,2.8313,0
26615,2.6584,0
26616,2.4940,0
26617,2.4336,0
26618,2.7420,0
26619,2.4392,0
26620,2.5252,0
26621,2.5408,0
26622,2.3219,0
26623,2.5821,0
26624,2.5721,0
26625,2.7654,0
26626,2.3009,0
26627,2.4342,0
26628,2.2552,0
26629,2.2808,0
26630,2.1698,0
26631,2.2445,0
26632,2.1740,0
26633,2.4524,0
26634,2.8835,0
26635,2.6134,0
26636,2.9457,0
26637,2.5698,0
26638,2.5623,0
26639,2.6053,0
26640,2.4543,0
26641,2.4885,0
26642,2.4660,0
26643,2.7281,0
26644,2.4812,0
26645,2.3889,0
26646,2.3671,0
26647,2.2533,0
26648,2.4959,0
26649,2.3792,0
26650,2.3120,0
26651,2.7404,0
26652,2.2670,0
26653,2.4536,0
26654,2.4038,0
26655,2.3716,0
26656,2.6760,0
26657,2.5625,0
26658,2.5346,0
26659,2.4388,0
26660,2.4982,0
26661,2.4806,0
26662,2.1955,0
26663,2.4214,0
26664,2.4464,0
26665,2.5592,0
26666,2.6598,0
26667,2.4636,0
26668,2.3745,0
26669,2.7800,0
26670,2.6325,0
26671,2.5268,0
26672,2.3434,0
26673,2.6830,0
26674,2.5330,0
26675,2.4793,0
26676,2.4140,0
26677,2.2838,0
26678,2.6906,0
26679,2.2714,0
26680,2.4229,0
26681,2.4460,0
26682,2.3177,0
26683,3.0356,0
26684,2.9393,0
26685,2.4749,0
26686,2.4375,0
26687,2.5453,0
26688,2.7794,0
26689,2.3476,0
26690,2.4796,0
26691,2.4121,0
26692,2.3761,0
26693,2.3465,0
26694,2.3516,0
26695,2.2502,0
26696,2.3494,0
26697,2.5388,0
26698,2.4646,0
26699,2.3755,0
26700,2.5172,0
26701,2.5801,0
26702,2.6978,0
26703,2.3134,0
26704,2.3285,0
26705,2.4331,0
26706,2.3712,0
26707,2.4031,0
26708,3.2506,0
26709,2.5832,0
26710,2.5352,0
26711,2.5139,0
26712,2.5740,0
26713,2.4922,0
26714,2.6388,0
26715,2.5262,0
26716,2.3540,0
26717,2.4479,0
26718,2.6255,0
26719,2.4284,0
26720,2.3880,0
26721,2.4783,0
26722,2.4736,0
26723,2.5865,0
26724,2.5826,0
26725,2.5127,0
26726,3.0389,0
26727,2.3992,0
26728,2.3747,0
26729,3.0151,0
26730,2.2404,0
26731,2.3796,0
26732,2.3006,0
26733,2.6186,0
26734,2.6429,0
26735,2.5068,0
26736,2.6665,0
26737,2.7265,0
26738,2.3613,0
26739,2.4004,0
26740,2.6344,0
26741,2.7605,0
26742,2.8429,0
26743,2.2538,0
26744,2.3626,0
26745,2.5496,0
26746,2.3569,0
26747,2.5700,0
26748,2.5356,0
26749,2.5912,0
26750,2.4478,0
26751,2.3729,0
26752,2.4003,0
26753,2.4869,0
26754,2.8383,0
26755,2.2348,0
26756,2.3848,0
26757,2.5467,0
26758,2.4392,0
26759,2.4866,0
26760,2.3912,0
26761,2.6394,0
26762,2.2103,0
26763,2.5133,0
26764,2.8536,0
26765,2.5545,0
26766,2.7782,0
26767,2.4029,0
26768,2.2074,0
26769,2.5391,0
26770,2.5597,0
26771,2.6345,0
26772,2.4952,0
26773,2.5447,0
26774,2.8752,0
26775,2.5319,0
26776,2.3808,0
26777,3.3603,0
26778,2.5846,0
26779,2.3276,0
26780,2.3123,0
26781,2.3364,0
26782,2.5923,0
26783,2.3107,0
26784,2.2808,0
26785,2.3810,0
26786,2.3113,0
26787,2.4041,0
26788,2.5837,0
26789,2.4468,0
26790,2.5609,0
26791,2.5511,0
26792,2.5354,0
26793,2.4617,0
26794,2.5893,0
26795,2.8909,0
26796,2.6250,0
26797,2.4494,0
26798,2.6725,0
26799,2.5941,0
26800,2.5521,0
26801,2.2181,0
26802,2.5966,0
26803,2.4913,0
26804,2.4138,0
26805,2.4632,0
26806,2.3887,0
26807,2.7813,0
26808,2.6310,0
26809,2.5157,0
26810,2.3325,0
26811,2.6022,0
26812,2.4363,0
26813,2.7009,0
26814,2.6231,0
26815,2.6843,0
26816,2.4856,0
26817,2.6532,0
26818,2.5654,0
26819,2.3589,0
26820,2.6047,0
26821,2.6045,0
26822,2.5270,0
26823,2.3767,0
26824,2.2957,0
26825,2.4847,0
26826,2.5884,0
26827,2.3921,0
26828,2.5275,0
26829,2.5301,0
26830,2.7141,0
26831,2.5328,0
26832,2.8583,0
26833,2.8165,0
26834,2.5541,0
26835,2.5680,0
26836,2.3173,0
26837,2.3366,0
26838,2.3654,0
26839,2.3939,0
26840,2.3696,0
26841,2.3462,0
26842,2.6075,0
26843,2.4026,0
26844,2.4938,0
26845,2.4547,0
26846,2.4664,0
26847,2.3199,0
26848,2.3363,0
26849,2.3953,0
26850,2.8646,0
26851,2.5735,0
26852,2.3801,0
26853,2.3438,0
26854,2.4056,0
26855,2.3470,0
26856,2.2498,0
26857,2.4919,0
26858,2.4932,0
26859,2.5750,0
26860,2.5269,0
26861,2.5734,0
26862,2.5115,0
26863,2.4205,0
26864,2.5239,0
26865,2.7389,0
26866,2.4804,0
26867,2.5611,0
26868,2.5262,0
26869,2.4018,0
26870,2.2908,0
26871,2.3844,0
26872,2.3231,0
26873,2.6609,0
26874,2.2171,0
26875,2.3654,0
26876,2.4541,0
26877,2.3933,0
26878,2.6359,0
26879,2.3829,0
26880,2.4320,0
26881,2.6113,0
26882,2.4717,0
26883,2.3428,0
26884,2.4686,0
26885,2.3648,0
26886,2.3256,0
26887,2.2217,0
26888,2.7148,0
26889,2.9656,0
26890,2.5835,0
26891,2.4388,0
26892,2.3323,0
26893,2.4928,0
26894,2.6258,0
26895,2.4696,0
26896,2.4978,0
26897,2.6972,0
26898,2.7077,0
26899,3.0637,0
26900,2.4777,0
26901,2.4861,0
26902,2.3223,0
26903,3.0279,0
26904,2.1563,0
26905,2.5358,0
26906,2.3400,0
26907,2.4030,0
26908,2.4796,0
26909,2.3968,0
26910,2.4011,0
26911,2.2345,0
26912,2.2554,0
26913,2.5870,0
26914,2.3365,0
26915,2.4515,0
26916,2.5483,0
26917,2.3651,0
26918,2.5854,0
26919,2.5553,0
26920,2.4409,0
26921,2.8128,0
26922,2.8514,0
26923,2.3649,0
26924,2.2986,0
26925,2.2739,0
26926,2.2876,0
26927,2.5371,0
26928,2.2249,0
26929,2.4660,0
26930,2.7050,0
26931,2.4601,0
26932,2.6846,0
26933,2.2812,0
26934,2.6770,0
26935,2.3111,0
26936,2.3251,0
26937,2.3119,0
26938,2.3444,0
26939,2.5732,0
26940,2.3886,0
26941,2.4925,0
26942,2.4158,0
26943,2.4218,0
26944,2.5429,0
26945,2.5658,0
26946,2.6914,0
26947,2.3980,0
26948,2.2055,0
26949,2.2310,0
26950,2.4336,0
26951,2.7948,0
26952,2.3306,0
26953,2.5031,0
26954,2.3085,0
26955,2.7222,0
26956,2.5953,0
26957,3.0084,0
26958,2.6117,0
26959,2.6241,0
26960,2.3720,0
26961,2.4800,0
26962,2.9011,0
26963,2.4372,0
26964,2.6279,0
26965,2.2268,0
26966,2.3704,0
26967,2.7335,0
26968,2.4104,0
26969,2.6742,0
26970,2.5888,0
26971,2.3839,0
26972,2.5042,0
26973,2.8032,0
26974,2.4939,0
26975,2.3540,0
26976,2.3703,0
26977,2.3351,0
26978,2.3543,0
26979,2.6156,0
26980,2.4529,0
26981,2.4483,0
26982,2.4494,0
26983,2.4350,0
26984,2.4134,0
26985,2.2683,0
26986,2.5092,0
26987,2.5919,0
26988,2.6275,0
26989,2.4006,0
26990,2.4091,0
26991,3.0627,0
26992,2.3735,0
26993,2.4989,0
26994,2.3220,0
26995,2.3258,0
26996,2.6628,0
26997,2.6763,0
26998,2.6075,0
26999,2.7208,0
27000,2.7818,0
27001,2.5237,0
27002,2.6815,0
27003,2.3243,0
27004,2.5942,0
27005,2.5413,0
27006,2.4173,0
27007,2.7448,0
27008,2.5229,0
27009,2.5421,0
27010,2.2683,0
27011,2.2769,0
27012,2.2776,0
27013,2.1725,0
27014,2.4797,0
27015,2.2080,0
27016,2.4789,0
27017,2.1703,0
27018,2.5001,0
27019,2.5154,0
27020,2.7687,0
27021,2.5910,0
27022,3.2312,0
27023,2.9342,0
27024,3.0592,0
27025,3.2194,0
27026,2.8599,0
27027,3.3568,0
27028,3.5059,0
27029,2.7440,0
27030,3.2638,0
27031,3.0900,0
27032,3.1012,0
27033,2.9120,0
27034,2.7851,0
27035,3.2392,0
27036,2.9698,0
27037,2.6453,0
27038,3.1982,0
27039,3.0350,0
27040,2.9624,0
27041,3.0165,0
27042,3.2271,0
27043,2.9581,0
27044,3.4292,0
27045,3.4404,0
27046,2.8911,0
27047,3.0053,0
27048,3.0218,0
27049,2.9447,0
27050,3.2243,0
27051,2.6725,0
27052,3.0835,0
27053,3.0819,0
27054,2.7698,0
27055,3.6441,0
27056,2.8691,0
27057,3.1543,0
27058,2.6448,0
27059,2.7847,0
27060,2.3347,0
27061,2.4324,0
27062,2.3898,0
27063,2.6046,0
27064,2.6413,0
27065,2.3961,0
27066,3.0530,0
27067,2.7647,0
27068,2.5600,0
27069,2.6143,0
27070,2.4257,0
27071,2.2680,0
27072,2.2797,0
27073,2.4219,0
27074,2.5033,0
27075,2.5233,0
27076,2.4298,0
27077,3.0166,0
27078,2.1543,0
27079,2.8122,0
27080,3.9083,0
27081,2.8327,0
27082,2.9763,0
27083,2.6841,0
27084,2.6695,0
27085,2.6365,0
27086,2.9233,0
27087,2.8806,0
27088,3.0004,0
27089,2.4855,0
27090,2.8302,0
27091,2.4952,0
27092,2.4747,0
27093,2.8491,0
27094,2.6263,0
27095,3.0809,0
27096,2.5643,0
27097,3.3121,0
27098,2.3169,0
27099,2.8512,0
27100,2.4082,0
27101,2.8065,0
27102,3.2771,0
27103,2.9974,0
27104,2.5209,0
27105,2.5530,0
27106,2.9315,0
27107,2.2680,0
27108,2.8697,0
27109,2.7730,0
27110,2.6288,0
27111,2.6418,0
27112,3.2135,0
27113,2.4945,0
27114,3.0378,0
27115,2.8765,0
27116,2.2360,0
27117,2.3127,0
27118,2.2919,0
27119,2.9562,0
27120,2.3001,0
27121,2.2630,0
27122,2.3577,0
27123,2.4114,0
27124,2.5237,0
27125,3.2784,0
27126,2.6768,0
27127,2.9691,0
27128,2.9946,0
27129,2.9070,0
27130,2.4109,0
27131,2.9504,0
27132,2.6219,0
27133,2.8741,0
27134,2.8944,0
27135,2.9139,0
27136,2.8154,0
27137,3.2582,0
27138,3.2096,0
27139,3.2594,0
27140,3.0714,0
27141,2.8967,0
27142,3.2167,0
27143,3.0689,0
27144,3.0622,0
27145,2.6253,0
27146,2.5672,0
27147,3.2090,0
27148,3.2739,0
27149,2.8953,0
27150,3.5010,0
27151,2.8664,0
27152,3.1511,0
27153,3.1706,0
27154,2.8645,0
27155,2.5085,0
27156,3.1845,0
27157,2.2811,0
27158,2.8937,0
27159,3.1918,0
27160,2.7762,0
27161,2.3748,0
27162,2.7422,0
27163,2.4222,0
27164,2.6189,0
27165,2.4083,0
27166,2.2342,0
27167,2.4676,0
27168,2.5201,0
27169,2.5171,0
27170,2.5589,0
27171,2.4886,0
27172,2.5655,0
27173,3.1525,0
27174,2.2788,0
27175,3.2971,0
27176,3.5812,0
27177,2.6948,0
27178,3.0206,0
27179,2.9548,0
27180,3.1466,0
27181,3.0670,0
27182,2.7725,0
27183,3.1822,0
27184,2.8791,0
27185,2.9657,0
27186,3.0455,0
27187,3.0673,0
27188,2.9226,0
27189,3.2370,0
27190,2.9978,0
27191,3.7141,0
27192,2.9960,0
27193,2.8527,0
27194,3.2368,0
27195,3.1459,0
27196,2.9734,0
27197,3.3332,0
27198,3.1357,0
27199,2.7259,0
27200,2.9916,0
27201,2.7885,0
27202,2.9103,0
27203,2.4772,0
27204,2.7089,0
27205,2.4861,0
27206,2.5384,0
27207,2.6456,0
27208,2.7772,0
27209,2.6656,0
27210,2.6528,0
27211,2.4130,0
27212,2.6237,0
27213,2.8027,0
27214,2.3864,0
27215,2.4869,0
27216,2.5050,0
27217,2.6285,0
27218,3.0100,0
27219,3.4027,0
27220,2.9032,0
27221,2.8309,0
27222,2.7645,0
27223,3.2398,0
27224,3.2912,0
27225,3.7747,0
27226,3.0245,0
27227,2.7794,0
27228,2.8959,0
27229,3.2339,0
27230,2.9443,0
27231,2.8758,0
27232,3.0135,0
27233,3.1079,0
27234,2.8803,0
27235,3.2960,0
27236,2.8218,0
27237,3.2265,0
27238,3.0951,0
27239,3.8112,0
27240,2.9700,0
27241,2.6581,0
27242,3.0422,0
27243,2.7786,0
27244,3.7982,0
27245,2.6111,0
27246,3.0962,0
27247,2.4063,0
27248,2.6279,0
27249,2.6110,0
27250,2.7431,0
27251,2.2797,0
27252,2.4365,0
27253,2.2680,0
27254,2.2790,0
27255,2.4372,0
27256,2.1877,0
27257,2.3233,0
27258,2.3232,0
27259,2.6478,0
27260,2.5968,0
27261,2.3530,0
27262,2.4993,0
27263,2.4200,0
27264,2.3141,0
27265,2.4814,0
27266,2.4096,0
27267,2.5622,0
27268,2.2632,0
27269,2.6373,0
27270,3.2138,0
27271,2.3802,0
27272,2.2003,0
27273,2.2173,0
27274,2.3876,0
27275,2.3877,0
27276,2.1842,0
27277,2.3275,0
27278,2.4022,0
27279,2.3631,0
27280,2.2279,0
27281,2.3145,0
27282,2.3396,0
27283,2.3402,0
27284,2.2662,0
27285,2.3162,0
27286,2.3016,0
27287,2.2701,0
27288,2.6117,0
27289,2.2793,0
27290,2.4841,0
27291,2.2946,0
27292,2.1386,0
27293,2.0560,0
27294,2.3899,0
27295,2.3535,0
27296,2.4019,0
27297,2.3217,0
27298,2.2261,0
27299,2.3483,0
27300,2.2362,0
27301,3.0303,0
27302,2.5195,0
27303,2.3005,0
27304,2.4496,0
27305,2.4764,0
27306,2.3865,0
27307,2.4168,0
27308,2.2400,0
27309,2.4640,0
27310,2.1348,0
27311,2.2831,0
27312,2.4386,0
27313,2.3382,0
27314,2.5138,0
27315,2.2380,0
27316,2.3072,0
27317,2.4024,0
27318,2.2238,0
27319,2.1499,0
27320,2.3587,0
27321,2.4698,0
27322,2.2357,0
27323,2.6993,0
27324,2.3434,0
27325,2.1908,0
27326,2.2948,0
27327,2.1995,0
27328,2.2589,0
27329,2.4784,0
27330,2.1965,0
27331,2.4078,0
27332,2.3320,0
27333,2.4069,0
27334,2.3612,0
27335,2.3116,0
27336,2.4143,0
27337,2.2953,0
27338,2.6277,0
27339,2.1703,0
27340,2.7774,0
27341,2.8583,0
27342,3.1680,0
27343,3.2431,0
27344,2.8642,0
27345,3.1531,0
27346,2.9833,0
27347,3.0450,0
27348,2.9238,0
27349,2.8878,0
27350,2.9228,0
27351,2.5519,0
27352,2.9653,0
27353,3.0024,0
27354,2.7162,0
27355,3.2045,0
27356,3.1204,0
27357,2.8713,0
27358,2.7961,0
27359,3.1971,0
27360,2.6850,0
27361,3.0216,0
27362,2.7718,0
27363,2.6599,0
27364,2.7886,0
27365,2.7483,0
27366,3.1222,0
27367,2.8382,0
27368,2.6803,0
27369,2.9053,0
27370,2.6726,0
27371,2.8815,0
27372,2.4037,0
27373,2.7877,0
27374,2.5526,0
27375,2.3143,0
27376,2.3334,0
27377,2.1374,0
27378,2.9991,0
27379,2.3122,0
27380,2.6293,0
27381,2.7800,0
27382,2.3442,0
27383,2.3030,0
27384,2.2622,0
27385,2.3788,0
27386,2.9488,0
27387,2.3494,0
27388,2.8540,0
27389,2.3509,0
27390,2.9622,0
27391,2.7226,0
27392,2.3850,0
27393,2.4787,0
27394,2.9790,0
27395,2.6651,0
27396,2.2034,0
27397,2.9256,0
27398,2.2392,0
27399,2.6569,0
27400,2.1265,0
27401,2.1998,0
27402,2.2681,0
27403,2.8410,0
27404,2.3956,0
27405,2.2326,0
27406,2.4240,0
27407,2.4246,0
27408,2.8355,0
27409,2.2299,0
27410,2.6001,0
27411,2.4557,0
27412,2.3261,0
27413,2.8463,0
27414,2.2682,0
27415,2.9422,0
27416,2.4155,0
27417,2.5191,0
27418,2.2947,0
27419,2.9265,0
27420,2.4419,0
27421,2.3569,0
27422,2.8741,0
27423,2.6830,0
27424,2.8687,0
27425,3.0947,0
27426,3.6507,0
27427,2.6549,0
27428,3.2495,0
27429,3.0268,0
27430,3.2068,0
27431,2.6537,0
27432,3.0825,0
27433,2.5796,0
27434,2.5702,0
27435,2.1686,0
27436,2.1099,0
27437,2.8498,0
27438,3.1812,0
27439,2.6428,0
27440,2.9825,0
27441,2.3556,0
27442,3.7734,0
27443,2.5162,0
27444,2.9223,0
27445,2.7270,0
27446,2.4832,0
27447,2.8586,0
27448,2.5548,0
27449,2.3737,0
27450,2.6851,0
27451,2.2108,0
27452,2.4332,0
27453,2.6109,0
27454,2.4909,0
27455,2.2290,0
27456,2.5626,0
27457,2.5501,0
27458,2.7913,0
27459,2.3640,0
27460,2.7974,0
27461,2.1762,0
27462,2.3374,0
27463,2.6613,0
27464,2.4405,0
27465,2.2561,0
27466,2.4577,0
27467,3.1739,0
27468,2.4610,0
27469,3.0532,0
27470,2.7119,0
27471,2.7321,0
27472,3.4202,0
27473,2.4101,0
27474,2.7750,0
27475,2.7155,0
27476,3.0023,0
27477,3.1653,0
27478,2.7461,0
27479,3.4210,0
27480,3.0820,0
27481,2.8501,0
27482,3.0613,0
27483,2.8034,0
27484,2.7471,0
27485,2.9573,0
27486,2.8993,0
27487,3.1593,0
27488,2.8856,0
27489,2.8108,0
27490,3.4608,0
27491,3.2712,0
27492,2.8089,0
27493,2.5259,0
27494,2.4493,0
27495,3.0722,0
27496,2.6977,0
27497,3.1998,0
27498,2.9027,0
27499,3.2899,0
27500,2.9114,0
27501,3.3760,0
27502,2.8460,0
27503,3.1755,0
27504,2.4127,0
27505,2.4349,0
27506,2.3412,0
27507,2.3070,0
27508,2.5867,0
27509,2.2939,0
27510,2.2593,0
27511,2.2814,0
27512,2.1379,0
27513,2.2664,0
27514,2.3776,0
27515,2.3133,0
27516,2.3525,0
27517,2.2595,0
27518,2.2572,0
27519,2.5250,0
27520,2.6064,0
27521,2.2947,0
27522,2.4152,0
27523,2.5442,0
27524,2.4776,0
27525,2.2779,0
27526,2.7770,0
27527,2.9517,0
27528,2.4701,0
27529,2.6155,0
27530,3.1494,0
27531,2.7601,0
27532,2.5554,0
27533,3.0229,0
27534,3.1712,0
27535,3.1547,0
27536,2.6153,0
27537,3.3872,0
27538,2.5987,0
27539,3.1159,0
27540,3.2455,0
27541,2.8027,0
27542,2.3857,0
27543,2.7081,0
27544,2.2965,0
27545,2.3768,0
27546,2.4694,0
27547,2.4454,0
27548,2.4741,0
27549,2.2413,0
27550,2.7470,0
27551,2.4994,0
27552,2.9482,0
27553,3.1605,0
27554,2.5765,0
27555,2.9041,0
27556,2.6157,0
27557,2.9926,0
27558,3.2313,0
27559,2.7116,0
27560,3.0956,0
27561,3.2526,0
27562,2.7073,0
27563,3.2307,0
27564,2.7747,0
27565,2.8390,0
27566,2.6493,0
27567,2.6665,0
27568,2.9972,0
27569,3.1441,0
27570,3.3000,0
27571,2.3874,0
27572,2.9902,0
27573,2.7311,0
27574,2.4748,0
27575,2.8598,0
27576,2.9658,0
27577,3.0984,0
27578,2.3095,0
27579,2.9283,0
27580,2.4166,0
27581,2.3026,0
27582,3.1938,0
27583,2.8318,0
27584,3.0244,0
27585,2.7973,0
27586,2.5784,0
27587,3.1618,0
27588,2.7006,0
27589,2.7953,0
27590,2.7060,0
27591,2.6457,0
27592,2.5378,0
27593,2.6737,0
27594,3.2773,0
27595,2.9619,0
27596,3.2684,0
27597,2.9657,0
27598,2.5608,0
27599,2.6506,0
27600,2.6811,0
27601,3.0585,0
27602,2.4926,0
27603,2.7952,0
27604,2.4764,0
27605,2.9503,0
27606,3.3306,0
27607,2.5959,0
27608,2.5742,0
27609,2.9989,0
27610,2.7403,0
27611,2.3469,0
27612,2.7893,0
27613,2.7571,0
27614,2.4288,0
27615,2.4652,0
27616,2.6160,0
27617,2.6303,0
27618,2.7856,0
27619,2.6100,0
27620,2.7097,0
27621,3.0499,0
27622,2.8527,0
27623,2.9818,0
27624,3.1343,0
27625,2.5746,0
27626,3.7833,0
27627,3.0630,0
27628,3.5739,0
27629,2.9496,0
27630,2.7461,0
27631,2.5028,0
27632,2.5379,0
27633,2.2544,0
27634,3.3512,0
27635,2.6752,0
27636,2.8467,0
27637,2.8710,0
27638,2.5492,0
27639,2.6864,0
27640,2.7949,0
27641,2.5393,0
27642,2.4527,0
27643,2.5723,0
27644,2.4202,0
27645,2.4023,0
27646,2.2993,0
27647,2.7936,0
27648,2.4434,0
27649,2.3539,0
27650,2.9560,0
27651,2.3408,0
27652,2.0950,0
27653,2.3140,0
27654,2.3722,0
27655,2.4434,0
27656,2.3123,0
27657,2.2884,0
27658,2.8210,0
27659,2.1533,0
27660,2.7807,0
27661,2.7680,0
27662,2.4425,0
27663,2.8846,0
27664,2.8030,0
27665,3.1384,0
27666,2.5969,0
27667,2.7477,0
27668,2.3425,0
27669,2.7373,0
27670,2.6624,0
27671,2.2566,0
27672,2.8179,0
27673,2.3734,0
27674,2.5928,0
27675,2.7721,0
27676,3.1576,0
27677,2.6125,0
27678,2.8825,0
27679,2.8203,0
27680,2.9303,0
27681,2.9398,0
27682,2.7512,0
27683,3.0775,0
27684,2.7610,0
27685,2.8969,0
27686,3.0679,0
27687,2.9858,0
27688,2.8147,0
27689,2.3592,0
27690,2.9586,0
27691,2.3532,0
27692,2.8245,0
27693,2.2766,0
27694,2.4552,0
27695,2.4969,0
27696,2.1060,0
27697,2.3143,0
27698,2.0699,0
27699,2.3429,0
27700,2.3135,0
27701,2.2991,0
27702,2.3135,0
27703,2.4055,0
27704,2.3563,0
27705,2.4353,0
27706,2.3805,0
27707,2.8679,0
27708,2.4263,0
27709,2.9340,0
27710,2.9992,0
27711,3.0165,0
27712,2.3337,0
27713,2.5172,0
27714,3.0575,0
27715,3.1881,0
27716,2.4643,0
27717,2.8447,0
27718,2.6858,0
27719,3.1609,0
27720,2.6876,0
27721,3.0577,0
27722,3.1517,0
27723,2.5375,0
27724,2.3798,0
27725,2.7303,0
27726,3.4584,0
27727,2.9122,0
27728,3.3420,0
27729,3.2289,0
27730,3.1765,0
27731,3.1291,0
27732,3.1583,0
27733,3.1838,0
27734,2.7522,0
27735,2.8676,0
27736,3.3197,0
27737,2.3810,0
27738,2.6010,0
27739,2.5768,0
27740,2.2423,0
27741,2.4556,0
27742,2.4417,0
27743,2.4142,0
27744,2.7242,0
27745,2.2852,0
27746,2.4317,0
27747,2.4423,0
27748,2.5132,0
27749,2.4600,0
27750,2.4993,0
27751,2.5382,0
27752,2.5427,0
27753,2.5950,0
27754,2.3242,0
27755,2.4965,0
27756,2.3541,0
27757,2.2061,0
27758,3.4386,0
27759,2.8119,0
27760,2.9998,0
27761,2.8626,0
27762,3.2920,0
27763,3.0683,0
27764,2.9278,0
27765,2.7423,0
27766,2.3816,0
27767,2.4485,0
27768,2.9571,0
27769,2.9920,0
27770,3.4868,0
27771,3.1090,0
27772,3.7927,0
27773,2.7030,0
27774,3.2389,0
27775,2.2699,0
27776,2.4108,0
27777,2.7576,0
27778,2.7029,0
27779,2.4027,0
27780,2.8472,0
27781,2.2804,0
27782,2.8284,0
27783,2.4961,0
27784,2.7499,0
27785,2.7022,0
27786,2.3246,0
27787,2.4628,0
27788,2.8055,0
27789,2.9899,0
27790,2.5881,0
27791,2.6521,0
27792,2.6027,0
27793,2.5475,0
27794,2.7176,0
27795,2.7175,0
27796,3.0975,0
27797,2.3594,0
27798,2.7090,0
27799,2.7781,0
27800,3.3905,0
27801,2.6528,0
27802,2.8138,0
27803,2.5616,0
27804,2.7477,0
27805,2.8209,0
27806,3.0005,0
27807,2.8182,0
27808,3.4243,0
27809,2.6332,0
27810,2.5158,0
27811,3.3317,0
27812,3.1805,0
27813,3.3974,0
27814,2.3426,0
27815,2.6439,0
27816,2.5736,0
27817,3.5716,0
27818,2.6812,0
27819,3.2307,0
27820,2.6406,0
27821,2.8396,0
27822,2.7884,0
27823,2.9894,0
27824,2.4673,0
27825,2.1974,0
27826,2.3426,0
27827,2.4311,0
27828,3.2557,0
27829,2.4954,0
27830,2.3808,0
27831,2.7898,0
27832,2.2211,0
27833,2.5124,0
27834,2.7102,0
27835,2.7646,0
27836,2.8989,0
27837,2.7043,0
27838,2.7156,0
27839,2.9741,0
27840,3.0096,0
27841,2.5956,0
27842,3.1703,0
27843,2.6740,0
27844,2.6276,0
27845,2.8406,0
27846,2.6555,0
27847,2.9811,0
27848,3.2249,0
27849,3.0764,0
27850,3.1930,0
27851,3.0983,0
27852,2.8074,0
27853,3.3763,0
27854,2.7902,0
27855,3.0491,0
27856,2.7031,0
27857,2.9045,0
27858,2.3980,0
27859,2.5362,0
27860,3.1980,0
27861,2.6874,0
27862,3.1157,0
27863,2.6416,0
27864,2.4232,0
27865,2.5150,0
27866,2.4971,0
27867,2.5754,0
27868,2.6542,0
27869,2.5880,0
27870,2.4959,0
27871,2.5524,0
27872,3.3454,0
27873,3.2502,0
27874,3.0069,0
27875,3.4515,0
27876,2.6019,0
27877,3.1809,0
27878,3.3328,0
27879,3.6335,0
27880,3.3402,0
27881,2.9062,0
27882,3.2763,0
27883,2.5390,0
27884,3.4322,0
27885,2.7463,0
27886,4.1851,0
27887,3.4423,0
27888,4.5375,0
27889,3.4245,0
27890,3.7202,0
27891,3.9233,0
27892,3.0793,0
27893,3.5667,0
27894,3.1318,0
27895,3.2046,0
27896,3.3820,0
27897,2.9384,0
27898,2.6747,0
27899,2.7977,0
27900,2.9407,0
27901,3.5205,0
27902,2.6062,0
27903,3.2369,0
27904,2.6733,0
27905,2.6028,0
27906,2.4925,0
27907,2.8283,0
27908,2.4629,0
27909,2.5715,0
27910,2.3140,0
27911,2.3608,0
27912,2.5245,0
27913,2.5196,0
27914,2.4310,0
27915,2.8449,0
27916,3.3789,0
27917,3.3833,0
27918,3.1272,0
27919,3.3755,0
27920,2.7140,0
27921,3.0936,0
27922,3.1480,0
27923,3.1821,0
27924,2.8482,0
27925,2.8368,0
27926,3.0067,0
27927,2.4016,0
27928,2.6451,0
27929,2.5936,0
27930,2.9388,0
27931,2.4345,0
27932,3.0197,0
27933,2.5093,0
27934,2.5934,0
27935,2.3726,0
27936,2.3979,0
27937,2.5438,0
27938,2.5930,0
27939,2.7369,0
27940,3.0174,0
27941,2.4236,0
27942,2.3766,0
27943,2.5372,0
27944,2.4050,0
27945,3.1664,0
27946,3.1283,0
27947,3.5009,0
27948,2.6351,0
27949,3.0383,0
27950,2.7241,0
27951,3.4112,0
27952,2.9355,0
27953,3.5426,0
27954,3.2427,0
27955,3.1862,0
27956,3.0756,0
27957,2.7321,0
27958,2.9200,0
27959,2.7223,0
27960,2.6752,0
27961,2.9286,0
27962,2.7029,0
27963,3.2280,0
27964,3.0849,0
27965,2.6244,0
27966,2.4032,0
27967,2.7272,0
27968,2.4222,0
27969,2.7937,0
27970,2.4293,0
27971,2.8720,0
27972,2.7882,0
27973,2.9389,0
27974,3.3860,0
27975,3.4144,0
27976,2.6797,0
27977,2.5093,0
27978,2.4063,0
27979,2.2061,0
27980,2.2835,0
27981,2.8635,0
27982,2.3354,0
27983,2.7720,0
27984,2.9106,0
27985,3.2538,0
27986,2.3873,0
27987,3.0593,0
27988,3.3321,0
27989,3.3079,0
27990,2.6327,0
27991,3.1902,0
27992,2.4496,0
27993,2.7946,0
27994,2.2868,0
27995,2.8612,0
27996,2.8450,0
27997,2.7796,0
27998,2.7946,0
27999,3.1897,0
28000,3.1739,0
28001,2.8583,0
28002,2.9220,0
28003,2.8351,0
28004,3.3851,0
28005,3.1687,0
28006,2.4114,0
28007,2.8784,0
28008,2.4485,0
28009,2.7068,0
28010,2.5419,0
28011,2.6087,0
28012,2.6567,0
28013,2.6434,0
28014,2.5929,0
28015,3.0945,0
28016,3.0527,0
28017,3.2801,0
28018,2.8874,0
28019,3.0118,0
28020,3.0497,0
28021,2.8299,0
28022,2.6862,0
28023,3.4257,0
28024,3.0805,0
28025,2.7803,0
28026,2.8401,0
28027,3.2021,0
28028,2.9776,0
28029,2.6797,0
28030,3.2014,0
28031,2.9750,0
28032,3.0934,0
28033,3.2095,0
28034,3.1690,0
28035,2.6629,0
28036,2.6430,0
28037,3.2005,0
28038,2.5410,0
28039,3.5773,0
28040,2.9461,0
28041,3.1801,0
28042,2.8407,0
28043,2.8963,0
28044,2.8320,0
28045,2.6126,0
28046,2.8651,0
28047,2.8684,0
28048,2.8825,0
28049,3.0131,0
28050,2.4867,0
28051,2.9162,0
28052,2.9561,0
28053,2.8974,0
28054,2.5846,0
28055,3.0579,0
28056,2.9094,0
28057,3.1776,0
28058,2.4861,0
28059,3.2797,0
28060,2.6697,0
28061,3.3305,0
28062,3.6687,0
28063,3.2665,0
28064,3.1111,0
28065,3.4080,0
28066,2.7628,0
28067,3.2269,0
28068,2.6326,0
28069,3.2781,0
28070,2.7744,0
28071,3.1892,0
28072,2.3898,0
28073,2.7701,0
28074,2.6456,0
28075,3.0577,0
28076,2.5337,0
28077,2.9953,0
28078,2.5556,0
28079,2.6659,0
28080,3.1278,0
28081,2.4156,0
28082,2.5575,0
28083,3.5346,0
28084,2.4154,0
28085,2.4342,0
28086,3.1306,0
28087,2.8015,0
28088,2.8485,0
28089,2.8558,0
28090,2.7469,0
28091,2.6937,0
28092,3.0117,0
28093,2.9449,0
28094,2.9861,0
28095,2.9164,0
28096,2.9606,0
28097,3.0094,0
28098,2.6864,0
28099,3.0143,0
28100,2.5491,0
28101,2.6234,0
28102,3.1949,0
28103,2.8922,0
28104,3.0730,0
28105,3.0390,0
28106,2.8311,0
28107,2.7397,0
28108,3.3208,0
28109,2.8205,0
28110,2.7815,0
28111,3.2893,0
28112,3.1095,0
28113,3.1261,0
28114,2.8543,0
28115,3.2921,0
28116,3.2466,0
28117,2.5596,0
28118,2.5319,0
28119,2.6220,0
28120,2.1541,0
28121,2.9495,0
28122,2.6069,0
28123,2.6901,0
28124,2.3081,0
28125,2.4014,0
28126,2.3000,0
28127,2.4743,0
28128,2.4387,0
28129,2.2873,0
28130,2.3064,0
28131,2.9887,0
28132,2.9028,0
28133,2.6954,0
28134,3.1089,0
28135,2.6502,0
28136,3.0824,0
28137,2.5576,0
28138,2.7325,0
28139,2.9442,0
28140,3.1002,0
28141,3.1330,0
28142,2.7291,0
28143,3.3733,0
28144,2.7668,0
28145,3.2192,0
28146,2.6686,0
28147,3.2352,0
28148,2.8219,0
28149,3.2285,0
28150,3.0265,0
28151,2.9047,0
28152,2.8059,0
28153,3.3234,0
28154,2.8554,0
28155,2.8269,0
28156,2.6622,0
28157,2.5636,0
28158,2.4729,0
28159,2.6826,0
28160,2.4214,0
28161,3.0869,0
28162,2.8493,0
28163,3.0997,0
28164,2.9730,0
28165,2.5553,0
28166,2.5874,0
28167,3.0818,0
28168,3.1252,0
28169,3.0410,0
28170,2.9387,0
28171,3.0643,0
28172,2.6851,0
28173,2.6889,0
28174,3.5867,0
28175,3.0631,0
28176,2.9613,0
28177,2.9375,0
28178,2.3339,0
28179,3.6098,0
28180,3.9637,0
28181,2.9330,0
28182,3.1562,0
28183,3.2098,0
28184,2.6807,0
28185,2.9867,0
28186,3.1544,0
28187,3.1303,0
28188,2.7696,0
28189,2.4890,0
28190,3.1425,0
28191,3.4331,0
28192,2.6096,0
28193,2.9994,0
28194,3.1254,0
28195,2.6229,0
28196,2.7778,0
28197,2.9539,0
28198,2.8398,0
28199,3.1270,0
28200,3.2272,0
28201,3.0292,0
28202,2.9331,0
28203,2.7804,0
28204,3.1060,0
28205,3.0068,0
28206,3.1150,0
28207,3.1341,0
28208,2.9873,0
28209,2.8417,0
28210,2.8083,0
28211,2.7850,0
28212,2.6292,0
28213,2.5683,0
28214,2.9685,0
28215,2.2487,0
28216,2.6872,0
28217,2.8875,0
28218,2.5113,0
28219,2.9526,0
28220,2.3979,0
28221,3.3776,0
28222,2.3744,0
28223,3.0391,0
28224,2.7421,0
28225,2.8748,0
28226,3.0372,0
28227,2.5266,0
28228,2.9223,0
28229,2.9995,0
28230,3.2308,0
28231,3.3470,0
28232,2.9843,0
28233,2.8401,0
28234,2.9268,0
28235,2.6269,0
28236,2.1522,0
28237,2.3170,0
28238,2.2589,0
28239,2.5496,0
28240,2.2452,0
28241,2.5314,0
28242,2.4288,0
28243,2.3185,0
28244,2.4263,0
28245,2.3836,0
28246,3.1292,0
28247,2.3835,0
28248,2.9402,0
28249,2.9277,0
28250,3.1843,0
28251,3.2850,0
28252,2.1779,0
28253,2.7876,0
28254,3.0669,0
28255,2.7674,0
28256,3.3456,0
28257,2.8106,0
28258,3.1990,0
28259,2.3439,0
28260,2.6802,0
28261,2.1339,0
28262,2.7753,0
28263,2.3137,0
28264,2.5632,0
28265,2.5853,0
28266,2.8435,0
28267,2.4560,0
28268,3.2382,0
28269,2.9528,0
28270,3.0612,0
28271,3.0503,0
28272,2.7165,0
28273,3.0700,0
28274,3.0969,0
28275,2.9956,0
28276,3.1351,0
28277,3.0665,0
28278,2.6112,0
28279,2.4930,0
28280,2.6800,0
28281,2.6764,0
28282,2.7028,0
28283,2.9117,0
28284,2.9624,0
28285,3.0723,0
28286,2.8095,0
28287,2.7816,0
28288,2.7083,0
28289,2.7162,0
28290,2.8326,0
28291,2.9179,0
28292,2.5228,0
28293,3.5400,0
28294,2.7145,0
28295,2.9749,0
28296,3.2104,0
28297,2.9734,0
28298,2.2998,0
28299,2.8749,0
28300,2.4511,0
28301,3.4783,0
28302,2.7770,0
28303,2.9434,0
28304,2.5498,0
28305,3.1079,0
28306,2.8438,0
28307,2.5936,0
28308,3.0607,0
28309,2.7705,0
28310,2.6623,0
28311,3.1178,0
28312,2.5308,0
28313,2.5043,0
28314,2.9568,0
28315,2.9990,0
28316,2.6106,0
28317,3.1929,0
28318,2.8025,0
28319,2.7001,0
28320,2.7338,0
28321,2.6740,0
28322,2.5532,0
28323,2.3690,0
28324,2.5133,0
28325,2.7753,0
28326,2.2532,0
28327,2.7718,0
28328,2.7908,0
28329,2.5883,0
28330,2.9096,0
28331,2.4823,0
28332,2.9135,0
28333,2.8181,0
28334,2.7946,0
28335,2.8209,0
28336,2.7745,0
28337,2.6517,0
28338,2.8859,0
28339,2.6839,0
28340,2.4635,0
28341,2.3564,0
28342,2.8590,0
28343,2.4076,0
28344,3.3698,0
28345,2.7756,0
28346,2.7497,0
28347,3.6904,0
28348,2.6399,0
28349,2.5915,0
28350,3.3326,0
28351,2.7551,0
28352,2.4750,0
28353,2.8367,0
28354,2.8789,0
28355,2.4506,0
28356,2.6889,0
28357,2.3518,0
28358,2.8813,0
28359,2.5573,0
28360,2.8990,0
28361,3.4118,0
28362,3.1567,0
28363,2.9384,0
28364,2.7619,0
28365,2.8065,0
28366,3.4055,0
28367,3.0996,0
28368,2.8904,0
28369,2.6822,0
28370,3.2695,0
28371,3.1202,0
28372,2.9331,0
28373,2.7615,0
28374,3.2018,0
28375,3.0965,0
28376,2.6758,0
28377,3.3693,0
28378,2.6217,0
28379,3.3895,0
28380,2.7070,0
28381,2.8668,0
28382,2.9010,0
28383,3.2727,0
28384,3.1255,0
28385,2.3426,0
28386,2.8926,0
28387,2.4035,0
28388,3.4114,0
28389,2.8114,0
28390,2.9264,0
28391,3.2459,0
28392,3.0325,0
28393,3.0222,0
28394,2.8941,0
28395,2.5176,0
28396,2.6116,0
28397,2.7143,0
28398,2.0230,0
28399,2.3532,0
28400,2.5918,0
28401,2.7038,0
28402,2.5769,0
28403,2.3356,0
28404,2.4675,0
28405,2.4755,0
28406,2.6098,0
28407,2.4150,0
28408,2.3163,0
28409,2.4494,0
28410,2.4647,0
28411,2.3235,0
28412,2.1735,0
28413,2.2583,0
28414,2.2768,0
28415,2.1115,0
28416,2.4612,0
28417,2.4886,0
28418,2.8383,0
28419,2.7576,0
28420,2.1169,0
28421,3.0725,0
28422,3.4214,0
28423,3.1784,0
28424,2.7522,0
28425,2.9415,0
28426,3.2211,0
28427,3.0480,0
28428,2.6170,0
28429,2.6118,0
28430,2.6995,0
28431,2.8428,0
28432,2.7562,0
28433,3.5037,0
28434,3.1001,0
28435,2.8682,0
28436,2.6208,0
28437,2.9096,0
28438,3.5965,0
28439,3.1110,0
28440,2.5866,0
28441,2.5369,0
28442,2.6866,0
28443,2.5774,0
28444,2.8057,0
28445,2.6726,0
28446,2.3489,0
28447,3.0824,0
28448,3.1313,0
28449,3.2426,0
28450,2.5509,0
28451,2.7662,0
28452,2.7624,0
28453,2.7575,0
28454,2.4731,0
28455,2.9652,0
28456,2.4482,0
28457,3.3885,0
28458,2.8635,0
28459,2.9347,0
28460,2.6579,0
28461,3.4284,0
28462,2.9845,0
28463,3.1190,0
28464,2.6254,0
28465,2.8368,0
28466,3.5102,0
28467,3.2680,0
28468,2.8425,0
28469,2.8520,0
28470,3.1966,0
28471,2.9737,0
28472,2.6936,0
28473,3.2067,0
28474,4.0551,0
28475,2.7325,0
28476,3.0406,0
28477,2.8141,0
28478,3.0790,0
28479,2.5401,0
28480,2.8592,0
28481,2.5904,0
28482,2.4741,0
28483,3.0296,0
28484,2.6471,0
28485,3.2369,0
28486,2.7203,0
28487,2.9928,0
28488,2.7976,0
28489,3.5915,0
28490,2.7556,0
28491,2.9404,0
28492,3.0006,0
28493,2.8680,0
28494,3.0169,0
28495,2.8100,0
28496,2.7347,0
28497,2.6231,0
28498,3.0646,0
28499,2.7816,0
28500,3.2995,0
28501,2.7623,0
28502,3.1571,0
28503,2.7628,0
28504,3.0303,0
28505,2.4295,0
28506,2.6653,0
28507,2.5384,0
28508,2.7260,0
28509,2.9881,0
28510,2.7441,0
28511,2.9402,0
28512,3.1496,0
28513,2.6262,0
28514,3.3815,0
28515,2.8812,0
28516,2.4050,0
28517,3.0388,0
28518,2.8779,0
28519,2.8519,0
28520,3.1339,0
28521,3.1902,0
28522,2.9039,0
28523,3.1050,0
28524,3.0802,0
28525,2.6364,0
28526,2.6981,0
28527,3.0218,0
28528,3.0084,0
28529,2.9006,0
28530,3.2865,0
28531,2.8725,0
28532,3.1143,0
28533,2.6614,0
28534,3.2242,0
28535,2.8441,0
28536,4.0914,0
28537,3.2653,0
28538,3.1103,0
28539,2.7504,0
28540,3.1225,0
28541,2.8422,0
28542,3.3007,0
28543,2.9025,0
28544,2.7888,0
28545,2.7340,0
28546,2.7706,0
28547,2.9738,0
28548,2.9258,0
28549,2.7989,0
28550,2.5090,0
28551,2.8899,0
28552,3.4962,0
28553,2.9302,0
28554,2.9593,0
28555,2.8156,0
28556,2.7512,0
28557,3.5275,0
28558,2.8765,0
28559,3.0786,0
28560,2.9716,0
28561,2.7547,0
28562,3.3527,0
28563,2.8848,0
28564,3.4844,0
28565,3.2976,0
28566,3.3411,0
28567,3.1752,0
28568,2.6913,0
28569,3.0066,0
28570,2.4981,0
28571,2.5554,0
28572,2.3921,0
28573,2.6915,0
28574,2.3044,0
28575,2.7372,0
28576,2.5697,0
28577,3.2376,0
28578,2.4272,0
28579,3.4137,0
28580,2.4505,0
28581,3.4390,0
28582,3.4524,0
28583,2.7478,0
28584,3.2370,0
28585,2.8248,0
28586,2.5039,0
28587,2.5670,0
28588,2.9138,0
28589,3.2653,0
28590,4.0312,0
28591,3.2375,0
28592,3.5719,0
28593,2.7540,0
28594,2.4960,0
28595,2.7446,0
28596,2.7063,0
28597,3.1469,0
28598,3.1514,0
28599,2.4862,0
28600,3.3594,0
28601,3.0973,0
28602,2.7495,0
28603,2.5704,0
28604,2.5888,0
28605,2.5065,0
28606,3.0869,0
28607,3.0140,0
28608,3.2456,0
28609,2.6579,0
28610,3.1203,0
28611,2.8345,0
28612,2.7958,0
28613,2.6492,0
28614,3.2396,0
28615,2.7987,0
28616,2.4439,0
28617,3.1489,0
28618,3.0584,0
28619,2.7352,0
28620,2.1938,0
28621,3.2263,0
28622,3.2238,0
28623,3.1813,0
28624,3.9166,0
28625,3.2459,0
28626,2.6269,0
28627,3.2276,0
28628,2.8616,0
28629,2.9686,0
28630,2.8490,0
28631,3.0724,0
28632,3.0709,0
28633,3.0482,0
28634,2.9210,0
28635,2.5834,0
28636,2.4338,0
28637,3.1838,0
28638,2.6888,0
28639,3.2619,0
28640,2.6905,0
28641,2.6555,0
28642,3.0044,0
28643,2.7843,0
28644,2.7810,0
28645,3.0348,0
28646,2.9282,0
28647,3.1534,0
28648,3.1718,0
28649,2.7711,0
28650,2.8257,0
28651,3.1423,0
28652,2.8898,0
28653,2.5929,0
28654,2.7473,0
28655,2.4947,0
28656,3.0032,0
28657,2.4828,0
28658,2.9816,0
28659,2.7893,0
28660,4.1205,0
28661,3.0651,0
28662,3.7260,0
28663,3.6305,0
28664,3.8679,0
28665,2.4762,0
28666,3.2216,0
28667,2.5843,0
28668,2.7379,0
28669,2.8268,0
28670,2.6190,0
28671,3.2579,0
28672,3.0609,0
28673,2.9001,0
28674,2.8840,0
28675,2.5965,0
28676,2.5944,0
28677,2.6160,0
28678,3.3841,0
28679,2.9739,0
28680,3.0367,0
28681,2.9478,0
28682,2.6755,0
28683,2.6460,0
28684,2.7306,0
28685,3.0850,0
28686,2.6833,0
28687,2.8987,0
28688,3.3596,0
28689,2.5616,0
28690,3.2884,0
28691,2.7545,0
28692,2.7489,0
28693,2.6940,0
28694,2.7865,0
28695,3.0203,0
28696,3.0467,0
28697,2.6650,0
28698,3.2643,0
28699,2.6500,0
28700,2.5214,0
28701,2.4460,0
28702,2.3341,0
28703,2.3883,0
28704,2.4359,0
28705,2.6725,0
28706,2.6375,0
28707,2.4159,0
28708,2.4916,0
28709,2.6059,0
28710,2.5634,0
28711,2.5429,0
28712,2.4573,0
28713,2.2792,0
28714,2.5089,0
28715,2.2151,0
28716,2.5165,0
28717,2.5443,0
28718,2.9047,0
28719,2.4237,0
28720,2.8300,0
28721,2.4113,0
28722,3.0089,0
28723,2.3611,0
28724,2.8399,0
28725,2.2777,0
28726,2.3024,0
28727,2.2664,0
28728,2.6906,0
28729,2.1969,0
28730,2.4850,0
28731,2.4163,0
28732,2.2748,0
28733,2.2594,0
28734,2.3056,0
28735,2.2799,0
28736,2.2926,0
28737,2.2847,0
28738,2.2234,0
28739,2.2955,0
28740,2.5747,0
28741,2.5074,0
28742,2.4993,0
28743,2.3040,0
28744,2.4583,0
28745,2.5025,0
28746,2.2312,0
28747,2.3466,0
28748,2.3631,0
28749,2.4647,0
28750,2.3868,0
28751,2.4597,0
28752,2.6688,0
28753,2.3958,0
28754,2.6775,0
28755,2.5629,0
28756,2.4787,0
28757,2.5000,0
28758,2.5062,0
28759,2.2719,0
28760,2.3153,0
28761,2.3493,0
28762,2.1803,0
28763,2.3307,0
28764,2.4493,0
28765,2.3430,0
28766,2.6896,0
28767,2.4814,0
28768,2.6247,0
28769,2.3764,0
28770,2.3349,0
28771,2.2604,0
28772,2.2726,0
28773,2.2197,0
28774,2.2654,0
28775,2.2356,0
28776,2.1303,0
28777,2.1805,0
28778,2.3852,0
28779,2.7124,0
28780,2.4443,0
28781,2.2423,0
28782,2.2993,0
28783,2.8031,0
28784,2.4610,0
28785,2.3829,0
28786,2.4541,0
28787,2.2483,0
28788,2.2132,0
28789,2.4423,0
28790,2.2315,0
28791,2.4138,0
28792,2.3266,0
28793,2.3251,0
28794,2.4013,0
28795,2.4742,0
28796,2.4504,0
28797,2.2987,0
28798,2.4366,0
28799,2.7296,0
28800,2.6137,0
28801,2.4804,0
28802,2.1065,0
28803,2.2805,0
28804,2.1855,0
28805,2.4969,0
28806,2.2461,0
28807,2.4521,0
28808,2.4739,0
28809,2.6564,0
28810,2.2328,0
28811,2.1911,0
28812,2.3549,0
28813,2.4074,0
28814,2.3647,0
28815,2.3221,0
28816,2.2203,0
28817,2.2489,0
28818,2.2367,0
28819,2.4106,0
28820,2.3921,0
28821,2.3014,0
28822,2.6077,0
28823,2.3608,0
28824,2.3856,0
28825,2.2639,0
28826,2.3356,0
28827,2.2484,0
28828,2.2391,0
28829,3.0164,0
28830,2.5437,0
28831,2.4731,0
28832,2.4603,0
28833,2.4865,0
28834,2.4190,0
28835,2.2802,0
28836,2.4987,0
28837,2.5150,0
28838,2.4030,0
28839,2.2964,0
28840,2.3602,0
28841,2.2628,0
28842,2.8982,0
28843,2.3403,0
28844,2.4939,0
28845,2.4445,0
28846,2.4012,0
28847,2.3098,0
28848,2.7441,0
28849,2.4030,0
28850,2.3799,0
28851,2.3440,0
28852,2.1930,0
28853,2.3573,0
28854,2.2598,0
28855,2.5334,0
28856,2.2909,0
28857,2.6159,0
28858,2.3497,0
28859,2.2661,0
28860,2.3627,0
28861,2.4806,0
28862,2.4946,0
28863,2.3974,0
28864,2.3692,0
28865,2.3305,0
28866,2.1702,0
28867,2.2246,0
28868,2.2873,0
28869,2.4099,0
28870,2.3910,0
28871,2.2799,0
28872,2.4228,0
28873,2.3293,0
28874,2.4148,0
28875,2.2523,0
28876,2.5653,0
28877,2.3037,0
28878,2.1874,0
28879,2.2339,0
28880,2.1453,0
28881,2.1260,0
28882,2.2339,0
28883,2.7185,0
28884,2.8087,0
28885,2.7181,0
28886,2.6908,0
28887,2.5177,0
28888,2.4879,0
28889,2.3182,0
28890,2.2856,0
28891,2.3923,0
28892,2.3800,0
28893,2.4684,0
28894,2.2663,0
28895,2.4056,0
28896,2.7315,0
28897,2.4925,0
28898,2.4639,0
28899,2.4209,0
28900,2.4627,0
28901,2.3452,0
28902,2.3865,0
28903,2.4119,0
28904,2.4031,0
28905,2.4607,0
28906,2.2178,0
28907,2.4059,0
28908,2.8756,0
28909,2.4400,0
28910,2.4324,0
28911,2.3810,0
28912,2.4310,0
28913,2.4283,0
28914,2.2630,0
28915,2.4300,0
28916,2.2473,0
28917,2.3463,0
28918,2.4859,0
28919,2.5264,0
28920,2.4229,0
28921,2.5443,0
28922,2.7839,0
28923,2.5557,0
28924,2.6205,0
28925,2.2349,0
28926,2.7868,0
28927,2.3235,0
28928,2.4633,0
28929,2.2427,0
28930,2.2751,0
28931,2.2904,0
28932,2.4169,0
28933,2.2239,0
28934,2.2883,0
28935,2.1515,0
28936,2.4652,0
28937,2.3852,0
28938,2.4191,0
28939,2.2785,0
28940,2.3276,0
28941,2.9559,0
28942,2.6489,0
28943,2.3530,0
28944,2.3422,0
28945,2.1944,0
28946,2.2935,0
28947,2.3988,0
28948,3.1837,0
28949,2.4378,0
28950,2.3527,0
28951,2.2512,0
28952,2.4819,0
28953,2.3602,0
28954,2.3349,0
28955,2.8005,0
28956,2.3120,0
28957,2.3341,0
28958,2.4585,0
28959,2.2312,0
28960,2.4152,0
28961,2.2395,0
28962,2.1677,0
28963,2.2313,0
28964,2.3842,0
28965,2.4181,0
28966,2.2742,0
28967,2.7995,0
28968,2.4159,0
28969,2.5194,0
28970,2.8800,0
28971,2.4753,0
28972,2.7378,0
28973,2.6448,0
28974,2.3937,0
28975,2.4103,0
28976,2.3705,0
28977,2.4268,0
28978,2.2006,0
28979,2.7707,0
28980,2.3311,0
28981,2.2598,0
28982,2.3770,0
28983,2.2248,0
28984,2.3442,0
28985,2.2069,0
28986,2.6471,0
28987,2.3077,0
28988,2.4214,0
28989,2.5945,0
28990,2.6018,0
28991,2.5653,0
28992,2.3765,0
28993,2.5239,0
28994,2.2949,0
28995,2.3168,0
28996,2.2873,0
28997,2.2144,0
28998,2.2317,0
28999,2.3925,0
29000,2.6505,0
29001,2.2973,0
29002,2.3151,0
29003,2.4302,0
29004,2.5466,0
29005,2.3195,0
29006,2.3372,0
29007,2.5685,0
29008,2.2971,0
29009,2.5803,0
29010,2.5887,0
29011,2.4319,0
29012,2.4358,0
29013,2.3770,0
29014,2.4367,0
29015,2.8425,0
29016,2.3779,0
29017,2.4328,0
29018,2.4981,0
29019,2.3804,0
29020,2.2618,0
29021,2.1919,0
29022,2.3320,0
29023,2.3661,0
29024,2.3167,0
29025,2.1801,0
29026,2.1582,0
29027,2.1281,0
29028,2.5062,0
29029,2.6619,0
29030,2.4408,0
29031,2.3066,0
29032,2.2806,0
29033,2.2685,0
29034,2.3156,0
29035,2.3768,0
29036,2.4169,0
29037,2.2515,0
29038,2.3652,0
29039,2.3771,0
29040,2.7636,0
29041,2.4147,0
29042,2.1683,0
29043,2.3061,0
29044,2.4636,0
29045,2.2854,0
29046,2.8225,0
29047,2.4212,0
29048,2.3124,0
29049,2.3707,0
29050,2.2386,0
29051,2.4613,0
29052,2.4150,0
29053,2.3576,0
29054,2.3452,0
29055,2.2906,0
29056,2.2918,0
29057,2.3324,0
29058,2.3218,0
29059,2.3731,0
29060,2.4369,0
29061,2.4984,0
29062,2.3996,0
29063,2.3399,0
29064,2.5783,0
29065,2.3619,0
29066,2.5013,0
29067,2.2765,0
29068,2.3356,0
29069,2.4898,0
29070,2.4800,0
29071,2.5586,0
29072,2.1606,0
29073,5.8473,0
29074,5.8025,0
29075,5.6407,0
29076,5.7300,0
29077,5.7913,0
29078,5.5807,0
29079,5.7188,0
29080,5.9969,0
29081,5.9955,0
29082,5.7479,0
29083,5.9352,0
29084,5.7950,0
29085,6.1997,0
29086,24.0918,1
29087,3.3677,0
29088,3.0674,0
29089,2.6894,0
29090,2.8598,0
29091,3.0780,0
29092,2.7421,0
29093,2.7183,0
29094,2.8238,0
29095,2.6999,0
29096,3.1257,0
29097,3.3007,0
29098,3.1102,0
29099,3.0132,0
29100,2.8534,0
29101,2.9263,0
29102,2.6874,0
29103,2.3974,0
29104,2.6711,0
29105,2.6554,0
29106,2.4725,0
29107,2.5176,0
29108,2.5007,0
29109,2.6490,0
29110,2.4221,0
29111,2.4312,0
29112,2.6415,0
29113,2.6367,0
29114,2.4630,0
29115,2.3681,0
29116,2.3652,0
29117,2.5411,0
29118,2.4035,0
29119,2.5506,0
29120,2.4824,0
29121,2.3861,0
29122,2.5480,0
29123,2.3807,0
29124,2.6088,0
29125,2.6367,0
29126,2.4085,0
29127,2.4812,0
29128,2.4385,0
29129,2.6384,0
29130,2.5000,0
29131,2.6061,0
29132,2.8035,0
29133,2.4510,0
29134,2.7787,0
29135,2.5050,0
29136,2.4903,0
29137,2.4606,0
29138,2.4553,0
29139,2.4494,0
29140,2.3985,0
29141,2.4760,0
29142,2.5319,0
29143,2.4188,0
29144,2.4934,0
29145,2.7294,0
29146,2.5450,0
29147,2.5157,0
29148,2.5263,0
29149,2.4298,0
29150,2.7500,0
29151,2.5060,0
29152,2.7964,0
29153,2.5068,0
29154,2.4767,0
29155,2.5177,0
29156,2.4937,0
29157,2.5702,0
29158,2.4173,0
29159,2.6276,0
29160,2.7101,0
29161,2.3902,0
29162,2.5092,0
29163,2.3758,0
29164,2.6671,0
29165,2.7097,0
29166,2.6009,0
29167,2.4141,0
29168,2.6107,0
29169,2.5470,0
29170,2.7276,0
29171,2.5875,0
29172,2.5841,0
29173,2.5771,0
29174,2.4477,0
29175,2.5590,0
29176,2.6272,0
29177,2.5103,0
29178,2.6665,0
29179,2.4309,0
29180,2.5638,0
29181,2.4142,0
29182,2.5907,0
29183,2.5995,0
29184,2.9696,0
29185,2.5525,0
29186,2.6896,0
29187,2.7605,0
29188,2.7729,0
29189,2.6542,0
29190,2.6940,0
29191,2.5300,0
29192,2.5366,0
29193,2.5049,0
29194,2.4880,0
29195,2.4793,0
29196,2.3722,0
29197,2.5913,0
29198,2.5894,0
29199,2.6152,0
29200,2.4491,0
29201,2.6182,0
29202,2.6449,0
29203,2.6228,0
29204,2.9654,0
29205,2.6588,0
29206,3.1717,0
29207,2.5635,0
29208,2.9893,0
29209,2.5718,0
29210,2.5354,0
29211,2.8846,0
29212,2.9181,0
29213,2.6209,0
29214,2.5940,0
29215,2.5049,0
29216,2.5223,0
29217,2.5753,0
29218,2.3158,0
29219,2.4015,0
29220,2.4703,0
29221,2.6816,0
29222,2.6680,0
29223,2.7570,0
29224,2.4444,0
29225,2.4675,0
29226,2.4886,0
29227,3.0085,0
29228,2.5999,0
29229,2.5781,0
29230,2.6812,0
29231,2.7165,0
29232,2.5396,0
29233,2.6271,0
29234,2.5074,0
29235,2.6243,0
29236,2.3713,0
29237,2.9468,0
29238,2.8026,0
29239,2.6014,0
29240,2.3784,0
29241,3.2076,0
29242,2.4994,0
29243,2.7211,0
29244,2.6156,0
29245,2.6218,0
29246,2.6847,0
29247,2.4082,0
29248,2.4646,0
29249,2.6030,0
29250,2.5272,0
29251,2.4930,0
29252,2.6215,0
29253,2.7349,0
29254,2.9359,0
29255,2.8424,0
29256,2.4522,0
29257,2.3948,0
29258,2.3740,0
29259,2.4258,0
29260,3.1440,0
29261,2.6520,0
29262,3.0277,0
29263,2.5405,0
29264,2.4456,0
29265,2.6375,0
29266,2.7164,0
29267,2.8575,0
29268,3.1830,0
29269,2.6599,0
29270,2.9607,0
29271,2.5616,0
29272,2.9543,0
29273,2.4022,0
29274,2.5965,0
29275,2.3954,0
29276,2.8197,0
29277,2.9037,0
29278,2.7892,0
29279,3.0873,0
29280,2.9516,0
29281,2.6415,0
29282,2.4070,0
29283,2.9198,0
29284,2.6151,0
29285,2.6625,0
29286,2.5213,0
29287,2.5363,0
29288,2.6998,0
29289,2.5385,0
29290,2.4675,0
29291,2.4929,0
29292,2.4039,0
29293,2.4479,0
29294,2.2626,0
29295,2.4146,0
29296,2.6235,0
29297,2.7240,0
29298,2.4831,0
29299,2.4928,0
29300,2.4266,0
29301,2.3109,0
29302,2.2766,0
29303,2.4005,0
29304,2.2735,0
29305,2.8995,0
29306,2.5545,0
29307,2.2809,0
29308,2.2801,0
29309,2.6243,0
29310,2.3985,0
29311,2.3989,0
29312,2.3395,0
29313,3.0286,0
29314,2.4232,0
29315,2.9346,0
29316,2.5214,0
29317,2.3540,0
29318,2.3175,0
29319,2.2882,0
29320,2.4798,0
29321,2.3698,0
29322,2.4255,0
29323,2.2459,0
29324,2.4030,0
29325,2.2798,0
29326,2.2618,0
29327,2.2256,0
29328,2.3756,0
29329,2.4740,0
29330,2.7188,0
29331,2.4251,0
29332,2.2658,0
29333,2.1939,0
29334,2.3424,0
29335,2.3663,0
29336,2.3827,0
29337,2.2814,0
29338,2.4307,0
29339,2.3361,0
29340,2.1572,0
29341,2.7539,0
29342,2.8754,0
29343,2.3503,0
29344,2.5562,0
29345,2.2793,0
29346,2.4525,0
29347,2.4879,0
29348,2.4783,0
29349,2.2041,0
29350,2.1913,0
29351,2.3812,0
29352,2.4613,0
29353,2.4037,0
29354,2.3710,0
29355,2.3458,0
29356,2.9162,0
29357,2.4045,0
29358,2.5058,0
29359,2.2238,0
29360,2.6984,0
29361,2.1617,0
29362,2.3681,0
29363,2.4855,0
29364,2.4755,0
29365,2.4863,0
29366,2.4510,0
29367,2.3989,0
29368,2.5831,0
29369,2.3656,0
29370,2.2549,0
29371,2.2920,0
29372,2.3051,0
29373,2.4280,0
29374,2.5001,0
29375,2.8269,0
29376,2.1719,0
29377,2.2956,0
29378,2.3709,0
29379,2.3200,0
29380,2.3607,0
29381,2.4430,0
29382,2.4853,0
29383,2.7660,0
29384,2.4803,0
29385,2.3227,0
29386,2.2768,0
29387,2.2526,0
29388,2.3037,0
29389,2.2677,0
29390,2.2163,0
29391,2.3533,0
29392,2.6075,0
29393,2.3447,0
29394,2.3158,0
29395,2.2687,0
29396,2.3492,0
29397,2.3788,0
29398,2.4637,0
29399,2.4627,0
29400,2.3881,0
29401,2.3314,0
29402,2.3157,0
29403,2.5630,0
29404,2.2541,0
29405,2.2745,0
29406,2.2761,0
29407,2.4974,0
29408,2.3640,0
29409,2.4983,0
29410,2.4045,0
29411,2.4973,0
29412,2.3075,0
29413,2.6259,0
29414,2.2676,0
29415,2.3911,0
29416,2.7185,0
29417,2.4512,0
29418,2.4047,0
29419,2.6031,0
29420,2.4604,0
29421,2.5716,0
29422,2.4535,0
29423,2.3901,0
29424,2.3449,0
29425,2.4906,0
29426,2.6609,0
29427,2.3534,0
29428,2.4360,0
29429,2.4039,0
29430,2.2137,0
29431,2.4036,0
29432,2.4915,0
29433,2.5236,0
29434,2.4565,0
29435,2.2581,0
29436,2.3013,0
29437,2.2810,0
29438,2.3522,0
29439,2.2521,0
29440,3.0247,0
29441,2.7198,0
29442,2.5466,0
29443,2.4526,0
29444,2.5922,0
29445,2.4720,0
29446,2.4256,0
29447,2.3546,0
29448,2.3958,0
29449,2.3574,0
29450,2.2177,0
29451,2.3077,0
29452,2.1679,0
29453,2.6834,0
29454,2.2896,0
29455,2.4782,0
29456,2.3524,0
29457,2.4286,0
29458,2.3568,0
29459,2.2023,0
29460,2.4110,0
29461,2.3818,0
29462,2.6887,0
29463,2.4633,0
29464,2.6993,0
29465,2.6887,0
29466,2.4729,0
29467,2.6624,0
29468,2.4609,0
29469,2.3749,0
29470,2.4048,0
29471,2.2467,0
29472,2.2580,0
29473,2.4497,0
29474,2.3975,0
29475,2.3454,0
29476,2.2310,0
29477,2.4894,0
29478,2.9477,0
29479,2.5801,0
29480,2.5340,0
29481,2.4982,0
29482,2.3200,0
29483,2.5976,0
29484,2.5245,0
29485,2.4140,0
29486,2.2922,0
29487,2.3465,0
29488,2.3223,0
29489,2.3280,0
29490,2.4103,0
29491,2.5284,0
29492,2.4047,0
29493,2.3495,0
29494,2.2029,0
29495,2.4091,0
29496,2.2615,0
29497,2.2471,0
29498,2.3319,0
29499,2.5232,0
29500,2.4658,0
29501,2.3725,0
29502,2.2044,0
29503,2.8190,0
29504,2.7222,0
29505,2.4327,0
29506,2.4115,0
29507,2.2677,0
29508,2.3321,0
29509,2.4702,0
29510,2.5130,0
29511,2.4048,0
29512,2.1996,0
29513,2.6358,0
29514,2.3423,0
29515,2.4682,0
29516,2.5385,0
29517,2.4960,0
29518,2.6237,0
29519,2.4524,0
29520,2.4999,0
29521,2.3654,0
29522,2.4509,0
29523,2.5044,0
29524,2.5083,0
29525,2.4253,0
29526,2.3785,0
29527,2.5180,0
29528,2.5935,0
29529,2.3904,0
29530,2.5813,0
29531,2.5055,0
29532,2.4292,0
29533,2.8043,0
29534,2.3480,0
29535,2.4603,0
29536,2.3987,0
29537,2.2900,0
29538,2.4884,0
29539,2.2685,0
29540,2.4919,0
29541,2.8408,0
29542,2.5747,0
29543,2.8402,0
29544,2.3951,0
29545,2.3782,0
29546,2.4161,0
29547,2.4943,0
29548,2.3853,0
29549,2.3811,0
29550,2.7009,0
29551,2.4812,0
29552,2.5888,0
29553,2.5296,0
29554,2.4726,0
29555,2.5205,0
29556,2.3317,0
29557,2.4124,0
29558,2.6442,0
29559,2.5075,0
29560,2.4583,0
29561,2.3821,0
29562,2.3925,0
29563,2.4727,0
29564,2.2559,0
29565,2.4796,0
29566,2.4876,0
29567,2.3793,0
29568,2.4849,0
29569,2.2843,0
29570,2.4552,0
29571,2.2230,0
29572,2.4424,0
29573,2.4015,0
29574,2.4201,0
29575,2.5127,0
29576,2.3216,0
29577,2.2498,0
29578,2.3969,0
29579,2.4712,0
29580,2.4512,0
29581,2.3112,0
29582,2.2355,0
29583,2.2506,0
29584,2.4388,0
29585,2.4759,0
29586,2.2399,0
29587,2.2085,0
29588,2.2218,0
29589,2.4272,0
29590,2.5150,0
29591,2.4778,0
29592,2.5809,0
29593,2.4621,0
29594,2.3352,0
29595,2.5278,0
29596,2.2164,0
29597,2.3124,0
29598,2.3144,0
29599,2.2044,0
29600,2.3976,0
29601,2.2592,0
29602,2.2326,0
29603,2.2757,0
29604,2.4569,0
29605,2.6113,0
29606,2.2309,0
29607,2.3869,0
29608,2.5670,0
29609,2.3127,0
29610,2.5315,0
29611,2.4724,0
29612,2.2822,0
29613,2.3660,0
29614,2.2640,0
29615,2.2931,0
29616,2.8115,0
29617,2.2551,0
29618,2.2912,0
29619,2.3497,0
29620,2.4746,0
29621,2.3598,0
29622,2.5939,0
29623,2.2053,0
29624,2.3017,0
29625,2.4320,0
29626,2.2289,0
29627,2.2141,0
29628,2.2446,0
29629,2.6774,0
29630,2.3795,0
29631,2.2708,0
29632,2.3289,0
29633,2.8217,0
29634,2.8349,0
29635,2.4124,0
29636,2.2152,0
29637,2.5545,0
29638,2.1652,0
29639,2.3328,0
29640,2.3491,0
29641,2.3088,0
29642,2.2766,0
29643,2.2450,0
29644,2.8519,0
29645,2.2932,0
29646,2.4243,0
29647,2.7297,0
29648,2.4623,0
29649,2.9307,0
29650,2.9272,0
29651,2.5913,0
29652,2.4585,0
29653,2.7533,0
29654,2.2897,0
29655,2.4743,0
29656,2.3886,0
29657,2.4050,0
29658,2.3120,0
29659,2.4990,0
29660,3.0806,0
29661,2.4019,0
29662,2.3698,0
29663,2.2301,0
29664,2.3701,0
29665,2.5173,0
29666,2.2638,0
29667,2.4840,0
29668,2.3197,0
29669,2.4007,0
29670,2.4593,0
29671,2.5360,0
29672,2.3746,0
29673,2.3753,0
29674,2.3646,0
29675,3.0458,0
29676,2.4199,0
29677,2.5130,0
29678,2.2776,0
29679,2.3529,0
29680,2.3067,0
29681,2.2303,0
29682,2.4454,0
29683,2.2870,0
29684,2.8784,0
29685,2.3047,0
29686,2.3618,0
29687,2.3365,0
29688,2.3372,0
29689,2.2867,0
29690,2.4709,0
29691,2.4761,0
29692,2.4324,0
29693,2.2647,0
29694,2.2369,0
29695,2.3218,0
29696,2.3578,0
29697,2.1413,0
29698,2.3496,0
29699,2.1834,0
29700,2.5064,0
29701,2.4364,0
29702,2.5488,0
29703,2.5885,0
29704,2.3809,0
29705,2.3705,0
29706,2.4632,0
29707,2.4115,0
29708,2.2946,0
29709,2.9375,0
29710,2.4309,0
29711,2.2191,0
29712,2.3708,0
29713,2.3343,0
29714,3.0740,0
29715,3.0858,0
29716,2.6340,0
29717,2.5423,0
29718,2.3464,0
29719,2.4412,0
29720,2.4674,0
29721,2.9099,0
29722,2.3533,0
29723,2.5025,0
29724,2.4478,0
29725,2.4609,0
29726,2.4693,0
29727,2.3290,0
29728,2.6007,0
29729,2.6124,0
29730,2.3114,0
29731,2.4075,0
29732,2.7070,0
29733,2.6196,0
29734,2.4658,0
29735,2.3095,0
29736,2.4322,0
29737,2.4098,0
29738,2.3377,0
29739,2.6228,0
29740,2.5405,0
29741,2.3937,0
29742,2.3161,0
29743,2.2653,0
29744,2.1996,0
29745,2.5652,0
29746,2.2475,0
29747,2.8566,0
29748,2.6776,0
29749,3.1875,0
29750,2.9645,0
29751,2.5263,0
29752,2.8727,0
29753,2.5327,0
29754,3.2019,0
29755,3.0046,0
29756,3.0527,0
29757,2.7061,0
29758,2.9876,0
29759,2.7952,0
29760,3.6134,0
29761,3.0235,0
29762,2.9471,0
29763,2.7830,0
29764,3.1999,0
29765,3.1490,0
29766,2.7845,0
29767,3.0415,0
29768,2.6160,0
29769,2.6847,0
29770,2.5639,0
29771,2.7285,0
29772,2.6859,0
29773,2.9805,0
29774,3.7113,0
29775,2.6974,0
29776,3.2986,0
29777,2.6407,0
29778,2.4994,0
29779,2.8881,0
29780,3.0113,0
29781,2.5195,0
29782,2.1775,0
29783,2.6820,0
29784,2.2607,0
29785,2.2435,0
29786,2.2767,0
29787,2.3608,0
29788,2.5584,0
29789,2.3376,0
29790,2.6485,0
29791,2.2994,0
29792,2.4873,0
29793,2.5742,0
29794,2.3943,0
29795,2.5047,0
29796,2.6533,0
29797,2.4870,0
29798,2.4100,0
29799,2.5843,0
29800,2.4595,0
29801,2.6462,0
29802,2.7217,0
29803,2.5782,0
29804,3.2433,0
29805,2.2081,0
29806,2.7967,0
29807,2.3708,0
29808,2.3233,0
29809,2.7455,0
29810,2.9723,0
29811,2.3724,0
29812,2.9305,0
29813,2.8937,0
29814,2.8268,0
29815,2.8112,0
29816,2.9378,0
29817,3.6454,0
29818,2.7614,0
29819,2.9058,0
29820,3.1324,0
29821,2.9908,0
29822,2.1450,0
29823,2.8294,0
29824,2.2959,0
29825,2.5998,0
29826,2.4228,0
29827,2.6960,0
29828,2.5739,0
29829,3.3773,0
29830,3.0426,0
29831,3.2101,0
29832,2.7102,0
29833,2.1956,0
29834,2.9750,0
29835,3.1143,0
29836,2.9934,0
29837,3.1249,0
29838,2.6458,0
29839,3.1476,0
29840,3.1141,0
29841,2.1112,0
29842,3.9062,0
29843,2.4996,0
29844,2.8227,0
29845,2.4847,0
29846,2.9204,0
29847,2.4028,0
29848,2.6418,0
29849,2.4453,0
29850,2.3446,0
29851,2.4716,0
29852,2.3977,0
29853,2.4662,0
29854,2.5183,0
29855,2.4734,0
29856,2.8235,0
29857,2.4661,0
29858,2.5256,0
29859,2.1519,0
29860,2.4021,0
29861,2.3465,0
29862,2.3545,0
29863,2.5280,0
29864,2.6243,0
29865,2.2906,0
29866,2.4543,0
29867,2.5430,0
29868,2.6067,0
29869,2.3341,0
29870,2.8017,0
29871,2.1734,0
29872,2.2094,0
29873,2.0850,0
29874,2.1764,0
29875,2.3674,0
29876,2.3349,0
29877,2.2938,0
29878,2.1961,0
29879,2.5871,0
29880,2.5403,0
29881,2.1570,0
29882,2.1924,0
29883,2.3537,0
29884,2.3212,0
29885,2.1740,0
29886,2.4870,0
29887,2.3923,0
29888,2.5061,0
29889,2.4691,0
29890,2.5459,0
29891,2.5451,0
29892,2.7834,0
29893,2.6177,0
29894,2.6041,0
29895,2.8803,0
29896,2.8290,0
29897,2.9909,0
29898,2.5431,0
29899,2.3419,0
29900,3.1534,0
29901,2.3424,0
29902,3.0113,0
29903,2.9152,0
29904,2.6160,0
29905,2.9258,0
29906,2.4252,0
29907,2.3974,0
29908,2.7994,0
29909,2.3723,0
29910,2.3846,0
29911,2.3270,0
29912,2.4621,0
29913,2.7496,0
29914,2.7311,0
29915,2.9877,0
29916,2.3760,0
29917,2.7418,0
29918,2.4434,0
29919,2.5132,0
29920,3.2545,0
29921,2.6640,0
29922,2.7541,0
29923,2.4524,0
29924,3.0858,0
29925,2.4934,0
29926,2.4224,0
29927,2.9529,0
29928,2.4001,0
29929,2.5128,0
29930,2.3005,0
29931,2.5173,0
29932,2.5690,0
29933,2.4590,0
29934,2.6174,0
29935,2.3944,0
29936,2.4166,0
29937,2.9380,0
29938,2.5982,0
29939,2.7993,0
29940,2.8677,0
29941,2.6082,0
29942,2.5406,0
29943,2.7160,0
29944,2.5674,0
29945,2.8231,0
29946,2.6856,0
29947,2.9109,0
29948,2.5268,0
29949,2.4299,0
29950,2.7341,0
29951,2.5046,0
29952,2.5689,0
29953,2.5349,0
29954,2.6154,0
29955,2.5005,0
29956,2.5156,0
29957,2.4501,0
29958,2.8561,0
29959,2.5509,0
29960,2.6346,0
29961,2.5462,0
29962,2.3138,0
29963,2.4463,0
29964,2.6071,0
29965,2.2503,0
29966,2.8973,0
29967,2.3124,0
29968,2.4635,0
29969,2.4132,0
29970,2.3798,0
29971,2.5315,0
29972,2.4229,0
29973,2.3261,0
29974,2.3570,0
29975,2.4710,0
29976,2.5345,0
29977,2.3174,0
29978,2.4028,0
29979,2.2947,0
29980,2.4216,0
29981,2.5621,0
29982,2.3943,0
29983,2.5502,0
29984,2.3777,0
29985,2.4848,0
29986,2.5542,0
29987,2.4886,0
29988,2.3955,0
29989,2.5960,0
29990,2.4552,0
29991,2.4568,0
29992,2.3100,0
29993,2.3593,0
29994,2.2736,0
29995,2.2546,0
29996,2.5201,0
29997,2.7841,0
29998,2.5767,0
29999,2.2737,0
30000,2.5665,0
30001,2.3217,0
30002,2.5311,0
30003,2.7389,0
30004,2.2496,0
30005,2.5563,0
30006,2.2329,0
30007,2.3131,0
30008,2.2648,0
30009,2.2609,0
30010,2.6127,0
30011,2.6640,0
30012,2.4295,0
30013,2.2451,0
30014,2.5224,0
30015,2.3613,0
30016,2.4587,0
30017,2.6853,0
30018,2.3398,0
30019,2.2119,0
30020,2.3276,0
30021,2.2067,0
30022,2.4815,0
30023,2.3572,0
30024,2.3462,0
30025,2.4455,0
30026,2.5357,0
30027,2.4463,0
30028,2.5590,0
30029,2.5118,0
30030,2.4977,0
30031,2.4686,0
30032,2.2981,0
30033,2.5053,0
30034,2.7928,0
30035,2.3874,0
30036,2.4110,0
30037,2.2360,0
30038,2.4851,0
30039,2.3370,0
30040,2.1471,0
30041,2.2957,0
30042,2.1916,0
30043,2.6549,0
30044,2.8463,0
30045,2.5756,0
30046,2.4705,0
30047,3.0962,0
30048,2.8563,0
30049,3.0329,0
30050,2.6155,0
30051,2.7670,0
30052,2.8735,0
30053,2.8958,0
30054,2.9168,0
30055,2.7054,0
30056,2.8771,0
30057,3.2463,0
30058,2.8011,0
30059,3.1996,0
30060,2.6898,0
30061,3.1893,0
30062,3.1583,0
30063,2.7260,0
30064,3.2749,0
30065,2.8849,0
30066,3.2471,0
30067,2.7338,0
30068,2.8440,0
30069,3.1462,0
30070,3.1739,0
30071,2.6610,0
30072,3.0266,0
30073,2.9466,0
30074,3.3006,0
30075,2.7958,0
30076,3.3532,0
30077,2.8255,0
30078,3.2092,0
30079,2.8418,0
30080,2.6926,0
30081,2.4848,0
30082,2.5701,0
30083,2.2007,0
30084,2.1879,0
30085,2.3861,0
30086,2.2285,0
30087,2.3982,0
30088,2.1668,0
30089,2.4059,0
30090,2.3623,0
30091,2.2593,0
30092,2.2837,0
30093,2.3338,0
30094,2.8166,0
30095,2.4375,0
30096,2.4394,0
30097,2.1658,0
30098,2.2892,0
30099,2.3947,0
30100,2.2815,0
30101,2.9553,0
30102,2.3752,0
30103,2.6683,0
30104,3.0123,0
30105,2.7310,0
30106,2.6068,0
30107,2.8223,0
30108,2.1875,0
30109,2.3159,0
30110,2.3596,0
30111,2.3507,0
30112,2.7590,0
30113,2.6106,0
30114,2.7522,0
30115,2.3286,0
30116,2.4361,0
30117,2.9508,0
30118,2.5994,0
30119,3.4604,0
30120,3.0123,0
30121,3.0167,0
30122,3.1354,0
30123,2.6756,0
30124,2.8303,0
30125,3.3469,0
30126,3.9523,0
30127,3.1642,0
30128,3.3843,0
30129,3.4246,0
30130,3.2271,0
30131,3.1071,0
30132,3.3285,0
30133,3.2832,0
30134,2.7939,0
30135,2.7438,0
30136,3.4707,0
30137,3.2209,0
30138,3.1718,0
30139,3.1141,0
30140,2.8232,0
30141,2.6583,0
30142,3.4465,0
30143,2.4625,0
30144,3.1377,0
30145,2.7668,0
30146,3.3217,0
30147,2.7897,0
30148,3.5592,0
30149,2.6448,0
30150,2.7429,0
30151,2.8570,0
30152,3.0034,0
30153,2.5288,0
30154,3.0937,0
30155,2.6193,0
30156,2.8012,0
30157,3.1597,0
30158,3.0724,0
30159,2.7819,0
30160,2.9912,0
30161,2.7471,0
30162,3.0214,0
30163,3.0387,0
30164,3.2490,0
30165,3.3898,0
30166,2.7425,0
30167,2.7959,0
30168,3.2384,0
30169,3.1962,0
30170,2.7115,0
30171,2.7568,0
30172,3.0767,0
30173,3.0037,0
30174,3.3609,0
30175,3.0192,0
30176,2.8026,0
30177,2.8172,0
30178,3.0416,0
30179,3.1747,0
30180,3.2014,0
30181,3.0298,0
30182,2.6471,0
30183,2.3038,0
30184,2.7439,0
30185,2.5460,0
30186,2.3615,0
30187,2.8637,0
30188,2.4787,0
30189,2.5857,0
30190,2.4262,0
30191,3.0515,0
30192,2.4305,0
30193,3.0695,0
30194,2.4528,0
30195,3.1664,0
30196,2.9872,0
30197,2.7637,0
30198,2.9073,0
30199,2.4705,0
30200,3.1445,0
30201,2.7181,0
30202,2.8669,0
30203,2.6804,0
30204,2.5079,0
30205,3.2715,0
30206,2.4371,0
30207,2.5210,0
30208,2.7318,0
30209,2.8896,0
30210,3.0916,0
30211,2.7135,0
30212,2.4647,0
30213,2.2212,0
30214,2.9323,0
30215,2.8840,0
30216,2.3301,0
30217,2.4326,0
30218,2.2582,0
30219,2.3674,0
30220,3.3672,0
30221,2.3252,0
30222,2.3722,0
30223,2.3909,0
30224,2.3227,0
30225,2.4837,0
30226,3.0718,0
30227,3.1419,0
30228,2.9342,0
30229,3.1827,0
30230,2.9072,0
30231,2.4941,0
30232,2.8775,0
30233,2.7484,0
30234,2.4503,0
30235,3.2174,0
30236,2.8958,0
30237,3.1316,0
30238,2.9092,0
30239,2.8332,0
30240,2.5405,0
30241,3.6475,0
30242,3.0182,0
30243,3.1060,0
30244,3.1493,0
30245,3.6594,0
30246,2.8574,0
30247,2.9924,0
30248,3.1957,0
30249,2.8992,0
30250,2.8943,0
30251,3.1319,0
30252,2.9422,0
30253,3.3855,0
30254,3.0471,0
30255,2.3426,0
30256,2.5327,0
30257,2.4723,0
30258,2.9598,0
30259,2.8197,0
30260,3.0500,0
30261,2.4058,0
30262,2.5507,0
30263,2.5994,0
30264,3.6292,0
30265,2.8654,0
30266,2.8973,0
30267,2.9854,0
30268,2.7802,0
30269,3.1067,0
30270,2.4654,0
30271,3.0872,0
30272,2.5937,0
30273,2.5834,0
30274,3.1997,0
30275,3.1209,0
30276,2.8568,0
30277,2.7575,0
30278,2.2573,0
30279,2.8451,0
30280,2.3869,0
30281,2.6637,0
30282,2.8347,0
30283,2.4704,0
30284,2.1916,0
30285,3.3779,0
30286,2.4713,0
30287,2.2748,0
30288,2.5019,0
30289,2.5857,0
30290,2.7707,0
30291,2.2571,0
30292,2.6569,0
30293,2.5416,0
30294,2.4276,0
30295,2.5930,0
30296,2.6008,0
30297,2.6700,0
30298,2.4726,0
30299,2.8923,0
30300,2.4776,0
30301,3.6706,0
30302,2.8552,0
30303,2.5498,0
30304,2.4824,0
30305,2.4811,0
30306,2.6455,0
30307,2.5250,0
30308,2.3999,0
30309,2.3898,0
30310,2.4894,0
30311,2.4124,0
30312,2.5535,0
30313,2.2848,0
30314,2.4697,0
30315,2.2005,0
30316,2.2468,0
30317,2.2995,0
30318,2.3819,0
30319,2.1847,0
30320,2.2966,0
30321,2.7082,0
30322,2.3362,0
30323,2.6482,0
30324,2.4444,0
30325,2.4768,0
30326,2.5949,0
30327,2.3928,0
30328,2.4947,0
30329,2.3687,0
30330,2.3942,0
30331,2.7919,0
30332,2.3095,0
30333,2.4741,0
30334,2.5313,0
30335,2.4106,0
30336,2.2641,0
30337,2.4301,0
30338,2.3335,0
30339,2.5126,0
30340,2.5175,0
30341,2.3902,0
30342,2.4632,0
30343,2.2944,0
30344,2.1556,0
30345,2.3864,0
30346,2.3003,0
30347,2.8153,0
30348,2.9244,0
30349,2.5748,0
30350,2.4654,0
30351,2.3478,0
30352,2.5518,0
30353,2.4316,0
30354,2.4004,0
30355,2.5265,0
30356,2.2557,0
30357,2.3403,0
30358,2.2731,0
30359,2.2135,0
30360,2.4994,0
30361,2.2458,0
30362,2.6750,0
30363,2.3909,0
30364,2.4048,0
30365,2.6430,0
30366,2.3250,0
30367,2.5119,0
30368,2.4806,0
30369,2.3444,0
30370,2.5159,0
30371,2.5071,0
30372,2.5589,0
30373,2.5829,0
30374,2.5572,0
30375,2.2847,0
30376,2.4205,0
30377,2.8001,0
30378,2.8112,0
30379,2.4091,0
30380,2.2916,0
30381,2.2862,0
30382,2.3685,0
30383,2.2827,0
30384,2.8263,0
30385,2.3220,0
30386,2.3442,0
30387,2.2212,0
30388,2.4339,0
30389,2.5103,0
30390,2.4664,0
30391,2.9376,0
30392,2.7056,0
30393,2.5452,0
30394,2.4846,0
30395,2.2498,0
30396,2.4678,0
30397,2.4497,0
30398,2.3465,0
30399,2.4734,0
30400,2.5211,0
30401,2.3045,0
30402,2.4870,0
30403,2.5961,0
30404,2.4600,0
30405,2.9929,0
30406,2.5061,0
30407,2.6548,0
30408,2.4164,0
30409,2.8140,0
30410,2.3249,0
30411,2.2077,0
30412,2.2270,0
30413,2.2316,0
30414,2.3964,0
30415,2.4963,0
30416,2.7007,0
30417,2.4176,0
30418,2.5509,0
30419,2.4983,0
30420,2.3116,0
30421,2.3217,0
30422,2.2522,0
30423,2.3906,0
30424,2.4177,0
30425,2.2903,0
30426,2.4201,0
30427,2.3227,0
30428,2.6578,0
30429,2.5663,0
30430,2.4423,0
30431,2.5148,0
30432,2.3564,0
30433,2.4076,0
30434,2.6051,0
30435,2.3818,0
30436,2.4519,0
30437,2.5039,0
30438,2.8585,0
30439,2.2865,0
30440,2.3468,0
30441,2.3747,0
30442,2.3484,0
30443,2.4926,0
30444,2.5107,0
30445,2.6026,0
30446,2.3643,0
30447,2.4145,0
30448,2.8925,0
30449,2.5273,0
30450,2.4847,0
30451,2.9669,0
30452,2.4380,0
30453,2.5703,0
30454,2.3549,0
30455,2.3813,0
30456,2.4284,0
30457,2.4049,0
30458,2.4139,0
30459,2.3704,0
30460,2.5851,0
30461,2.4725,0
30462,2.4752,0
30463,2.4393,0
30464,2.4222,0
30465,2.4945,0
30466,2.4404,0
30467,2.3709,0
30468,2.4610,0
30469,2.4902,0
30470,2.5625,0
30471,2.5484,0
30472,2.3141,0
30473,2.3893,0
30474,2.3963,0
30475,2.3378,0
30476,2.4521,0
30477,2.7138,0
30478,2.3579,0
30479,2.4357,0
30480,2.5983,0
30481,3.4044,0
30482,2.8048,0
30483,2.4631,0
30484,2.4687,0
30485,2.8634,0
30486,2.5020,0
30487,2.4142,0
30488,2.6746,0
30489,2.3956,0
30490,2.1685,0
30491,2.3992,0
30492,2.4406,0
30493,2.4642,0
30494,2.5067,0
30495,2.6262,0
30496,2.5119,0
30497,2.6800,0
30498,2.4718,0
30499,2.5136,0
30500,2.4568,0
30501,2.4713,0
30502,2.5066,0
30503,2.6970,0
30504,2.7791,0
30505,2.5760,0
30506,2.5355,0
30507,2.5008,0
30508,2.9659,0
30509,2.3982,0
30510,2.5081,0
30511,2.3496,0
30512,2.6149,0
30513,2.3966,0
30514,2.4133,0
30515,2.4078,0
30516,2.4988,0
30517,2.5023,0
30518,2.3518,0
30519,2.3410,0
30520,2.4021,0
30521,2.7151,0
30522,2.6312,0
30523,2.5924,0
30524,2.7260,0
30525,2.5642,0
30526,2.4461,0
30527,2.3717,0
30528,2.4815,0
30529,2.5981,0
30530,2.4022,0
30531,2.4966,0
30532,2.5784,0
30533,3.0027,0
30534,2.6925,0
30535,2.2436,0
30536,2.6445,0
30537,2.3056,0
30538,2.4156,0
30539,2.1848,0
30540,2.6929,0
30541,2.3322,0
30542,2.7176,0
30543,2.2869,0
30544,3.5405,0
30545,2.7154,0
30546,2.8494,0
30547,3.6747,0
30548,2.3795,0
30549,2.6477,0
30550,2.8136,0
30551,3.0879,0
30552,3.2006,0
30553,2.4326,0
30554,3.4664,0
30555,2.7497,0
30556,3.0952,0
30557,2.5557,0
30558,3.0762,0
30559,2.4017,0
30560,3.1043,0
30561,3.3993,0
30562,2.9327,0
30563,2.6909,0
30564,2.2416,0
30565,2.8596,0
30566,2.3881,0
30567,3.0329,0
30568,2.3439,0
30569,3.1682,0
30570,2.7249,0
30571,2.5339,0
30572,3.1071,0
30573,3.0471,0
30574,2.1768,0
30575,2.7755,0
30576,2.9645,0
30577,2.4098,0
30578,2.8873,0
30579,3.1566,0
30580,2.4196,0
30581,3.2028,0
30582,2.4790,0
30583,2.4985,0
30584,2.8931,0
30585,2.6497,0
30586,3.1394,0
30587,2.8210,0
30588,2.4175,0
30589,2.4098,0
30590,3.3825,0
30591,2.8750,0
30592,2.6714,0
30593,2.9321,0
30594,2.4937,0
30595,2.5166,0
30596,2.3916,0
30597,2.8663,0
30598,2.5165,0
30599,3.1892,0
30600,2.8096,0
30601,2.8591,0
30602,2.7450,0
30603,2.3400,0
30604,2.6725,0
30605,2.7352,0
30606,2.0583,0
30607,2.5726,0
30608,2.3542,0
30609,2.5825,0
30610,2.5670,0
30611,2.8245,0
30612,2.7992,0
30613,2.7386,0
30614,2.7502,0
30615,2.5907,0
30616,2.6476,0
30617,2.5372,0
30618,2.4695,0
30619,2.7130,0
30620,2.5694,0
30621,2.5782,0
30622,2.4869,0
30623,2.4968,0
30624,2.8055,0
30625,2.4965,0
30626,2.4515,0
30627,2.3644,0
30628,2.3897,0
30629,2.2644,0
30630,2.4167,0
30631,2.4728,0
30632,2.7916,0
30633,2.4229,0
30634,2.4956,0
30635,2.4706,0
30636,3.0189,0
30637,2.5025,0
30638,2.6814,0
30639,2.5518,0
30640,2.5574,0
30641,2.5152,0
30642,2.4935,0
30643,2.5584,0
30644,2.6829,0
30645,2.5960,0
30646,2.8061,0
30647,2.7393,0
30648,2.5420,0
30649,2.5286,0
30650,2.5137,0
30651,2.6510,0
30652,2.7001,0
30653,2.6315,0
30654,2.7653,0
30655,2.5377,0
30656,2.6286,0
30657,3.0781,0
30658,2.5919,0
30659,2.5312,0
30660,2.7199,0
30661,2.2884,0
30662,2.4319,0
30663,2.5305,0
30664,2.4997,0
30665,2.6849,0
30666,2.6328,0
30667,2.6101,0
30668,2.4245,0
30669,2.3404,0
30670,2.6013,0
30671,2.3886,0
30672,2.4575,0
30673,2.9528,0
30674,2.4424,0
30675,2.8410,0
30676,2.6275,0
30677,2.4649,0
30678,2.4384,0
30679,2.4155,0
30680,2.4643,0
30681,2.3581,0
30682,2.5816,0
30683,2.4442,0
30684,2.5465,0
30685,2.5356,0
30686,2.6176,0
30687,2.4733,0
30688,2.5432,0
30689,2.4662,0
30690,2.6405,0
30691,2.5091,0
30692,2.9902,0
30693,2.5425,0
30694,2.4634,0
30695,2.4189,0
30696,2.5456,0
30697,3.0400,0
30698,2.4433,0
30699,2.3804,0
30700,2.5997,0
30701,2.5669,0
30702,2.5367,0
30703,2.3369,0
30704,2.4130,0
30705,2.5706,0
30706,3.3489,0
30707,2.7786,0
30708,2.5316,0
30709,2.4650,0
30710,2.5102,0
30711,2.4326,0
30712,3.0072,0
30713,2.9910,0
30714,2.3397,0
30715,2.3345,0
30716,2.7288,0
30717,2.6361,0
30718,2.5259,0
30719,2.4460,0
30720,2.4636,0
30721,2.2810,0
30722,2.3667,0
30723,2.4577,0
30724,2.4188,0
30725,2.5744,0
30726,2.5204,0
30727,2.5843,0
30728,2.4779,0
30729,2.4214,0
30730,2.4137,0
30731,2.4859,0
30732,2.5391,0
30733,2.3603,0
30734,2.4947,0
30735,2.4654,0
30736,2.5223,0
30737,2.6449,0
30738,2.3961,0
30739,2.6755,0
30740,2.5521,0
30741,2.6405,0
30742,2.7074,0
30743,2.8843,0
30744,3.2115,0
30745,2.7054,0
30746,2.9942,0
30747,2.5943,0
30748,2.5706,0
30749,2.5385,0
30750,2.3164,0
30751,2.7891,0
30752,2.4079,0
30753,2.3974,0
30754,2.4828,0
30755,2.6605,0
30756,2.6912,0
30757,2.6849,0
30758,2.6726,0
30759,2.5492,0
30760,2.9631,0
30761,2.4765,0
30762,2.5568,0
30763,2.4724,0
30764,2.5993,0
30765,2.4501,0
30766,2.5676,0
30767,2.4986,0
30768,2.4444,0
30769,2.5161,0
30770,2.5515,0
30771,2.6792,0
30772,2.7358,0
30773,2.6921,0
30774,2.4375,0
30775,2.4269,0
30776,2.2782,0
30777,2.6427,0
30778,2.4187,0
30779,2.4825,0
30780,2.4200,0
30781,2.5721,0
30782,2.4491,0
30783,2.2847,0
30784,2.5554,0
30785,2.5169,0
30786,2.3206,0
30787,2.4949,0
30788,2.4882,0
30789,2.5993,0
30790,2.3942,0
30791,2.5865,0
30792,2.5689,0
30793,2.8403,0
30794,2.4995,0
30795,2.6839,0
30796,2.5580,0
30797,2.5869,0
30798,2.5133,0
30799,2.4863,0
30800,2.4009,0
30801,2.3801,0
30802,2.6419,0
30803,2.5660,0
30804,2.5047,0
30805,2.5012,0
30806,2.6347,0
30807,2.3360,0
30808,2.5608,0
30809,2.6112,0
30810,2.7349,0
30811,2.4642,0
30812,2.4461,0
30813,2.6131,0
30814,2.3082,0
30815,2.5666,0
30816,2.4553,0
30817,2.5407,0
30818,2.5407,0
30819,2.3154,0
30820,3.0109,0
30821,2.4084,0
30822,2.6297,0
30823,2.7301,0
30824,2.5911,0
30825,2.4849,0
30826,2.3394,0
30827,2.6049,0
30828,2.4546,0
30829,2.3252,0
30830,2.2995,0
30831,2.2965,0
30832,2.3377,0
30833,2.4100,0
30834,2.3513,0
30835,2.5993,0
30836,2.4839,0
30837,2.3171,0
30838,2.4256,0
30839,2.3857,0
30840,2.3846,0
30841,2.3522,0
30842,2.4245,0
30843,2.3212,0
30844,2.6635,0
30845,2.3435,0
30846,2.8495,0
30847,2.5336,0
30848,2.4112,0
30849,2.4594,0
30850,2.3101,0
30851,2.4530,0
30852,2.8451,0
30853,2.2778,0
30854,2.2436,0
30855,2.2480,0
30856,2.4638,0
30857,2.3064,0
30858,2.1522,0
30859,2.3575,0
30860,2.6462,0
30861,2.4524,0
30862,2.4293,0
30863,2.3746,0
30864,2.3587,0
30865,2.6640,0
30866,2.5599,0
30867,2.9732,0
30868,2.5580,0
30869,2.4386,0
30870,2.3678,0
30871,2.8896,0
30872,2.3867,0
30873,2.3751,0
30874,2.7448,0
30875,2.2569,0
30876,2.4096,0
30877,2.4921,0
30878,2.3867,0
30879,3.2370,0
30880,2.6193,0
30881,2.2470,0
30882,2.2915,0
30883,2.4271,0
30884,2.3421,0
30885,2.4529,0
30886,2.2881,0
30887,2.2337,0
30888,2.4220,0
30889,2.3621,0
30890,2.5068,0
30891,3.0025,0
30892,2.5489,0
30893,2.5234,0
30894,2.4880,0
30895,2.4441,0
30896,2.5275,0
30897,2.6383,0
30898,2.4664,0
30899,2.3109,0
30900,2.3904,0
30901,2.3745,0
30902,2.4169,0
30903,2.4785,0
30904,2.5920,0
30905,2.4373,0
30906,2.4649,0
30907,2.3095,0
30908,2.4350,0
30909,2.3296,0
30910,2.6024,0
30911,2.4259,0
30912,2.5342,0
30913,2.6034,0
30914,2.5337,0
30915,2.4504,0
30916,2.6001,0
30917,2.8397,0
30918,2.7768,0
30919,2.4110,0
30920,2.3652,0
30921,2.4213,0
30922,2.2635,0
30923,2.9072,0
30924,2.3754,0
30925,2.2388,0
30926,2.4606,0
30927,2.8731,0
30928,2.3026,0
30929,2.4216,0
30930,2.4472,0
30931,2.4055,0
30932,2.3131,0
30933,2.4354,0
30934,2.3894,0
30935,2.6342,0
30936,2.6709,0
30937,2.5321,0
30938,2.3733,0
30939,2.3576,0
30940,2.4761,0
30941,3.0654,0
30942,2.2999,0
30943,2.3686,0
30944,2.9381,0
30945,2.3379,0
30946,2.2697,0
30947,2.3054,0
30948,2.4734,0
30949,2.3832,0
30950,2.4151,0
30951,2.3143,0
30952,2.6135,0
30953,2.5132,0
30954,2.4771,0
30955,2.6223,0
30956,2.4362,0
30957,2.9308,0
30958,2.7963,0
30959,2.4852,0
30960,2.4071,0
30961,2.4324,0
30962,2.3660,0
30963,2.5140,0
30964,2.5085,0
30965,2.3379,0
30966,2.5653,0
30967,2.4985,0
30968,2.4583,0
30969,2.3891,0
30970,2.6312,0
30971,2.5372,0
30972,2.6582,0
30973,2.9171,0
30974,2.6746,0
30975,2.5876,0
30976,2.6460,0
30977,2.5971,0
30978,2.5962,0
30979,2.8325,0
30980,2.5525,0
30981,2.5080,0
30982,2.8498,0
30983,2.5970,0
30984,2.8112,0
30985,2.3716,0
30986,2.2475,0
30987,2.3199,0
30988,2.4170,0
30989,2.5038,0
30990,2.5335,0
30991,2.6189,0
30992,2.5778,0
30993,2.6842,0
30994,2.4962,0
30995,2.6621,0
30996,2.6205,0
30997,2.8454,0
30998,2.6537,0
30999,2.6368,0
31000,2.4431,0
31001,2.3677,0
31002,2.5414,0
31003,2.5484,0
31004,2.5296,0
31005,2.6289,0
31006,2.3585,0
31007,2.4300,0
31008,2.4469,0
31009,2.3820,0
31010,2.5577,0
31011,2.4729,0
31012,2.4869,0
31013,2.4657,0
31014,2.4299,0
31015,2.6156,0
31016,2.4645,0
31017,2.5286,0
31018,2.5142,0
31019,2.7201,0
31020,2.7684,0
31021,2.5150,0
31022,2.6563,0
31023,2.7508,0
31024,2.4358,0
31025,2.5650,0
31026,2.6645,0
31027,2.7657,0
31028,2.8351,0
31029,2.5708,0
31030,2.6000,0
31031,2.9393,0
31032,2.5318,0
31033,2.9260,0
31034,2.5452,0
31035,2.4126,0
31036,2.4821,0
31037,2.5592,0
31038,2.4923,0
31039,2.3276,0
31040,2.4750,0
31041,2.5671,0
31042,2.5026,0
31043,2.5383,0
31044,2.8075,0
31045,2.7199,0
31046,2.6086,0
31047,2.5462,0
31048,2.5560,0
31049,2.4779,0
31050,2.7143,0
31051,2.6177,0
31052,2.8377,0
31053,2.5315,0
31054,2.6086,0
31055,2.4359,0
31056,2.5958,0
31057,2.5524,0
31058,2.6718,0
31059,2.5635,0
31060,2.5403,0
31061,2.9151,0
31062,2.5464,0
31063,2.8900,0
31064,2.4606,0
31065,2.9267,0
31066,2.4376,0
31067,2.1858,0
31068,2.3759,0
31069,2.4118,0
31070,2.7075,0
31071,2.3260,0
31072,2.5603,0
31073,2.5430,0
31074,2.6796,0
31075,2.6097,0
31076,2.6691,0
31077,3.0866,0
31078,2.7907,0
31079,2.7029,0
31080,2.4779,0
31081,2.5986,0
31082,2.3433,0
31083,2.4008,0
31084,2.4523,0
31085,2.4404,0
31086,2.5505,0
31087,2.6176,0
31088,2.6107,0
31089,2.6042,0
31090,2.6904,0
31091,2.5400,0
31092,2.6111,0
31093,2.5591,0
31094,2.5886,0
31095,2.3430,0
31096,2.4862,0
31097,2.9223,0
31098,2.6102,0
31099,2.6420,0
31100,2.7544,0
31101,2.6538,0
31102,2.5847,0
31103,2.4561,0
31104,2.4868,0
31105,2.5020,0
31106,2.6726,0
31107,2.4420,0
31108,2.5944,0
31109,2.5054,0
31110,2.6249,0
31111,2.4513,0
31112,2.6731,0
31113,2.9207,0
31114,2.6838,0
31115,2.5656,0
31116,2.6809,0
31117,2.4121,0
31118,2.4890,0
31119,2.3202,0
31120,2.3963,0
31121,2.4764,0
31122,2.5769,0
31123,2.6460,0
31124,3.1990,0
31125,2.5048,0
31126,2.5068,0
31127,2.4907,0
31128,2.5200,0
31129,2.4689,0
31130,2.4850,0
31131,2.5324,0
31132,2.5643,0
31133,2.6236,0
31134,2.4799,0
31135,2.5420,0
31136,2.4448,0
31137,2.4576,0
31138,2.6373,0
31139,2.6302,0
31140,2.6117,0
31141,2.4811,0
31142,2.5115,0
31143,2.5323,0
31144,2.4803,0
31145,2.9327,0
31146,2.6759,0
31147,2.5976,0
31148,2.4321,0
31149,2.4531,0
31150,2.3864,0
31151,2.4576,0
31152,2.4530,0
31153,2.9183,0
31154,3.2839,0
31155,3.8372,0
31156,2.9204,0
31157,2.7697,0
31158,3.1900,0
31159,2.7552,0
31160,2.8557,0
31161,2.8726,0
31162,3.5242,0
31163,3.4778,0
31164,3.1816,0
31165,3.4725,0
31166,2.7485,0
31167,3.2519,0
31168,3.0155,0
31169,3.0863,0
31170,3.0610,0
31171,3.5474,0
31172,2.7567,0
31173,3.0805,0
31174,3.8889,0
31175,2.9006,0
31176,2.4943,0
31177,3.2752,0
31178,2.7076,0
31179,2.5206,0
31180,2.3606,0
31181,2.5868,0
31182,2.3840,0
31183,2.4149,0
31184,2.5273,0
31185,2.4248,0
31186,2.9067,0
31187,2.6264,0
31188,2.6978,0
31189,2.3590,0
31190,2.3500,0
31191,2.5831,0
31192,2.5283,0
31193,2.5288,0
31194,2.4664,0
31195,2.4128,0
31196,2.4698,0
31197,2.6696,0
31198,2.7755,0
31199,2.6994,0
31200,2.6527,0
31201,2.4845,0
31202,2.6306,0
31203,2.5289,0
31204,2.5151,0
31205,2.5182,0
31206,2.4297,0
31207,2.5626,0
31208,2.5128,0
31209,2.6411,0
31210,2.6082,0
31211,2.6675,0
31212,2.7858,0
31213,2.5425,0
31214,2.7866,0
31215,3.2866,0
31216,2.5073,0
31217,2.4158,0
31218,2.4976,0
31219,2.3787,0
31220,2.4625,0
31221,2.4613,0
31222,2.6664,0
31223,2.4538,0
31224,2.5158,0
31225,2.5060,0
31226,2.5810,0
31227,2.7441,0
31228,2.7118,0
31229,2.6093,0
31230,2.3655,0
31231,2.3434,0
31232,2.3628,0
31233,2.5663,0
31234,2.5147,0
31235,2.6736,0
31236,2.4241,0
31237,2.5089,0
31238,2.5579,0
31239,2.5400,0
31240,2.5062,0
31241,3.0697,0
31242,2.3779,0
31243,2.5043,0
31244,2.3638,0
31245,2.3169,0
31246,2.3839,0
31247,2.3052,0
31248,2.4752,0
31249,2.4247,0
31250,2.3888,0
31251,2.3854,0
31252,2.3605,0
31253,2.4591,0
31254,2.3678,0
31255,2.4333,0
31256,2.4014,0
31257,2.5368,0
31258,2.4627,0
31259,2.4395,0
31260,2.4827,0
31261,2.2986,0
31262,2.4671,0
31263,2.3470,0
31264,2.5308,0
31265,2.3520,0
31266,3.1603,0
31267,3.2187,0
31268,3.2636,0
31269,3.1530,0
31270,4.1936,0
31271,3.8072,0
31272,3.0568,0
31273,2.7910,0
31274,3.0161,0
31275,3.0455,0
31276,2.8008,0
31277,2.9193,0
31278,2.4706,0
31279,2.7287,0
31280,2.9216,0
31281,2.5010,0
31282,2.3537,0
31283,2.4344,0
31284,2.3124,0
31285,2.8832,0
31286,2.6560,0
31287,2.4727,0
31288,2.5803,0
31289,2.8370,0
31290,2.3373,0
31291,2.4105,0
31292,2.4654,0
31293,2.6017,0
31294,2.3517,0
31295,2.2964,0
31296,2.4589,0
31297,2.6833,0
31298,2.6286,0
31299,2.8309,0
31300,2.8197,0
31301,2.6788,0
31302,2.6356,0
31303,2.6557,0
31304,2.5935,0
31305,3.0867,0
31306,2.4875,0
31307,3.0229,0
31308,2.3712,0
31309,2.6903,0
31310,2.3092,0
31311,2.3396,0
31312,2.6106,0
31313,2.4244,0
31314,2.4190,0
31315,2.6806,0
31316,2.6072,0
31317,2.5712,0
31318,3.0266,0
31319,2.4799,0
31320,2.4147,0
31321,2.7903,0
31322,2.6025,0
31323,2.3766,0
31324,2.4058,0
31325,2.3580,0
31326,2.3931,0
31327,2.4694,0
31328,2.5639,0
31329,2.6873,0
31330,2.5517,0
31331,2.6347,0
31332,2.5057,0
31333,2.5254,0
31334,2.6665,0
31335,2.3591,0
31336,2.7005,0
31337,2.4973,0
31338,2.2505,0
31339,2.4132,0
31340,2.6807,0
31341,2.5619,0
31342,2.7345,0
31343,2.5183,0
31344,2.5618,0
31345,2.5811,0
31346,2.3685,0
31347,2.3677,0
31348,2.2590,0
31349,2.5242,0
31350,2.7799,0
31351,2.5315,0
31352,2.4802,0
31353,2.3230,0
31354,2.2948,0
31355,2.4867,0
31356,2.3636,0
31357,2.4582,0
31358,2.6986,0
31359,3.0846,0
31360,2.6558,0
31361,2.3757,0
31362,2.6552,0
31363,2.4144,0
31364,2.4933,0
31365,2.5722,0
31366,2.5893,0
31367,2.5574,0
31368,2.4544,0
31369,2.5169,0
31370,2.4888,0
31371,2.5106,0
31372,2.6125,0
31373,2.6352,0
31374,2.5571,0
31375,2.6391,0
31376,2.4958,0
31377,2.4762,0
31378,2.5804,0
31379,2.3960,0
31380,2.7642,0
31381,2.5130,0
31382,2.3689,0
31383,2.3515,0
31384,2.8181,0
31385,2.6181,0
31386,2.5484,0
31387,2.4287,0
31388,2.4589,0
31389,2.2808,0
31390,2.4060,0
31391,2.4196,0
31392,2.2990,0
31393,2.2871,0
31394,2.3009,0
31395,2.4868,0
31396,2.4487,0
31397,2.8438,0
31398,2.8130,0
31399,3.3418,0
31400,2.8507,0
31401,3.0215,0
31402,3.3871,0
31403,3.2400,0
31404,2.8624,0
31405,2.8716,0
31406,3.0631,0
31407,3.1161,0
31408,2.8070,0
31409,3.1202,0
31410,2.7167,0
31411,3.0063,0
31412,2.5487,0
31413,3.3568,0
31414,2.7087,0
31415,3.1828,0
31416,2.9424,0
31417,2.2161,0
31418,2.9511,0
31419,2.9054,0
31420,2.8364,0
31421,3.1278,0
31422,2.8271,0
31423,3.1901,0
31424,2.7106,0
31425,2.5424,0
31426,3.1050,0
31427,2.2143,0
31428,2.8654,0
31429,2.3116,0
31430,2.4968,0
31431,2.4195,0
31432,2.5098,0
31433,2.3753,0
31434,2.2925,0
31435,2.6479,0
31436,2.7810,0
31437,2.4789,0
31438,2.7111,0
31439,2.4148,0
31440,2.5779,0
31441,2.3588,0
31442,2.5147,0
31443,2.7184,0
31444,2.4890,0
31445,2.5074,0
31446,2.3766,0
31447,2.3732,0
31448,2.5772,0
31449,2.3899,0
31450,2.8661,0
31451,2.4925,0
31452,2.3908,0
31453,2.6089,0
31454,3.0168,0
31455,2.8278,0
31456,2.2444,0
31457,2.7826,0
31458,2.4499,0
31459,2.4955,0
31460,2.8548,0
31461,3.3116,0
31462,3.2881,0
31463,3.1939,0
31464,3.0347,0
31465,2.6424,0
31466,2.9728,0
31467,2.8189,0
31468,2.6728,0
31469,2.4888,0
31470,2.6310,0
31471,2.5141,0
31472,2.4919,0
31473,2.2717,0
31474,2.4464,0
31475,2.4031,0
31476,2.4306,0
31477,2.5844,0
31478,2.4428,0
31479,2.3453,0
31480,2.5376,0
31481,2.4398,0
31482,2.3438,0
31483,2.9881,0
31484,2.3863,0
31485,2.3597,0
31486,2.4918,0
31487,2.4908,0
31488,2.6282,0
31489,2.4897,0
31490,2.5610,0
31491,2.9886,0
31492,2.4478,0
31493,2.2611,0
31494,2.2323,0
31495,2.3672,0
31496,2.5228,0
31497,2.2791,0
31498,2.7636,0
31499,2.5086,0
31500,2.4403,0
31501,2.4074,0
31502,2.4308,0
31503,2.4996,0
31504,2.6751,0
31505,2.9400,0
31506,2.4584,0
31507,2.5413,0
31508,2.5148,0
31509,2.6027,0
31510,3.0817,0
31511,3.0082,0
31512,2.8274,0
31513,3.0242,0
31514,2.9785,0
31515,2.9281,0
31516,2.7551,0
31517,2.9626,0
31518,3.5771,0
31519,2.9981,0
31520,2.8533,0
31521,2.9420,0
31522,3.2156,0
31523,2.4803,0
31524,3.1063,0
31525,3.5260,0
31526,2.7424,0
31527,2.8354,0
31528,3.3591,0
31529,2.9285,0
31530,3.0031,0
31531,2.7274,0
31532,2.8006,0
31533,3.7777,0
31534,3.8732,0
31535,3.0272,0
31536,2.8302,0
31537,2.6944,0
31538,3.0297,0
31539,3.1924,0
31540,2.8302,0
31541,3.0082,0
31542,3.3595,0
31543,2.5490,0
31544,3.3902,0
31545,2.6221,0
31546,2.8826,0
31547,3.2489,0
31548,2.9084,0
31549,3.1578,0
31550,2.8684,0
31551,3.0325,0
31552,2.9125,0
31553,3.3726,0
31554,2.6549,0
31555,2.9931,0
31556,3.0381,0
31557,3.2413,0
31558,2.9726,0
31559,2.9464,0
31560,3.0407,0
31561,3.0204,0
31562,2.6107,0
31563,3.3330,0
31564,2.8362,0
31565,2.9897,0
31566,2.5032,0
31567,3.7277,0
31568,2.7070,0
31569,3.0637,0
31570,2.7955,0
31571,3.3660,0
31572,3.1963,0
31573,3.3488,0
31574,3.5984,0
31575,3.2057,0
31576,2.5518,0
31577,2.9650,0
31578,2.5065,0
31579,2.9950,0
31580,3.4583,0
31581,3.2051,0
31582,2.4127,0
31583,2.8119,0
31584,2.6475,0
31585,5.6320,0
31586,9.5141,0
31587,3.0645,0
31588,3.2476,0
31589,2.8234,0
31590,2.8066,0
31591,3.1003,0
31592,2.9365,0
31593,2.8086,0
31594,2.9402,0
31595,3.1137,0
31596,3.6926,0
31597,3.3711,0
31598,3.5718,0
31599,3.6795,0
31600,3.2697,0
31601,3.3537,0
31602,3.2017,0
31603,3.2555,0
31604,3.8984,0
31605,2.8777,0
31606,3.2635,0
31607,3.1852,0
31608,2.8418,0
31609,2.9425,0
31610,4.8629,0
31611,3.9091,0
31612,3.1240,0
31613,2.4812,0
31614,2.9962,0
31615,3.4966,0
31616,3.4364,0
31617,2.6354,0
31618,2.6108,0
31619,2.8201,0
31620,2.3712,0
31621,2.7143,0
31622,2.3815,0
31623,2.8259,0
31624,2.8218,0
31625,2.3012,0
31626,2.4292,0
31627,2.4885,0
31628,2.4315,0
31629,2.3716,0
31630,2.3753,0
31631,3.4580,0
31632,2.5348,0
31633,2.6764,0
31634,2.8370,0
31635,2.7504,0
31636,2.5204,0
31637,2.7160,0
31638,2.6777,0
31639,3.0462,0
31640,3.2307,0
31641,2.6226,0
31642,2.8423,0
31643,3.0868,0
31644,3.2125,0
31645,3.4443,0
31646,2.7294,0
31647,3.3541,0
31648,3.3963,0
31649,2.8823,0
31650,3.6013,0
31651,3.4037,0
31652,2.5619,0
31653,2.5402,0
31654,2.5467,0
31655,3.0439,0
31656,3.2362,0
31657,2.9156,0
31658,3.0736,0
31659,2.8859,0
31660,2.7952,0
31661,3.0560,0
31662,2.8477,0
31663,2.4593,0
31664,3.0310,0
31665,2.5416,0
31666,3.8359,0
31667,3.7072,0
31668,3.3926,0
31669,3.6868,0
31670,3.9924,0
31671,3.9917,0
31672,3.8312,0
31673,3.0773,0
31674,3.7028,0
31675,3.4587,0
31676,3.8901,0
31677,3.8488,0
31678,3.0959,0
31679,3.9659,0
31680,3.1066,0
31681,3.8080,0
31682,3.2960,0
31683,3.6752,0
31684,3.2647,0
31685,3.8650,0
31686,4.2516,0
31687,4.1633,0
31688,3.2954,0
31689,3.3283,0
31690,3.9134,0
31691,3.2352,0
31692,3.7959,0
31693,3.3111,0
31694,3.7299,0
31695,2.7391,0
31696,3.4958,0
31697,3.4320,0
31698,3.3173,0
31699,3.3206,0
31700,3.4336,0
31701,3.1479,0
31702,3.0722,0
31703,3.1427,0
31704,4.2510,0
31705,3.7766,0
31706,3.6009,0
31707,3.4041,0
31708,3.4615,0
31709,3.8455,0
31710,3.3492,0
31711,3.5697,0
31712,3.1131,0
31713,3.3264,0
31714,3.4320,0
31715,3.7597,0
31716,3.4342,0
31717,3.2288,0
31718,3.3903,0
31719,3.3694,0
31720,3.1211,0
31721,3.4346,0
31722,3.5789,0
31723,3.1147,0
31724,3.7355,0
31725,3.2669,0
31726,3.0006,0
31727,3.2553,0
31728,3.5103,0
31729,2.7025,0
31730,3.3011,0
31731,3.3358,0
31732,3.1048,0
31733,2.9079,0
31734,2.7310,0
31735,2.7961,0
31736,2.7087,0
31737,3.1121,0
31738,2.8719,0
31739,2.9448,0
31740,2.8713,0
31741,3.1482,0
31742,2.8224,0
31743,2.8956,0
31744,3.0990,0
31745,2.8813,0
31746,3.1888,0
31747,2.8303,0
31748,2.7676,0
31749,3.2438,0
31750,3.0299,0
31751,2.4067,0
31752,2.8942,0
31753,3.1714,0
31754,2.9005,0
31755,2.8000,0
31756,2.8240,0
31757,3.0580,0
31758,2.9051,0
31759,2.9430,0
31760,2.8584,0
31761,2.9828,0
31762,2.7483,0
31763,2.4144,0
31764,3.4405,0
31765,2.7366,0
31766,2.8642,0
31767,2.6213,0
31768,2.8905,0
31769,2.6736,0
31770,3.0897,0
31771,2.7383,0
31772,3.0172,0
31773,2.4571,0
31774,2.3675,0
31775,3.3586,0
31776,2.4135,0
31777,3.1679,0
31778,2.8397,0
31779,2.4123,0
31780,2.5086,0
31781,3.0555,0
31782,2.8722,0
31783,2.6127,0
31784,3.0049,0
31785,2.4448,0
31786,2.7231,0
31787,2.7897,0
31788,2.3285,0
31789,2.4431,0
31790,3.1385,0
31791,2.8147,0
31792,2.4134,0
31793,2.4104,0
31794,2.3873,0
31795,2.5968,0
31796,2.2475,0
31797,2.7060,0
31798,2.9691,0
31799,2.4543,0
31800,2.5403,0
31801,2.5761,0
31802,2.7808,0
31803,2.4454,0
31804,2.8624,0
31805,2.6150,0
31806,2.7192,0
31807,2.4971,0
31808,2.4562,0
31809,2.2944,0
31810,2.3972,0
31811,2.3861,0
31812,2.3655,0
31813,3.0000,0
31814,2.6276,0
31815,3.1620,0
31816,2.3520,0
31817,2.9909,0
31818,2.5036,0
31819,2.5953,0
31820,2.9324,0
31821,2.8139,0
31822,2.7434,0
31823,2.6119,0
31824,2.5080,0
31825,2.3046,0
31826,2.4905,0
31827,2.5673,0
31828,2.2655,0
31829,2.4769,0
31830,2.5766,0
31831,2.4494,0
31832,2.7926,0
31833,2.4737,0
31834,2.3565,0
31835,2.3955,0
31836,2.4448,0
31837,2.5727,0
31838,2.4948,0
31839,2.5538,0
31840,2.3692,0
31841,2.6949,0
31842,2.5603,0
31843,2.4444,0
31844,2.4429,0
31845,2.4291,0
31846,2.6124,0
31847,2.5013,0
31848,2.5374,0
31849,2.3406,0
31850,2.3666,0
31851,2.4395,0
31852,2.5128,0
31853,2.6014,0
31854,2.8060,0
31855,2.5940,0
31856,2.5177,0
31857,2.4361,0
31858,2.4413,0
31859,2.4154,0
31860,2.4131,0
31861,2.4506,0
31862,2.4492,0
31863,2.5623,0
31864,2.6189,0
31865,2.5689,0
31866,2.4062,0
31867,2.6190,0
31868,2.7268,0
31869,2.7416,0
31870,2.5423,0
31871,2.4555,0
31872,2.7888,0
31873,2.6700,0
31874,2.4730,0
31875,2.6265,0
31876,2.6169,0
31877,2.6204,0
31878,2.9208,0
31879,2.8982,0
31880,2.7502,0
31881,2.7805,0
31882,3.1390,0
31883,2.5265,0
31884,2.7244,0
31885,2.6440,0
31886,2.5016,0
31887,2.5518,0
31888,2.6436,0
31889,2.4851,0
31890,2.6009,0
31891,2.5521,0
31892,2.5212,0
31893,2.4882,0
31894,2.3653,0
31895,2.2010,0
31896,2.7624,0
31897,2.4661,0
31898,2.3500,0
31899,3.0201,0
31900,2.4953,0
31901,2.4500,0
31902,2.9011,0
31903,2.5791,0
31904,2.6193,0
31905,2.5027,0
31906,2.5860,0
31907,2.3870,0
31908,2.2486,0
31909,2.2995,0
31910,2.8125,0
31911,2.8360,0
31912,2.6150,0
31913,2.6067,0
31914,2.4348,0
31915,2.3794,0
31916,2.5067,0
31917,2.5431,0
31918,2.4316,0
31919,2.5354,0
31920,2.6733,0
31921,2.4898,0
31922,2.8240,0
31923,2.8525,0
31924,2.5520,0
31925,2.6073,0
31926,3.0395,0
31927,2.7661,0
31928,2.5123,0
31929,2.5811,0
31930,2.3959,0
31931,2.3325,0
31932,2.2646,0
31933,2.2904,0
31934,2.6716,0
31935,2.5419,0
31936,2.5183,0
31937,2.5019,0
31938,2.5743,0
31939,2.5038,0
31940,2.7829,0
31941,2.4747,0
31942,2.3247,0
31943,2.3780,0
31944,2.2065,0
31945,2.5058,0
31946,2.3224,0
31947,2.6007,0
31948,2.4866,0
31949,2.3484,0
31950,2.5749,0
31951,2.9569,0
31952,2.7128,0
31953,2.5799,0
31954,2.5827,0
31955,2.7216,0
31956,2.5178,0
31957,2.4876,0
31958,2.7480,0
31959,2.9113,0
31960,2.5188,0
31961,2.4578,0
31962,2.3505,0
31963,2.4808,0
31964,2.3728,0
31965,2.1764,0
31966,2.4460,0
31967,2.3447,0
31968,2.6381,0
31969,2.3609,0
31970,2.2896,0
31971,2.4478,0
31972,2.5797,0
31973,2.2805,0
31974,2.7486,0
31975,2.8687,0
31976,2.6329,0
31977,2.3236,0
31978,2.4319,0
31979,2.3534,0
31980,2.6010,0
31981,2.9712,0
31982,2.6508,0
31983,2.4348,0
31984,2.6214,0
31985,2.3855,0
31986,2.8192,0
31987,2.4464,0
31988,2.6048,0
31989,2.5183,0
31990,2.6360,0
31991,2.7132,0
31992,2.5613,0
31993,3.2219,0
31994,2.8657,0
31995,2.9284,0
31996,2.7284,0
31997,2.8694,0
31998,2.5976,0
31999,2.8949,0
32000,2.5773,0
32001,2.5459,0
32002,2.4329,0
32003,2.8214,0
32004,2.8184,0
32005,2.6755,0
32006,2.5342,0
32007,2.7504,0
32008,2.4780,0
32009,2.6812,0
32010,2.6370,0
32011,2.5144,0
32012,2.5670,0
32013,2.6858,0
32014,2.5948,0
32015,2.6494,0
32016,2.5811,0
32017,3.2922,0
32018,2.4549,0
32019,2.4187,0
32020,2.6151,0
32021,2.4651,0
32022,2.5206,0
32023,2.5531,0
32024,2.4268,0
32025,2.5921,0
32026,2.5818,0
32027,2.4977,0
32028,2.8446,0
32029,2.7633,0
32030,2.4777,0
32031,2.5633,0
32032,2.4473,0
32033,3.2932,0
32034,2.7420,0
32035,2.4399,0
32036,2.3897,0
32037,2.3361,0
32038,2.4713,0
32039,2.4315,0
32040,2.6103,0
32041,2.5781,0
32042,2.9046,0
32043,2.4332,0
32044,2.6263,0
32045,2.4103,0
32046,2.4801,0
32047,2.4001,0
32048,2.4417,0
32049,2.4183,0
32050,2.3204,0
32051,2.3767,0
32052,2.7443,0
32053,2.9394,0
32054,3.0106,0
32055,2.3285,0
32056,2.3072,0
32057,2.2676,0
32058,2.2206,0
32059,2.4770,0
32060,2.6505,0
32061,2.6659,0
32062,2.4123,0
32063,2.4665,0
32064,2.4523,0
32065,2.3033,0
32066,2.3190,0
32067,2.6525,0
32068,2.5874,0
32069,2.3939,0
32070,2.4429,0
32071,2.4910,0
32072,2.2985,0
32073,2.2462,0
32074,2.3601,0
32075,2.6513,0
32076,2.5893,0
32077,2.4636,0
32078,2.6574,0
32079,2.9008,0
32080,2.5519,0
32081,2.5850,0
32082,2.5449,0
32083,2.3996,0
32084,2.4205,0
32085,2.3921,0
32086,2.7030,0
32087,2.8069,0
32088,2.5562,0
32089,2.6162,0
32090,2.5119,0
32091,2.6819,0
32092,2.6007,0
32093,2.4571,0
32094,2.5434,0
32095,2.4944,0
32096,2.5786,0
32097,2.6081,0
32098,2.8175,0
32099,2.5862,0
32100,2.4386,0
32101,2.3712,0
32102,2.8912,0
32103,2.3068,0
32104,2.6450,0
32105,2.4986,0
32106,2.4628,0
32107,3.2071,0
32108,2.6494,0
32109,2.6000,0
32110,2.5418,0
32111,2.4369,0
32112,2.3662,0
32113,2.6557,0
32114,2.9084,0
32115,2.7491,0
32116,2.6033,0
32117,2.8067,0
32118,2.4025,0
32119,2.7330,0
32120,2.2471,0
32121,2.5014,0
32122,2.2361,0
32123,2.3605,0
32124,2.3742,0
32125,2.2875,0
32126,2.3355,0
32127,2.4764,0
32128,2.9189,0
32129,2.4760,0
32130,2.8193,0
32131,2.5760,0
32132,2.5172,0
32133,2.5438,0
32134,2.5275,0
32135,2.6569,0
32136,2.3924,0
32137,2.3122,0
32138,2.6288,0
32139,2.7244,0
32140,2.4445,0
32141,2.4233,0
32142,2.2296,0
32143,2.3810,0
32144,2.4063,0
32145,2.5062,0
32146,2.3188,0
32147,2.6331,0
32148,2.3169,0
32149,2.5904,0
32150,2.7592,0
32151,2.4702,0
32152,2.7416,0
32153,2.6458,0
32154,2.6058,0
32155,2.7332,0
32156,3.5361,0
32157,2.7938,0
32158,2.5530,0
32159,2.5088,0
32160,2.3852,0
32161,2.9154,0
32162,2.4369,0
32163,2.1643,0
32164,2.4677,0
32165,2.4498,0
32166,2.3475,0
32167,2.3039,0
32168,2.4529,0
32169,2.6461,0
32170,2.3618,0
32171,2.4212,0
32172,2.5029,0
32173,2.9320,0
32174,2.8485,0
32175,2.3122,0
32176,2.7217,0
32177,2.3570,0
32178,2.4962,0
32179,2.4592,0
32180,2.3985,0
32181,2.4884,0
32182,2.4382,0
32183,2.4723,0
32184,2.4460,0
32185,2.5473,0
32186,2.5571,0
32187,3.2322,0
32188,2.6202,0
32189,2.5692,0
32190,2.4734,0
32191,2.3729,0
32192,3.1144,0
32193,2.3152,0
32194,2.6267,0
32195,2.8184,0
32196,2.4270,0
32197,2.5903,0
32198,2.5912,0
32199,2.3842,0
32200,2.6888,0
32201,2.3926,0
32202,2.3688,0
32203,2.4716,0
32204,3.0264,0
32205,3.0264,0
32206,2.5196,0
32207,3.0069,0
32208,2.4403,0
32209,2.5358,0
32210,2.4316,0
32211,2.4709,0
32212,2.3356,0
32213,2.3215,0
32214,2.2619,0
32215,2.3966,0
32216,2.4851,0
32217,2.7752,0
32218,2.4070,0
32219,2.2687,0
32220,2.3803,0
32221,2.1547,0
32222,2.5072,0
32223,2.2572,0
32224,2.5855,0
32225,2.3999,0
32226,2.4764,0
32227,2.8516,0
32228,2.4737,0
32229,2.6250,0
32230,2.6058,0
32231,2.6193,0
32232,2.6392,0
32233,2.5321,0
32234,2.5442,0
32235,2.5401,0
32236,2.4773,0
32237,2.5231,0
32238,2.6293,0
32239,2.9272,0
32240,2.4772,0
32241,2.6535,0
32242,2.4458,0
32243,2.4667,0
32244,2.5174,0
32245,2.3023,0
32246,2.6859,0
32247,2.3177,0
32248,2.3468,0
32249,2.4685,0
32250,2.6999,0
32251,2.5615,0
32252,2.4927,0
32253,2.3903,0
32254,2.5152,0
32255,2.6400,0
32256,2.5426,0
32257,2.3884,0
32258,2.4098,0
32259,2.5587,0
32260,2.4025,0
32261,2.6106,0
32262,2.4655,0
32263,2.3476,0
32264,2.6254,0
32265,2.3419,0
32266,2.6814,0
32267,2.7896,0
32268,2.5432,0
32269,2.6470,0
32270,2.5077,0
32271,2.5098,0
32272,2.6270,0
32273,2.7106,0
32274,2.3986,0
32275,2.3719,0
32276,2.4493,0
32277,2.4891,0
32278,3.3474,0
32279,3.0987,0
32280,3.1096,0
32281,2.9366,0
32282,2.9072,0
32283,2.7349,0
32284,3.1126,0
32285,2.2705,0
32286,2.9003,0
32287,2.6231,0
32288,3.0035,0
32289,2.6980,0
32290,2.7599,0
32291,2.4533,0
32292,3.2108,0
32293,2.6342,0
32294,3.2723,0
32295,2.9070,0
32296,3.1417,0
32297,3.0887,0
32298,2.4763,0
32299,2.8184,0
32300,2.7778,0
32301,2.8757,0
32302,2.6554,0
32303,3.4199,0
32304,2.8025,0
32305,3.3169,0
32306,2.8996,0
32307,3.0134,0
32308,2.6801,0
32309,3.3315,0
32310,2.9772,0
32311,2.8046,0
32312,3.1331,0
32313,3.3699,0
32314,3.2997,0
32315,2.8826,0
32316,3.1790,0
32317,3.3686,0
32318,2.4088,0
32319,2.6879,0
32320,3.1820,0
32321,2.7400,0
32322,2.9622,0
32323,2.4989,0
32324,2.6786,0
32325,2.4993,0
32326,2.6198,0
32327,2.6985,0
32328,2.6375,0
32329,2.9128,0
32330,2.8232,0
32331,2.6216,0
32332,2.5479,0
32333,2.6813,0
32334,2.7206,0
32335,2.3741,0
32336,2.4406,0
32337,2.4793,0
32338,2.6618,0
32339,2.8084,0
32340,2.4414,0
32341,2.8371,0
32342,2.7944,0
32343,2.7117,0
32344,2.9920,0
32345,2.4280,0
32346,2.9366,0
32347,2.6267,0
32348,2.3932,0
32349,2.9145,0
32350,2.9759,0
32351,3.5675,0
32352,3.7364,0
32353,3.0598,0
32354,3.3307,0
32355,2.9532,0
32356,3.6294,0
32357,3.2104,0
32358,3.0523,0
32359,3.1636,0
32360,3.0706,0
32361,2.8542,0
32362,3.0091,0
32363,2.6843,0
32364,3.2124,0
32365,3.0519,0
32366,3.4525,0
32367,3.6139,0
32368,3.7224,0
32369,4.0496,0
32370,3.5139,0
32371,3.7274,0
32372,3.3905,0
32373,3.8748,0
32374,3.6643,0
32375,2.9594,0
32376,3.4332,0
32377,3.7005,0
32378,3.2964,0
32379,3.5186,0
32380,3.5058,0
32381,3.9792,0
32382,3.6783,0
32383,3.8428,0
32384,3.7408,0
32385,3.6431,0
32386,3.5976,0
32387,3.8623,0
32388,3.8148,0
32389,4.4109,0
32390,3.9240,0
32391,3.7037,0
32392,3.1401,0
32393,3.1687,0
32394,3.6501,0
32395,3.4228,0
32396,3.3601,0
32397,3.2371,0
32398,2.7217,0
32399,3.4270,0
32400,3.6850,0
32401,2.5883,0
32402,2.5211,0
32403,2.9397,0
32404,2.6577,0
32405,3.3045,0
32406,2.9275,0
32407,3.0326,0
32408,2.7971,0
32409,3.0787,0
32410,2.8190,0
32411,3.5815,0
32412,3.8444,0
32413,3.2335,0
32414,3.4272,0
32415,2.8404,0
32416,3.1894,0
32417,3.3178,0
32418,3.1921,0
32419,3.0383,0
32420,2.5700,0
32421,2.6430,0
32422,2.9701,0
32423,3.1535,0
32424,2.5745,0
32425,2.6641,0
32426,3.1277,0
32427,3.1690,0
32428,3.4275,0
32429,3.4462,0
32430,3.5736,0
32431,3.6301,0
32432,3.5280,0
32433,3.0524,0
32434,3.4933,0
32435,3.3265,0
32436,3.6664,0
32437,3.6177,0
32438,3.0431,0
32439,3.2959,0
32440,3.3189,0
32441,3.7796,0
32442,3.7866,0
32443,4.1143,0
32444,3.8568,0
32445,3.4017,0
32446,3.6210,0
32447,3.4938,0
32448,3.2014,0
32449,3.4398,0
32450,3.1359,0
32451,3.0765,0
32452,3.3315,0
32453,3.1697,0
32454,3.3911,0
32455,3.7411,0
32456,2.9329,0
32457,3.2161,0
32458,3.1858,0
32459,3.4281,0
32460,3.1782,0
32461,3.5124,0
32462,3.5576,0
32463,2.8770,0
32464,3.2950,0
32465,2.7497,0
32466,3.4079,0
32467,3.2563,0
32468,2.9723,0
32469,3.2272,0
32470,2.8322,0
32471,2.9753,0
32472,2.9943,0
32473,3.1324,0
32474,3.2919,0
32475,3.2207,0
32476,3.7498,0
32477,3.9715,0
32478,3.3868,0
32479,3.5932,0
32480,3.6797,0
32481,3.2763,0
32482,3.3061,0
32483,3.7909,0
32484,3.9890,0
32485,3.8952,0
32486,4.2689,0
32487,4.0132,0
32488,4.3901,0
32489,4.5413,0
32490,3.8676,0
32491,3.7012,0
32492,4.1028,0
32493,4.3670,0
32494,3.6552,0
32495,4.1822,0
32496,3.4044,0
32497,3.4707,0
32498,3.1960,0
32499,3.7466,0
32500,3.7969,0
32501,3.6714,0
32502,3.4526,0
32503,3.3803,0
32504,3.3077,0
32505,3.9288,0
32506,3.6534,0
32507,3.8041,0
32508,3.4012,0
32509,3.9228,0
32510,3.7163,0
32511,3.8988,0
32512,3.9305,0
32513,3.6668,0
32514,3.8047,0
32515,3.5470,0
32516,3.1873,0
32517,3.5115,0
32518,3.8257,0
32519,3.5586,0
32520,3.3000,0
32521,3.8623,0
32522,3.7611,0
32523,3.1017,0
32524,3.6014,0
32525,3.7576,0
32526,3.4263,0
32527,4.1372,0
32528,4.2189,0
32529,3.7176,0
32530,3.5753,0
32531,3.6004,0
32532,3.3876,0
32533,4.1961,0
32534,3.8560,0
32535,3.4585,0
32536,3.5383,0
32537,3.9223,0
32538,3.9506,0
32539,4.1896,0
32540,3.6333,0
32541,3.3643,0
32542,3.2849,0
32543,3.1133,0
32544,3.5979,0
32545,3.3612,0
32546,3.2801,0
32547,2.7701,0
32548,2.8896,0
32549,3.2240,0
32550,3.2001,0
32551,3.1895,0
32552,3.1803,0
32553,3.6926,0
32554,3.1364,0
32555,3.1072,0
32556,3.4253,0
32557,4.6228,0
32558,4.7276,0
32559,3.8388,0
32560,3.2972,0
32561,3.2178,0
32562,3.2576,0
32563,3.2718,0
32564,3.2351,0
32565,3.1309,0
32566,3.0789,0
32567,2.9877,0
32568,3.0717,0
32569,2.7884,0
32570,3.3635,0
32571,3.6656,0
32572,3.8052,0
32573,3.7212,0
32574,3.8010,0
32575,3.6366,0
32576,3.2982,0
32577,3.2503,0
32578,2.8310,0
32579,3.1420,0
32580,3.2287,0
32581,3.5951,0
32582,4.0231,0
32583,3.2742,0
32584,3.2707,0
32585,3.4293,0
32586,3.3809,0
32587,3.7383,0
32588,3.4265,0
32589,3.7743,0
32590,3.8431,0
32591,3.1465,0
32592,3.5390,0
32593,3.4398,0
32594,3.3135,0
32595,2.8568,0
32596,2.9847,0
32597,3.4188,0
32598,3.4197,0
32599,3.2535,0
32600,3.1958,0
32601,3.1999,0
32602,3.3153,0
32603,3.7717,0
32604,3.9673,0
32605,3.6111,0
32606,4.5487,0
32607,3.5974,0
32608,3.1113,0
32609,3.4679,0
32610,2.9811,0
32611,2.9819,0
32612,2.9375,0
32613,3.2292,0
32614,2.7225,0
32615,2.9549,0
32616,2.7249,0
32617,2.7700,0
32618,2.5934,0
32619,2.5885,0
32620,3.2964,0
32621,2.9514,0
32622,2.4869,0
32623,3.0474,0
32624,2.9841,0
32625,2.9274,0
32626,2.5736,0
32627,2.8009,0
32628,2.6747,0
32629,2.6744,0
32630,3.3222,0
32631,3.2388,0
32632,2.8781,0
32633,3.1216,0
32634,2.6334,0
32635,2.6259,0
32636,2.7871,0
32637,2.8687,0
32638,2.4881,0
32639,2.6595,0
32640,2.7447,0
32641,2.6467,0
32642,2.3773,0
32643,3.0344,0
32644,2.8067,0
32645,2.8575,0
32646,2.8974,0
32647,3.4593,0
32648,3.2285,0
32649,3.2272,0
32650,2.8522,0
32651,3.4618,0
32652,3.4095,0
32653,3.2209,0
32654,3.8655,0
32655,3.7255,0
32656,3.3342,0
32657,3.2199,0
32658,2.8041,0
32659,3.7371,0
32660,3.8890,0
32661,3.2153,0
32662,3.1819,0
32663,3.0227,0
32664,3.2156,0
32665,3.0192,0
32666,3.5639,0
32667,3.3093,0
32668,3.1166,0
32669,2.8798,0
32670,3.0180,0
32671,2.7452,0
32672,3.4002,0
32673,2.8785,0
32674,3.0018,0
32675,2.4735,0
32676,2.2969,0
32677,2.4039,0
32678,2.8745,0
32679,2.7206,0
32680,2.4234,0
32681,2.4519,0
32682,2.9024,0
32683,2.7482,0
32684,2.4335,0
32685,2.3124,0
32686,2.4490,0
32687,2.5226,0
32688,2.9411,0
32689,2.6311,0
32690,2.7573,0
32691,2.4624,0
32692,2.4762,0
32693,2.4064,0
32694,2.9787,0
32695,2.5271,0
32696,2.8699,0
32697,2.3631,0
32698,2.6395,0
32699,3.0399,0
32700,3.1621,0
32701,2.3223,0
32702,2.3921,0
32703,2.8419,0
32704,2.4933,0
32705,2.3084,0
32706,2.8311,0
32707,2.5080,0
32708,2.7373,0
32709,2.7229,0
32710,2.3116,0
32711,2.6371,0
32712,3.0345,0
32713,2.9899,0
32714,2.6788,0
32715,2.8163,0
32716,2.5718,0
32717,2.1768,0
32718,2.2800,0
32719,2.3019,0
32720,2.4767,0
32721,2.5231,0
32722,2.6963,0
32723,2.7653,0
32724,2.6753,0
32725,3.0020,0
32726,2.9386,0
32727,2.7447,0
32728,2.9982,0
32729,2.7401,0
32730,2.6384,0
32731,2.1468,0
32732,2.3207,0
32733,2.4375,0
32734,2.7461,0
32735,2.7516,0
32736,2.9163,0
32737,2.7345,0
32738,2.5460,0
32739,2.6215,0
32740,2.9919,0
32741,2.5887,0
32742,2.4226,0
32743,2.6414,0
32744,2.3332,0
32745,2.9256,0
32746,2.5961,0
32747,2.5882,0
32748,2.5861,0
32749,2.6222,0
32750,2.6756,0
32751,2.6930,0
32752,2.3635,0
32753,2.4446,0
32754,2.7673,0
32755,2.3307,0
32756,2.8372,0
32757,3.0589,0
32758,2.7406,0
32759,2.4070,0
32760,2.7939,0
32761,2.4112,0
32762,3.0406,0
32763,2.2821,0
32764,2.8045,0
32765,2.2709,0
32766,2.7537,0
32767,2.5029,0
32768,2.8130,0
32769,2.3435,0
32770,2.7793,0
32771,2.6271,0
32772,2.3811,0
32773,2.3517,0
32774,2.4180,0
32775,2.5083,0
32776,2.6518,0
32777,2.7993,0
32778,2.7681,0
32779,2.6716,0
32780,2.5795,0
32781,2.5973,0
32782,2.4002,0
32783,2.5373,0
32784,2.3399,0
32785,2.4220,0
32786,2.6273,0
32787,2.4003,0
32788,2.3119,0
32789,2.7000,0
32790,2.6003,0
32791,2.8060,0
32792,2.6484,0
32793,2.6258,0
32794,2.6945,0
32795,2.4088,0
32796,2.6701,0
32797,2.6519,0
32798,2.7000,0
32799,2.5654,0
32800,2.4258,0
32801,2.4300,0
32802,2.6646,0
32803,2.6312,0
32804,2.6555,0
32805,2.6051,0
32806,2.4440,0
32807,2.4334,0
32808,2.4247,0
32809,2.4589,0
32810,2.2514,0
32811,2.2087,0
32812,2.2490,0
32813,2.6197,0
32814,2.5492,0
32815,2.5002,0
32816,2.5164,0
32817,2.3665,0
32818,2.3120,0
32819,2.6787,0
32820,2.5535,0
32821,2.6716,0
32822,2.6955,0
32823,2.6689,0
32824,2.5219,0
32825,2.6465,0
32826,2.7835,0
32827,2.7398,0
32828,2.4521,0
32829,2.7981,0
32830,2.3824,0
32831,2.3940,0
32832,2.3401,0
32833,2.5875,0
32834,2.5998,0
32835,2.4748,0
32836,2.3457,0
32837,2.2540,0
32838,2.4944,0
32839,2.5557,0
32840,2.4977,0
32841,2.3430,0
32842,2.3304,0
32843,2.2618,0
32844,2.3061,0
32845,2.5158,0
32846,2.5597,0
32847,2.8352,0
32848,2.6782,0
32849,2.7006,0
32850,2.5366,0
32851,2.8168,0
32852,2.5804,0
32853,2.3316,0
32854,2.6356,0
32855,2.5174,0
32856,2.4089,0
32857,2.4147,0
32858,2.3983,0
32859,2.3938,0
32860,2.6133,0
32861,2.5248,0
32862,2.5445,0
32863,2.2741,0
32864,2.6718,0
32865,2.8734,0
32866,2.6112,0
32867,2.6829,0
32868,2.2561,0
32869,2.3071,0
32870,2.6744,0
32871,2.7477,0
32872,2.9571,0
32873,2.5310,0
32874,2.3580,0
32875,2.2477,0
32876,2.9624,0
32877,2.4567,0
32878,2.5805,0
32879,2.4577,0
32880,2.3469,0
32881,2.3981,0
32882,2.4284,0
32883,2.2580,0
32884,2.7870,0
32885,2.4266,0
32886,2.6471,0
32887,2.6491,0
32888,2.7668,0
32889,2.6928,0
32890,2.4227,0
32891,2.3973,0
32892,2.5316,0
32893,2.6563,0
32894,2.6041,0
32895,2.8742,0
32896,2.3682,0
32897,2.2764,0
32898,2.7036,0
32899,2.2907,0
32900,2.3676,0
32901,2.5738,0
32902,2.7341,0
32903,2.7814,0
32904,2.7958,0
32905,2.9449,0
32906,2.8009,0
32907,2.5167,0
32908,2.7005,0
32909,2.5031,0
32910,2.2280,0
32911,2.3967,0
32912,2.4007,0
32913,2.2686,0
32914,2.4069,0
32915,2.6518,0
32916,2.7438,0
32917,2.7935,0
32918,2.6882,0
32919,2.6891,0
32920,2.5727,0
32921,2.5710,0
32922,2.4096,0
32923,2.5090,0
32924,2.6652,0
32925,2.4435,0
32926,2.8927,0
32927,2.7499,0
32928,2.2872,0
32929,2.6925,0
32930,2.8285,0
32931,2.5371,0
32932,2.5084,0
32933,2.2148,0
32934,2.3377,0
32935,2.3608,0
32936,2.3835,0
32937,2.8017,0
32938,2.5175,0
32939,2.6785,0
32940,2.3838,0
32941,2.7519,0
32942,2.6905,0
32943,2.5196,0
32944,2.5422,0
32945,2.5353,0
32946,2.3659,0
32947,2.5038,0
32948,2.5160,0
32949,2.7891,0
32950,2.5884,0
32951,2.5315,0
32952,2.3993,0
32953,2.3057,0
32954,2.6417,0
32955,2.5567,0
32956,3.0250,0
32957,2.6557,0
32958,2.5826,0
32959,2.6746,0
32960,2.5912,0
32961,2.3723,0
32962,2.6210,0
32963,2.4759,0
32964,2.4666,0
32965,2.5446,0
32966,2.3986,0
32967,2.5677,0
32968,2.7362,0
32969,2.6337,0
32970,2.3459,0
32971,2.6126,0
32972,2.6375,0
32973,2.4303,0
32974,2.5770,0
32975,2.5201,0
32976,3.0082,0
32977,2.7118,0
32978,2.4204,0
32979,2.3521,0
32980,2.7579,0
32981,2.3770,0
32982,2.5609,0
32983,2.3390,0
32984,3.0294,0
32985,2.9370,0
32986,2.3911,0
32987,2.2876,0
32988,2.5424,0
32989,2.4006,0
32990,2.4975,0
32991,2.7602,0
32992,2.5984,0
32993,2.9149,0
32994,2.4658,0
32995,2.4161,0
32996,2.7325,0
32997,2.5054,0
32998,2.3387,0
32999,2.4499,0
33000,2.6912,0
33001,2.8647,0
33002,2.2509,0
33003,2.2756,0
33004,2.3626,0
33005,2.7316,0
33006,2.5448,0
33007,2.7601,0
33008,2.1964,0
33009,2.3519,0
33010,2.3486,0
33011,2.8789,0
33012,2.7646,0
33013,2.3440,0
33014,2.5701,0
33015,3.2610,0
33016,2.6517,0
33017,2.5147,0
33018,2.9107,0
33019,2.6589,0
33020,2.5603,0
33021,2.5683,0
33022,2.6620,0
33023,2.8702,0
33024,2.5833,0
33025,2.5683,0
33026,2.3194,0
33027,2.2320,0
33028,2.5858,0
33029,2.4757,0
33030,2.7334,0
33031,2.4958,0
33032,2.8551,0
33033,3.0214,0
33034,2.3526,0
33035,2.3091,0
33036,2.5963,0
33037,2.2313,0
33038,2.9109,0
33039,2.2374,0
33040,2.8592,0
33041,2.6672,0
33042,2.4854,0
33043,2.1997,0
33044,2.3084,0
33045,2.8088,0
33046,2.6431,0
33047,2.4519,0
33048,2.4915,0
33049,2.8554,0
33050,2.6838,0
33051,2.7881,0
33052,2.3176,0
33053,2.3821,0
33054,2.5354,0
33055,3.1348,0
33056,2.3252,0
33057,2.8852,0
33058,2.7338,0
33059,2.2522,0
33060,2.5188,0
33061,2.6217,0
33062,3.5338,0
33063,2.9442,0
33064,2.7008,0
33065,2.4525,0
33066,2.8446,0
33067,2.7987,0
33068,2.9135,0
33069,2.5539,0
33070,2.3065,0
33071,2.7393,0
33072,2.5180,0
33073,2.8711,0
33074,2.5271,0
33075,2.8549,0
33076,2.4682,0
33077,3.1744,0
33078,3.6228,0
33079,3.2983,0
33080,3.0155,0
33081,3.4186,0
33082,3.1281,0
33083,2.8405,0
33084,3.1414,0
33085,3.0404,0
33086,3.3819,0
33087,2.7178,0
33088,2.7297,0
33089,2.8387,0
33090,2.9796,0
33091,3.0569,0
33092,2.6376,0
33093,2.6434,0
33094,3.1633,0
33095,3.1672,0
33096,3.2514,0
33097,3.3303,0
33098,2.7284,0
33099,2.8324,0
33100,3.2065,0
33101,3.4625,0
33102,3.3465,0
33103,3.2797,0
33104,3.3504,0
33105,3.0973,0
33106,3.4248,0
33107,2.8901,0
33108,2.6923,0
33109,3.1913,0
33110,2.8739,0
33111,2.8857,0
33112,2.8299,0
33113,3.3087,0
33114,3.2921,0
33115,2.9779,0
33116,3.1588,0
33117,3.4089,0
33118,3.6313,0
33119,3.2534,0
33120,3.7274,0
33121,3.3395,0
33122,3.4173,0
33123,3.1699,0
33124,3.2649,0
33125,3.7400,0
33126,3.7476,0
33127,3.3664,0
33128,3.2822,0
33129,3.4529,0
33130,3.3342,0
33131,3.3203,0
33132,3.2368,0
33133,3.1131,0
33134,3.1262,0
33135,3.0079,0
33136,3.2994,0
33137,3.5096,0
33138,3.2623,0
33139,2.9624,0
33140,3.0325,0
33141,3.0360,0
33142,2.8091,0
33143,2.6234,0
33144,3.0728,0
33145,2.7652,0
33146,3.1792,0
33147,2.8566,0
33148,2.5462,0
33149,2.9183,0
33150,2.9140,0
33151,2.6522,0
33152,2.4681,0
33153,2.4404,0
33154,2.6380,0
33155,2.4997,0
33156,2.5193,0
33157,2.4018,0
33158,2.6662,0
33159,2.7066,0
33160,2.7116,0
33161,2.8331,0
33162,2.6842,0
33163,3.0276,0
33164,3.0468,0
33165,2.6818,0
33166,2.7859,0
33167,2.4448,0
33168,2.5734,0
33169,2.7452,0
33170,2.4611,0
33171,2.4406,0
33172,2.3236,0
33173,2.5473,0
33174,2.4613,0
33175,2.6385,0
33176,2.6768,0
33177,2.6263,0
33178,2.3802,0
33179,2.8039,0
33180,2.4148,0
33181,2.5909,0
33182,2.4527,0
33183,2.2686,0
33184,2.3312,0
33185,2.2148,0
33186,2.6676,0
33187,2.6319,0
33188,2.5134,0
33189,2.5507,0
33190,2.8851,0
33191,2.8241,0
33192,2.6877,0
33193,2.7809,0
33194,2.5263,0
33195,2.5986,0
33196,2.5299,0
33197,2.3364,0
33198,2.2708,0
33199,2.2189,0
33200,2.4429,0
33201,2.4492,0
33202,2.7855,0
33203,2.5274,0
33204,2.4982,0
33205,2.6759,0
33206,2.3340,0
33207,2.6650,0
33208,2.3072,0
33209,2.6095,0
33210,2.6393,0
33211,2.3388,0
33212,2.4849,0
33213,2.3811,0
33214,2.4756,0
33215,2.6871,0
33216,2.3105,0
33217,2.5773,0
33218,2.3120,0
33219,2.3971,0
33220,2.5471,0
33221,2.3735,0
33222,2.5359,0
33223,2.6938,0
33224,2.6451,0
33225,2.8364,0
33226,2.5578,0
33227,2.5208,0
33228,2.7998,0
33229,2.7334,0
33230,2.8487,0
33231,2.5463,0
33232,2.4652,0
33233,2.3940,0
33234,2.7554,0
33235,2.5158,0
33236,2.5695,0
33237,2.5773,0
33238,2.5444,0
33239,2.3963,0
33240,2.5765,0
33241,2.6384,0
33242,2.9583,0
33243,2.5461,0
33244,2.6441,0
33245,2.4223,0
33246,2.4927,0
33247,2.2503,0
33248,2.4544,0
33249,2.2755,0
33250,2.2196,0
33251,2.6176,0
33252,2.6182,0
33253,2.6658,0
33254,2.9295,0
33255,2.5679,0
33256,2.6714,0
33257,2.6470,0
33258,2.4646,0
33259,2.6362,0
33260,2.5620,0
33261,2.6160,0
33262,2.4696,0
33263,2.5409,0
33264,2.8673,0
33265,2.5377,0
33266,2.3676,0
33267,2.6263,0
33268,2.4683,0
33269,2.4028,0
33270,2.7381,0
33271,2.6787,0
33272,2.5783,0
33273,2.5342,0
33274,2.5949,0
33275,2.5276,0
33276,2.7896,0
33277,2.8354,0
33278,2.3967,0
33279,2.2835,0
33280,2.5848,0
33281,2.2599,0
33282,2.7140,0
33283,2.5675,0
33284,2.4762,0
33285,2.5887,0
33286,2.2887,0
33287,2.5491,0
33288,2.3311,0
33289,2.6448,0
33290,2.8060,0
33291,2.5626,0
33292,2.2538,0
33293,2.5309,0
33294,2.3673,0
33295,2.7111,0
33296,2.4589,0
33297,2.4296,0
33298,2.4142,0
33299,2.6623,0
33300,2.9102,0
33301,2.6576,0
33302,2.5656,0
33303,2.7738,0
33304,2.6462,0
33305,2.3742,0
33306,2.5619,0
33307,2.4650,0
33308,2.6239,0
33309,2.3638,0
33310,2.3017,0
33311,2.4177,0
33312,2.5081,0
33313,2.7102,0
33314,2.5352,0
33315,2.4802,0
33316,2.5634,0
33317,2.5861,0
33318,2.4478,0
33319,2.2938,0
33320,2.5254,0
33321,2.4088,0
33322,2.6404,0
33323,2.4795,0
33324,2.3327,0
33325,2.6836,0
33326,2.6286,0
33327,2.5102,0
33328,2.3300,0
33329,2.4373,0
33330,2.6461,0
33331,2.7212,0
33332,2.3750,0
33333,2.6053,0
33334,2.6114,0
33335,2.7738,0
33336,2.7365,0
33337,2.8471,0
33338,2.4123,0
33339,2.6718,0
33340,2.2853,0
33341,2.2947,0
33342,2.2244,0
33343,2.6656,0
33344,2.5291,0
33345,2.4388,0
33346,2.3543,0
33347,2.2905,0
33348,2.4896,0
33349,2.6531,0
33350,2.4405,0
33351,2.6405,0
33352,2.6243,0
33353,2.3012,0
33354,2.1860,0
33355,2.3794,0
33356,2.3042,0
33357,2.4724,0
33358,3.0427,0
33359,2.8111,0
33360,2.6902,0
33361,2.3210,0
33362,3.0007,0
33363,2.6269,0
33364,2.4487,0
33365,2.4399,0
33366,2.4406,0
33367,2.3372,0
33368,2.3807,0
33369,2.8809,0
33370,2.5501,0
33371,2.5077,0
33372,2.4965,0
33373,2.7516,0
33374,2.8105,0
33375,2.9578,0
33376,2.6567,0
33377,2.6100,0
33378,2.6639,0
33379,2.8110,0
33380,2.7277,0
33381,2.5968,0
33382,2.5940,0
33383,2.6996,0
33384,2.4352,0
33385,2.7985,0
33386,2.2160,0
33387,2.5659,0
33388,2.5492,0
33389,2.2086,0
33390,2.3286,0
33391,2.4191,0
33392,2.6234,0
33393,2.4367,0
33394,2.3056,0
33395,2.4012,0
33396,2.7454,0
33397,2.7277,0
33398,2.7649,0
33399,2.6014,0
33400,2.4153,0
33401,2.9069,0
33402,2.6447,0
33403,2.4617,0
33404,2.7801,0
33405,2.7771,0
33406,2.5439,0
33407,2.6429,0
33408,2.4568,0
33409,2.3987,0
33410,2.7432,0
33411,2.5684,0
33412,2.5645,0
33413,2.7279,0
33414,3.0247,0
33415,2.8885,0
33416,2.8087,0
33417,2.6469,0
33418,2.4457,0
33419,2.4118,0
33420,2.3553,0
33421,2.6111,0
33422,2.7916,0
33423,2.1996,0
33424,2.3539,0
33425,2.6596,0
33426,2.3490,0
33427,2.4340,0
33428,2.4289,0
33429,2.7922,0
33430,2.4571,0
33431,2.6177,0
33432,2.2801,0
33433,2.4507,0
33434,2.4083,0
33435,2.6651,0
33436,2.7218,0
33437,2.5235,0
33438,2.3408,0
33439,2.4220,0
33440,3.2478,0
33441,2.9494,0
33442,2.9122,0
33443,2.9324,0
33444,2.7329,0
33445,2.5587,0
33446,2.3727,0
33447,2.5345,0
33448,2.4678,0
33449,2.4198,0
33450,2.3774,0
33451,2.3829,0
33452,2.8012,0
33453,3.1248,0
33454,2.6143,0
33455,2.7930,0
33456,2.5030,0
33457,2.4941,0
33458,2.5692,0
33459,2.6072,0
33460,2.9027,0
33461,2.4618,0
33462,2.5711,0
33463,2.5647,0
33464,2.4299,0
33465,2.5368,0
33466,2.4298,0
33467,2.7646,0
33468,2.7566,0
33469,2.6661,0
33470,2.7629,0
33471,2.5205,0
33472,2.4725,0
33473,2.3446,0
33474,2.2839,0
33475,2.4679,0
33476,2.3987,0
33477,2.6549,0
33478,2.6430,0
33479,2.6574,0
33480,2.9224,0
33481,2.4303,0
33482,2.6323,0
33483,2.7271,0
33484,2.9606,0
33485,2.6020,0
33486,2.7626,0
33487,2.2120,0
33488,2.7629,0
33489,2.4596,0
33490,2.4620,0
33491,2.8843,0
33492,2.4859,0
33493,2.3714,0
33494,2.7744,0
33495,2.5812,0
33496,2.4128,0
33497,2.4762,0
33498,2.7312,0
33499,2.6272,0
33500,2.5064,0
33501,2.4833,0
33502,2.7288,0
33503,2.3635,0
33504,2.4398,0
33505,2.5342,0
33506,2.7946,0
33507,2.6118,0
33508,2.4635,0
33509,2.4745,0
33510,2.5325,0
33511,2.7718,0
33512,2.4811,0
33513,2.5155,0
33514,2.3901,0
33515,2.5140,0
33516,2.4340,0
33517,2.6282,0
33518,2.5106,0
33519,2.8095,0
33520,2.4975,0
33521,2.5268,0
33522,2.4645,0
33523,2.6331,0
33524,2.4984,0
33525,2.5533,0
33526,2.4454,0
33527,2.4765,0
33528,2.6220,0
33529,2.4109,0
33530,2.3966,0
33531,2.3969,0
33532,2.3315,0
33533,2.6075,0
33534,2.4735,0
33535,2.3359,0
33536,2.5052,0
33537,2.4772,0
33538,2.7145,0
33539,2.7534,0
33540,2.6979,0
33541,2.3060,0
33542,2.8346,0
33543,2.3620,0
33544,2.4784,0
33545,2.7226,0
33546,2.7054,0
33547,2.5947,0
33548,2.4266,0
33549,2.7848,0
33550,2.9738,0
33551,2.5885,0
33552,2.5117,0
33553,2.6682,0
33554,2.5869,0
33555,2.3413,0
33556,2.3533,0
33557,2.5295,0
33558,2.4175,0
33559,2.6390,0
33560,2.3852,0
33561,2.3383,0
33562,2.4395,0
33563,2.4784,0
33564,2.9284,0
33565,2.8567,0
33566,2.4031,0
33567,2.4952,0
33568,2.6717,0
33569,2.3463,0
33570,2.6417,0
33571,2.3046,0
33572,2.3692,0
33573,2.6005,0
33574,2.5238,0
33575,2.8249,0
33576,2.7902,0
33577,2.4156,0
33578,2.6335,0
33579,2.4494,0
33580,2.5173,0
33581,2.6256,0
33582,2.2161,0
33583,2.5275,0
33584,2.7634,0
33585,2.7794,0
33586,2.6286,0
33587,2.4545,0
33588,2.3946,0
33589,2.4859,0
33590,2.3283,0
33591,2.4866,0
33592,2.4309,0
33593,2.8913,0
33594,2.5931,0
33595,2.6039,0
33596,2.5893,0
33597,2.4336,0
33598,2.7952,0
33599,2.5692,0
33600,2.2824,0
33601,2.8334,0
33602,2.3704,0
33603,2.7363,0
33604,2.6768,0
33605,2.9355,0
33606,2.2710,0
33607,2.7671,0
33608,2.5727,0
33609,2.5991,0
33610,2.6018,0
33611,2.6210,0
33612,2.3650,0
33613,2.5884,0
33614,2.4221,0
33615,2.5485,0
33616,2.4024,0
33617,2.9648,0
33618,2.3960,0
33619,2.4961,0
33620,3.1364,0
33621,2.5833,0
33622,2.4332,0
33623,2.4588,0
33624,2.3279,0
33625,2.5651,0
33626,2.7178,0
33627,2.4286,0
33628,2.5730,0
33629,2.6244,0
33630,2.4889,0
33631,2.4198,0
33632,2.5175,0
33633,2.5653,0
33634,2.6589,0
33635,2.7440,0
33636,2.1338,0
33637,2.6457,0
33638,2.4387,0
33639,2.8418,0
33640,2.6000,0
33641,2.5378,0
33642,2.5891,0
33643,2.6392,0
33644,2.4323,0
33645,2.5307,0
33646,2.9727,0
33647,2.9663,0
33648,2.6588,0
33649,2.4560,0
33650,2.3706,0
33651,2.2637,0
33652,2.2195,0
33653,2.5016,0
33654,2.7766,0
33655,2.6497,0
33656,2.6662,0
33657,2.2362,0
33658,2.6749,0
33659,2.6941,0
33660,2.4345,0
33661,2.5488,0
33662,2.4725,0
33663,2.6979,0
33664,2.9413,0
33665,2.3047,0
33666,2.2473,0
33667,2.2867,0
33668,2.6351,0
33669,2.6447,0
33670,2.4635,0
33671,2.7597,0
33672,2.5387,0
33673,2.3949,0
33674,2.4144,0
33675,2.3982,0
33676,2.5550,0
33677,2.9168,0
33678,3.2172,0
33679,2.6973,0
33680,2.6863,0
33681,2.7530,0
33682,2.7581,0
33683,3.0192,0
33684,2.6897,0
33685,2.9367,0
33686,2.9363,0
33687,2.9222,0
33688,2.5856,0
33689,2.5916,0
33690,3.0210,0
33691,2.6967,0
33692,2.6286,0
33693,2.4666,0
33694,2.3061,0
33695,2.6856,0
33696,2.3884,0
33697,2.4242,0
33698,2.6980,0
33699,2.6217,0
33700,3.0395,0
33701,2.8462,0
33702,2.3160,0
33703,2.8401,0
33704,2.6564,0
33705,2.4584,0
33706,2.3944,0
33707,2.7892,0
33708,2.7524,0
33709,2.2996,0
33710,2.4540,0
33711,2.4159,0
33712,2.4814,0
33713,2.5828,0
33714,2.7646,0
33715,2.6864,0
33716,2.5451,0
33717,2.4361,0
33718,3.1726,0
33719,2.9622,0
33720,2.8268,0
33721,2.8343,0
33722,3.2757,0
33723,2.9167,0
33724,4.3083,0
33725,3.0257,0
33726,2.2729,0
33727,2.3999,0
33728,2.3741,0
33729,2.4942,0
33730,2.6790,0
33731,2.7474,0
33732,2.6559,0
33733,2.6030,0
33734,3.1563,0
33735,2.3955,0
33736,2.4209,0
33737,2.9079,0
33738,2.3955,0
33739,2.4573,0
33740,2.5683,0
33741,2.4789,0
33742,2.8291,0
33743,2.5551,0
33744,2.5956,0
33745,2.5278,0
33746,2.5172,0
33747,2.3380,0
33748,2.9755,0
33749,2.4040,0
33750,2.4646,0
33751,2.6763,0
33752,3.3943,0
33753,2.8441,0
33754,2.6485,0
33755,2.7731,0
33756,3.0555,0
33757,2.7820,0
33758,2.5957,0
33759,2.7634,0
33760,2.8507,0
33761,2.5609,0
33762,2.5473,0
33763,2.5657,0
33764,2.6079,0
33765,2.6181,0
33766,2.5909,0
33767,2.6601,0
33768,2.6670,0
33769,2.4030,0
33770,2.3669,0
33771,2.3306,0
33772,2.7946,0
33773,2.7184,0
33774,2.3202,0
33775,2.2919,0
33776,2.4422,0
33777,2.6227,0
33778,2.7856,0
33779,2.5265,0
33780,2.7545,0
33781,2.7108,0
33782,2.6536,0
33783,2.6249,0
33784,2.4578,0
33785,2.4276,0
33786,2.7430,0
33787,2.5412,0
33788,2.3541,0
33789,2.7690,0
33790,2.6532,0
33791,2.6575,0
33792,2.4438,0
33793,2.2896,0
33794,2.3272,0
33795,3.0115,0
33796,2.6960,0
33797,2.4220,0
33798,2.8154,0
33799,2.9090,0
33800,2.9452,0
33801,2.5610,0
33802,2.8787,0
33803,2.6611,0
33804,2.6307,0
33805,2.6476,0
33806,2.4719,0
33807,2.3568,0
33808,2.2287,0
33809,2.6511,0
33810,2.3553,0
33811,2.4700,0
33812,2.6286,0
33813,2.6019,0
33814,2.7652,0
33815,2.9215,0
33816,2.4836,0
33817,3.0218,0
33818,2.7096,0
33819,2.5685,0
33820,2.6435,0
33821,2.6947,0
33822,2.5943,0
33823,2.4272,0
33824,3.0104,0
33825,2.4367,0
33826,2.5302,0
33827,2.3316,0
33828,2.8626,0
33829,2.8861,0
33830,3.2098,0
33831,3.1968,0
33832,2.5588,0
33833,2.4577,0
33834,2.6974,0
33835,2.7969,0
33836,2.5748,0
33837,2.4813,0
33838,2.8972,0
33839,2.7827,0
33840,2.6993,0
33841,2.6868,0
33842,2.7870,0
33843,2.8677,0
33844,2.8080,0
33845,2.5002,0
33846,2.4912,0
33847,2.7181,0
33848,2.4900,0
33849,2.4556,0
33850,2.7099,0
33851,2.3848,0
33852,2.5916,0
33853,2.4541,0
33854,2.8248,0
33855,2.4344,0
33856,2.8898,0
33857,2.7104,0
33858,2.7139,0
33859,2.6789,0
33860,2.7593,0
33861,2.2845,0
33862,2.3975,0
33863,2.2159,0
33864,2.7748,0
33865,2.6461,0
33866,2.7821,0
33867,3.1975,0
33868,2.4316,0
33869,2.6983,0
33870,2.7064,0
33871,2.4163,0
33872,2.7629,0
33873,2.6012,0
33874,2.6842,0
33875,2.2441,0
33876,2.3415,0
33877,2.7438,0
33878,2.7225,0
33879,2.2702,0
33880,2.5915,0
33881,2.1982,0
33882,2.4272,0
33883,2.9417,0
33884,2.6750,0
33885,2.5541,0
33886,2.3205,0
33887,2.3840,0
33888,2.4430,0
33889,2.7691,0
33890,2.5752,0
33891,2.4472,0
33892,2.3574,0
33893,2.4853,0
33894,2.5114,0
33895,2.8685,0
33896,2.7733,0
33897,2.4722,0
33898,2.7184,0
33899,2.4984,0
33900,2.5390,0
33901,3.0178,0
33902,2.5509,0
33903,2.7760,0
33904,2.5335,0
33905,2.4107,0
33906,3.1038,0
33907,2.5163,0
33908,2.4781,0
33909,2.5437,0
33910,2.4230,0
33911,2.9107,0
33912,2.4953,0
33913,2.6618,0
33914,2.6355,0
33915,2.7842,0
33916,2.5519,0
33917,2.4147,0
33918,2.5856,0
33919,2.2479,0
33920,2.9044,0
33921,2.3974,0
33922,2.5604,0
33923,2.2766,0
33924,2.4293,0
33925,2.8205,0
33926,2.8822,0
33927,2.5721,0
33928,2.5490,0
33929,2.5271,0
33930,2.4333,0
33931,3.0106,0
33932,2.7735,0
33933,2.6116,0
33934,2.6080,0
33935,2.3558,0
33936,2.3838,0
33937,2.9437,0
33938,3.0723,0
33939,2.7083,0
33940,2.3398,0
33941,2.7011,0
33942,2.4213,0
33943,2.6070,0
33944,2.5487,0
33945,2.9388,0
33946,2.3595,0
33947,2.5905,0
33948,2.8433,0
33949,2.3441,0
33950,2.2850,0
33951,2.5596,0
33952,2.3726,0
33953,2.6459,0
33954,2.5747,0
33955,3.0736,0
33956,2.8824,0
33957,2.5183,0
33958,2.5071,0
33959,2.2926,0
33960,2.4650,0
33961,2.4113,0
33962,2.4994,0
33963,2.4429,0
33964,2.5085,0
33965,2.5184,0
33966,2.7059,0
33967,3.2639,0
33968,2.9513,0
33969,2.5871,0
33970,2.9652,0
33971,2.8531,0
33972,2.4976,0
33973,2.3198,0
33974,2.5014,0
33975,2.2739,0
33976,2.3733,0
33977,2.6034,0
33978,2.8302,0
33979,2.3783,0
33980,2.5739,0
33981,2.5146,0
33982,2.4061,0
33983,2.7215,0
33984,2.7363,0
33985,2.6223,0
33986,2.6101,0
33987,2.5905,0
33988,2.4902,0
33989,2.7638,0
33990,2.3745,0
33991,2.4738,0
33992,2.8460,0
33993,2.7023,0
33994,2.6048,0
33995,2.6272,0
33996,2.4412,0
33997,2.5191,0
33998,2.4200,0
33999,2.4912,0
34000,2.4206,0
34001,2.6620,0
34002,2.5988,0
34003,2.6434,0
34004,2.6388,0
34005,2.6900,0
34006,2.4326,0
34007,2.7110,0
34008,2.7424,0
34009,3.0268,0
34010,2.7089,0
34011,2.8278,0
34012,2.6137,0
34013,2.5074,0
34014,2.7652,0
34015,2.6138,0
34016,3.0429,0
34017,2.3234,0
34018,2.3533,0
34019,2.7015,0
34020,2.4167,0
34021,2.9207,0
34022,2.3479,0
34023,2.2659,0
34024,2.4955,0
34025,2.3349,0
34026,2.5928,0
34027,2.2523,0
34028,2.7010,0
34029,2.3116,0
34030,2.3252,0
34031,2.8613,0
34032,2.6839,0
34033,2.5045,0
34034,2.5403,0
34035,2.0431,0
34036,2.3775,0
34037,2.2831,0
34038,2.2501,0
34039,2.7310,0
34040,2.5865,0
34041,2.6179,0
34042,2.8098,0
34043,2.8365,0
34044,2.8431,0
34045,3.2679,0
34046,3.2672,0
34047,2.7686,0
34048,3.0078,0
34049,2.7855,0
34050,2.4529,0
34051,2.8837,0
34052,2.7834,0
34053,2.5834,0
34054,2.6023,0
34055,2.3534,0
34056,2.3632,0
34057,2.4757,0
34058,2.3033,0
34059,2.4724,0
34060,2.3545,0
34061,2.5876,0
34062,3.1127,0
34063,2.5613,0
34064,2.9458,0
34065,2.8436,0
34066,2.6666,0
34067,3.0075,0
34068,2.9584,0
34069,2.4059,0
34070,2.8718,0
34071,2.2854,0
34072,2.4378,0
34073,2.5654,0
34074,2.7085,0
34075,2.7341,0
34076,2.7645,0
34077,2.4510,0
34078,2.7057,0
34079,2.3400,0
34080,2.4274,0
34081,2.7471,0
34082,2.5926,0
34083,2.6167,0
34084,2.3641,0
34085,2.2680,0
34086,2.1039,0
34087,2.7683,0
34088,2.3153,0
34089,2.3280,0
34090,2.3403,0
34091,2.3552,0
34092,2.6394,0
34093,2.6623,0
34094,2.8049,0
34095,2.8554,0
34096,3.0190,0
34097,3.1065,0
34098,2.6512,0
34099,2.7221,0
34100,2.9956,0
34101,2.4125,0
34102,2.2756,0
34103,2.2796,0
34104,2.5493,0
34105,2.6834,0
34106,2.3784,0
34107,2.5026,0
34108,2.5425,0
34109,2.9325,0
34110,2.4399,0
34111,2.6806,0
34112,3.0431,0
34113,2.9163,0
34114,2.6644,0
34115,2.7549,0
34116,2.6569,0
34117,2.5130,0
34118,2.4774,0
34119,2.3365,0
34120,2.5086,0
34121,2.5532,0
34122,2.4480,0
34123,2.4718,0
34124,2.6024,0
34125,2.8104,0
34126,2.5609,0
34127,2.5080,0
34128,2.5223,0
34129,2.4691,0
34130,2.6082,0
34131,2.5263,0
34132,2.5593,0
34133,2.5151,0
34134,2.5547,0
34135,2.5947,0
34136,2.9387,0
34137,2.3227,0
34138,2.4691,0
34139,2.7785,0
34140,2.7682,0
34141,2.8107,0
34142,2.3565,0
34143,2.5705,0
34144,2.5191,0
34145,2.3975,0
34146,2.5825,0
34147,2.6968,0
34148,2.4699,0
34149,2.4981,0
34150,2.5849,0
34151,2.8477,0
34152,2.7306,0
34153,2.3458,0
34154,2.5089,0
34155,2.4157,0
34156,2.4228,0
34157,2.4138,0
34158,2.3357,0
34159,2.7168,0
34160,2.5111,0
34161,2.5821,0
34162,2.4990,0
34163,2.7194,0
34164,2.8960,0
34165,2.5387,0
34166,2.4995,0
34167,2.6528,0
34168,2.5752,0
34169,2.8695,0
34170,2.5146,0
34171,2.4441,0
34172,2.3742,0
34173,2.7085,0
34174,2.3159,0
34175,2.4514,0
34176,2.8487,0
34177,2.8005,0
34178,2.6026,0
34179,2.5053,0
34180,2.6577,0
34181,2.5651,0
34182,2.7952,0
34183,2.9439,0
34184,2.5017,0
34185,2.4478,0
34186,3.1307,0
34187,2.7882,0
34188,2.7197,0
34189,2.4943,0
34190,2.3346,0
34191,2.4607,0
34192,2.3044,0
34193,2.4985,0
34194,2.4018,0
34195,2.3495,0
34196,2.6100,0
34197,2.3285,0
34198,2.6023,0
34199,2.3900,0
34200,2.4928,0
34201,2.5987,0
34202,2.6587,0
34203,2.6045,0
34204,2.5144,0
34205,2.6794,0
34206,2.7574,0
34207,2.2673,0
34208,2.5958,0
34209,2.6770,0
34210,2.5783,0
34211,2.5760,0
34212,2.5252,0
34213,2.4318,0
34214,2.4099,0
34215,2.4191,0
34216,2.3879,0
34217,2.4931,0
34218,3.6387,0
34219,2.9908,0
34220,2.7279,0
34221,2.3595,0
34222,2.3773,0
34223,2.3224,0
34224,2.5103,0
34225,2.8083,0
34226,2.6743,0
34227,2.4674,0
34228,2.5315,0
34229,2.5009,0
34230,2.6536,0
34231,2.4004,0
34232,2.5600,0
34233,2.5080,0
34234,2.6613,0
34235,2.7065,0
34236,2.5787,0
34237,2.5416,0
34238,2.4555,0
34239,2.2979,0
34240,2.4602,0
34241,2.6707,0
34242,2.5642,0
34243,2.7900,0
34244,2.4984,0
34245,2.5395,0
34246,2.4940,0
34247,2.4787,0
34248,2.5426,0
34249,2.6063,0
34250,2.7235,0
34251,2.6748,0
34252,2.7815,0
34253,2.5725,0
34254,3.0348,0
34255,2.8174,0
34256,2.6460,0
34257,2.9840,0
34258,2.3746,0
34259,2.3581,0
34260,2.5087,0
34261,2.5107,0
34262,2.3910,0
34263,2.4604,0
34264,2.4877,0
34265,2.2266,0
34266,2.3734,0
34267,2.5771,0
34268,2.4057,0
34269,2.6920,0
34270,2.5961,0
34271,2.5640,0
34272,2.5141,0
34273,2.7009,0
34274,2.5854,0
34275,2.6931,0
34276,2.4662,0
34277,2.8373,0
34278,2.4196,0
34279,2.4940,0
34280,2.3891,0
34281,2.4138,0
34282,2.8494,0
34283,2.4409,0
34284,2.4898,0
34285,2.4227,0
34286,2.3883,0
34287,2.9789,0
34288,2.4373,0
34289,2.5778,0
34290,2.6890,0
34291,2.6430,0
34292,2.4986,0
34293,2.6866,0
34294,2.4079,0
34295,2.3711,0
34296,2.6873,0
34297,2.7376,0
34298,2.5011,0
34299,2.4554,0
34300,2.9880,0
34301,2.2535,0
34302,2.5494,0
34303,2.4237,0
34304,2.2164,0
34305,2.4126,0
34306,2.4188,0
34307,2.6926,0
34308,2.3266,0
34309,2.2046,0
34310,2.2675,0
34311,2.2544,0
34312,2.4036,0
34313,2.3606,0
34314,2.5214,0
34315,2.7147,0
34316,2.5143,0
34317,2.5411,0
34318,2.2348,0
34319,2.5281,0
34320,2.6194,0
34321,2.4337,0
34322,2.4617,0
34323,2.3681,0
34324,2.5589,0
34325,2.5876,0
34326,2.6179,0
34327,2.7027,0
34328,2.8818,0
34329,2.6595,0
34330,2.9583,0
34331,2.7357,0
34332,2.3722,0
34333,2.7621,0
34334,2.2060,0
34335,2.5028,0
34336,2.6872,0
34337,2.4560,0
34338,2.5429,0
34339,2.6533,0
34340,2.4626,0
34341,2.3467,0
34342,2.3054,0
34343,2.3995,0
34344,2.3328,0
34345,2.5357,0
34346,2.4648,0
34347,2.7801,0
34348,2.4298,0
34349,2.4628,0
34350,2.5363,0
34351,2.9920,0
34352,2.4782,0
34353,2.7415,0
34354,2.3739,0
34355,2.3110,0
34356,2.4361,0
34357,2.4546,0
34358,3.0848,0
34359,2.2913,0
34360,2.4120,0
34361,2.3116,0
34362,2.3361,0
34363,2.4254,0
34364,2.8807,0
34365,2.5584,0
34366,2.6430,0
34367,2.8456,0
34368,2.7845,0
34369,2.4274,0
34370,2.8157,0
34371,2.5895,0
34372,2.3804,0
34373,2.4192,0
34374,2.7848,0
34375,2.9054,0
34376,2.6244,0
34377,2.4753,0
34378,2.5902,0
34379,2.3707,0
34380,2.6866,0
34381,2.4449,0
34382,2.9158,0
34383,2.4374,0
34384,2.4762,0
34385,2.4411,0
34386,2.4300,0
34387,2.4737,0
34388,2.9433,0
34389,2.7480,0
34390,2.4390,0
34391,2.4317,0
34392,2.4182,0
34393,2.5257,0
34394,2.7200,0
34395,2.6182,0
34396,2.4768,0
34397,2.6519,0
34398,2.6692,0
34399,2.6239,0
34400,2.6670,0
34401,2.5820,0
34402,2.5866,0
34403,3.0293,0
34404,2.5805,0
34405,2.8555,0
34406,2.5637,0
34407,2.3807,0
34408,2.8626,0
34409,2.6628,0
34410,2.2839,0
34411,2.6688,0
34412,2.2790,0
34413,2.5937,0
34414,2.2818,0
34415,2.5690,0
34416,2.4801,0
34417,2.3212,0
34418,2.4171,0
34419,2.6096,0
34420,2.6137,0
34421,2.5021,0
34422,2.2837,0
34423,2.2036,0
34424,2.4501,0
34425,2.4909,0
34426,2.5057,0
34427,2.2569,0
34428,2.3765,0
34429,2.4600,0
34430,2.6972,0
34431,2.4731,0
34432,2.4507,0
34433,2.5570,0
34434,2.3910,0
34435,2.5373,0
34436,2.6523,0
34437,2.6210,0
34438,2.4568,0
34439,2.4511,0
34440,2.5148,0
34441,2.4317,0
34442,2.6454,0
34443,2.5509,0
34444,2.6926,0
34445,2.2909,0
34446,2.4371,0
34447,2.3689,0
34448,2.5412,0
34449,2.8248,0
34450,2.3880,0
34451,2.4734,0
34452,2.2723,0
34453,2.4032,0
34454,2.4167,0
34455,2.4033,0
34456,2.6075,0
34457,2.6110,0
34458,2.5277,0
34459,2.9532,0
34460,2.5451,0
34461,3.0443,0
34462,2.5978,0
34463,2.4872,0
34464,2.3894,0
34465,2.2428,0
34466,2.6476,0
34467,3.0858,0
34468,2.5820,0
34469,2.5741,0
34470,2.3382,0
34471,2.3200,0
34472,2.3211,0
34473,2.5121,0
34474,3.1269,0
34475,2.6025,0
34476,2.5509,0
34477,2.3213,0
34478,2.4796,0
34479,2.5222,0
34480,2.6780,0
34481,2.5257,0
34482,2.3777,0
34483,2.5683,0
34484,2.5953,0
34485,2.5691,0
34486,2.5569,0
34487,2.4502,0
34488,2.5712,0
34489,2.3802,0
34490,2.4378,0
34491,2.4121,0
34492,2.6951,0
34493,2.9242,0
34494,2.6920,0
34495,2.7196,0
34496,2.6433,0
34497,2.3831,0
34498,2.9983,0
34499,2.6279,0
34500,2.6114,0
34501,2.3859,0
34502,2.4268,0
34503,2.3682,0
34504,2.8370,0
34505,2.5126,0
34506,2.3808,0
34507,2.4366,0
34508,2.3931,0
34509,2.4687,0
34510,2.7219,0
34511,2.6676,0
34512,2.5617,0
34513,2.6115,0
34514,2.4419,0
34515,2.7507,0
34516,2.8160,0
34517,2.5913,0
34518,2.6654,0
34519,2.3991,0
34520,2.3753,0
34521,2.4697,0
34522,2.4964,0
34523,3.0475,0
34524,2.6635,0
34525,2.5443,0
34526,2.5148,0
34527,2.5898,0
34528,2.5058,0
34529,2.4223,0
34530,2.5376,0
34531,2.4552,0
34532,2.5834,0
34533,2.4731,0
34534,2.8002,0
34535,2.9721,0
34536,2.6753,0
34537,2.8999,0
34538,2.3968,0
34539,2.5052,0
34540,2.5299,0
34541,2.4853,0
34542,2.8812,0
34543,2.5730,0
34544,2.7000,0
34545,2.6497,0
34546,2.6059,0
34547,2.6027,0
34548,2.4164,0
34549,2.5147,0
34550,2.5352,0
34551,2.6775,0
34552,2.3758,0
34553,2.5891,0
34554,2.2176,0
34555,2.3351,0
34556,2.3875,0
34557,2.4825,0
34558,2.4410,0
34559,2.5260,0
34560,2.6324,0
34561,2.4866,0
34562,3.2006,0
34563,2.4496,0
34564,2.7825,0
34565,2.7465,0
34566,2.6026,0
34567,2.6511,0
34568,2.3653,0
34569,2.3164,0
34570,2.5323,0
34571,2.6078,0
34572,2.5945,0
34573,2.6509,0
34574,3.0281,0
34575,2.5927,0
34576,2.4867,0
34577,2.5493,0
34578,2.5495,0
34579,2.5074,0
34580,2.4818,0
34581,2.5812,0
34582,2.2916,0
34583,2.4496,0
34584,2.3841,0
34585,2.5627,0
34586,2.8929,0
34587,2.7930,0
34588,2.6348,0
34589,2.5956,0
34590,2.6319,0
34591,2.6635,0
34592,2.6632,0
34593,2.4985,0
34594,2.4454,0
34595,2.5909,0
34596,2.4951,0
34597,3.1800,0
34598,2.5011,0
34599,2.3752,0
34600,2.5523,0
34601,2.4214,0
34602,2.4494,0
34603,2.3564,0
34604,2.6403,0
34605,2.2939,0
34606,2.4968,0
34607,2.3885,0
34608,2.5569,0
34609,2.6320,0
34610,2.8606,0
34611,2.5136,0
34612,2.5461,0
34613,3.1957,0
34614,2.8532,0
34615,2.8290,0
34616,2.7324,0
34617,2.4047,0
34618,2.4507,0
34619,3.0843,0
34620,2.5721,0
34621,2.4222,0
34622,2.3569,0
34623,2.3924,0
34624,2.4362,0
34625,2.5796,0
34626,2.6563,0
34627,2.5276,0
34628,2.5627,0
34629,2.7112,0
34630,2.4490,0
34631,2.6773,0
34632,2.6446,0
34633,2.3405,0
34634,2.7115,0
34635,2.5288,0
34636,2.5808,0
34637,2.4224,0
34638,2.6118,0
34639,2.5007,0
34640,2.3588,0
34641,2.2884,0
34642,2.2799,0
34643,2.5441,0
34644,2.5078,0
34645,2.6333,0
34646,2.5849,0
34647,2.4918,0
34648,2.5095,0
34649,3.1895,0
34650,2.7562,0
34651,2.7548,0
34652,2.4615,0
34653,2.5542,0
34654,2.8555,0
34655,2.6112,0
34656,2.2916,0
34657,2.3626,0
34658,2.2705,0
34659,2.6193,0
34660,2.4333,0
34661,2.4240,0
34662,2.3340,0
34663,3.1323,0
34664,2.5884,0
34665,2.7034,0
34666,2.7067,0
34667,2.7812,0
34668,2.3008,0
34669,2.4740,0
34670,2.3813,0
34671,2.2634,0
34672,2.3578,0
34673,2.1990,0
34674,2.3765,0
34675,2.5124,0
34676,2.4201,0
34677,2.5525,0
34678,2.3832,0
34679,2.6377,0
34680,2.6094,0
34681,2.6060,0
34682,2.6250,0
34683,2.6121,0
34684,2.3901,0
34685,2.5738,0
34686,2.3864,0
34687,2.6016,0
34688,2.4510,0
34689,2.3353,0
34690,2.2879,0
34691,2.3464,0
34692,2.6299,0
34693,2.4327,0
34694,2.4456,0
34695,2.7349,0
34696,2.7966,0
34697,2.4143,0
34698,2.4381,0
34699,2.4643,0
34700,2.2364,0
34701,2.4912,0
34702,2.5544,0
34703,2.4892,0
34704,2.3695,0
34705,2.2497,0
34706,3.0225,0
34707,2.5425,0
34708,2.4981,0
34709,2.5499,0
34710,2.5042,0
34711,2.3360,0
34712,2.9510,0
34713,2.2220,0
34714,2.6217,0
34715,2.2414,0
34716,2.1414,0
34717,2.3900,0
34718,2.7605,0
34719,2.6161,0
34720,2.6519,0
34721,2.5400,0
34722,2.3923,0
34723,2.5042,0
34724,2.4266,0
34725,2.6042,0
34726,2.4673,0
34727,2.6889,0
34728,2.4998,0
34729,2.4837,0
34730,2.9935,0
34731,2.8036,0
34732,3.2150,0
34733,2.3963,0
34734,2.5177,0
34735,2.4122,0
34736,2.3343,0
34737,2.7209,0
34738,2.4815,0
34739,2.4129,0
34740,2.4456,0
34741,2.5329,0
34742,2.4924,0
34743,2.8643,0
34744,2.9315,0
34745,2.2800,0
34746,2.4557,0
34747,2.4067,0
34748,2.4201,0
34749,2.4959,0
34750,2.4474,0
34751,2.4452,0
34752,2.5192,0
34753,2.7843,0
34754,3.0651,0
34755,2.6564,0
34756,2.9587,0
34757,2.4408,0
34758,2.4815,0
34759,2.4355,0
34760,2.3761,0
34761,2.7231,0
34762,2.3993,0
34763,2.5392,0
34764,2.4733,0
34765,2.5391,0
34766,2.7694,0
34767,2.7114,0
34768,2.4622,0
34769,2.4285,0
34770,2.5704,0
34771,2.6370,0
34772,2.5193,0
34773,2.8703,0
34774,2.8696,0
34775,2.5872,0
34776,2.5414,0
34777,2.6159,0
34778,2.4874,0
34779,2.3346,0
34780,2.4729,0
34781,2.3224,0
34782,2.8782,0
34783,2.2803,0
34784,2.5616,0
34785,2.6084,0
34786,2.4821,0
34787,2.4653,0
34788,2.7510,0
34789,2.4317,0
34790,3.0833,0
34791,2.5046,0
34792,2.3918,0
34793,2.4533,0
34794,2.4079,0
34795,2.5809,0
34796,2.5740,0
34797,3.1464,0
34798,2.7250,0
34799,2.4171,0
34800,2.4415,0
34801,2.4848,0
34802,2.7136,0
34803,2.5290,0
34804,2.4713,0
34805,3.0162,0
34806,2.3801,0
34807,2.5464,0
34808,2.6900,0
34809,2.5501,0
34810,2.7426,0
34811,2.7912,0
34812,2.2837,0
34813,2.1997,0
34814,2.5694,0
34815,2.7684,0
34816,2.5227,0
34817,2.3414,0
34818,2.3713,0
34819,2.5430,0
34820,2.4325,0
34821,2.5663,0
34822,2.5099,0
34823,2.5888,0
34824,2.4287,0
34825,2.6734,0
34826,2.8947,0
34827,2.3435,0
34828,2.5954,0
34829,2.5507,0
34830,2.6975,0
34831,2.8247,0
34832,2.8583,0
34833,2.3778,0
34834,2.5094,0
34835,2.3756,0
34836,2.8308,0
34837,2.4332,0
34838,3.0637,0
34839,2.7908,0
34840,2.4501,0
34841,2.4309,0
34842,2.6330,0
34843,2.4731,0
34844,2.3721,0
34845,2.5720,0
34846,2.3455,0
34847,2.4085,0
34848,2.4293,0
34849,2.9550,0
34850,2.6848,0
34851,3.0927,0
34852,2.5217,0
34853,2.6201,0
34854,2.3578,0
34855,2.4978,0
34856,2.4150,0
34857,2.4025,0
34858,2.9383,0
34859,2.5323,0
34860,2.4570,0
34861,2.9496,0
34862,2.7770,0
34863,2.5684,0
34864,2.7083,0
34865,2.1671,0
34866,2.4266,0
34867,3.1243,0
34868,2.2918,0
34869,2.5373,0
34870,2.4239,0
34871,2.5005,0
34872,2.5435,0
34873,2.6371,0
34874,2.6445,0
34875,2.4105,0
34876,2.9772,0
34877,2.5087,0
34878,2.3815,0
34879,2.5419,0
34880,2.4210,0
34881,2.3560,0
34882,2.2965,0
34883,2.4414,0
34884,3.2413,0
34885,2.4641,0
34886,2.4332,0
34887,2.3896,0
34888,2.7431,0
34889,2.5585,0
34890,2.4539,0
34891,2.5966,0
34892,2.6539,0
34893,2.6967,0
34894,2.6594,0
34895,2.5014,0
34896,2.6097,0
34897,2.5497,0
34898,2.7124,0
34899,2.4752,0
34900,2.5327,0
34901,2.4613,0
34902,2.5594,0
34903,2.3648,0
34904,2.5098,0
34905,2.9532,0
34906,2.5428,0
34907,2.6789,0
34908,2.5945,0
34909,2.4665,0
34910,2.6641,0
34911,2.3159,0
34912,2.5363,0
34913,2.8611,0
34914,2.3875,0
34915,2.4167,0
34916,2.5173,0
34917,2.5509,0
34918,2.6635,0
34919,2.4616,0
34920,2.5785,0
34921,2.8950,0
34922,2.4838,0
34923,2.5678,0
34924,2.8133,0
34925,2.6202,0
34926,3.0942,0
34927,2.8015,0
34928,2.3806,0
34929,2.4531,0
34930,2.5809,0
34931,2.4326,0
34932,2.5863,0
34933,2.7442,0
34934,2.6889,0
34935,2.6783,0
34936,2.7262,0
34937,2.6031,0
34938,2.4339,0
34939,2.4888,0
34940,2.5448,0
34941,2.6939,0
34942,2.5356,0
34943,2.2563,0
34944,2.9282,0
34945,2.3633,0
34946,2.9161,0
34947,2.4687,0
34948,2.4653,0
34949,2.3182,0
34950,2.3499,0
34951,2.4031,0
34952,2.8823,0
34953,2.6065,0
34954,2.3968,0
34955,2.5779,0
34956,2.4585,0
34957,2.4206,0
34958,2.7866,0
34959,2.5280,0
34960,3.0610,0
34961,2.3377,0
34962,2.4177,0
34963,2.4839,0
34964,2.7754,0
34965,2.6463,0
34966,2.8298,0
34967,2.9317,0
34968,2.6073,0
34969,2.5584,0
34970,2.5420,0
34971,2.4590,0
34972,2.2210,0
34973,2.3918,0
34974,2.4847,0
34975,2.5780,0
34976,2.3978,0
34977,2.5910,0
34978,2.7643,0
34979,2.4957,0
34980,2.4465,0
34981,2.3252,0
34982,2.5325,0
34983,2.7156,0
34984,2.8809,0
34985,2.2201,0
34986,2.7424,0
34987,2.2841,0
34988,2.3669,0
34989,2.7776,0
34990,2.7615,0
34991,2.4936,0
34992,2.4995,0
34993,2.4590,0
34994,2.3732,0
34995,2.4972,0
34996,2.5221,0
34997,2.5123,0
34998,2.4565,0
34999,2.4865,0
35000,2.3425,0
35001,2.5156,0
35002,2.2052,0
35003,2.5777,0
35004,2.4436,0
35005,2.6526,0
35006,2.7787,0
35007,3.1152,0
35008,2.6226,0
35009,2.6802,0
35010,2.5003,0
35011,2.5355,0
35012,2.4888,0
35013,2.4586,0
35014,2.5570,0
35015,2.5657,0
35016,2.5402,0
35017,2.5011,0
35018,2.6264,0
35019,3.1092,0
35020,2.7175,0
35021,2.6636,0
35022,2.7318,0
35023,2.4780,0
35024,2.4516,0
35025,2.5705,0
35026,2.7385,0
35027,2.4515,0
35028,2.9609,0
35029,2.5341,0
35030,2.3475,0
35031,2.5998,0
35032,2.3087,0
35033,2.6813,0
35034,2.6548,0
35035,2.4113,0
35036,2.3920,0
35037,2.2684,0
35038,2.6528,0
35039,2.9069,0
35040,2.5935,0
35041,3.1117,0
35042,2.5021,0
35043,2.6086,0
35044,2.5136,0
35045,2.4961,0
35046,2.4168,0
35047,2.7443,0
35048,2.3962,0
35049,2.5077,0
35050,2.3453,0
35051,2.6357,0
35052,2.5284,0
35053,2.3149,0
35054,2.5827,0
35055,2.4488,0
35056,2.6931,0
35057,2.6905,0
35058,2.6035,0
35059,2.7125,0
35060,2.5399,0
35061,2.4218,0
35062,2.4041,0
35063,2.2781,0
35064,2.3244,0
35065,2.5672,0
35066,2.7699,0
35067,2.5242,0
35068,2.5498,0
35069,2.5806,0
35070,2.7642,0
35071,2.7269,0
35072,2.6727,0
35073,2.4960,0
35074,2.8113,0
35075,2.4924,0
35076,2.2492,0
35077,2.4480,0
35078,2.6249,0
35079,2.6011,0
35080,2.6718,0
35081,2.5025,0
35082,2.3603,0
35083,2.3849,0
35084,2.6049,0
35085,2.7202,0
35086,2.4064,0
35087,2.8623,0
35088,2.6563,0
35089,2.4815,0
35090,2.7258,0
35091,2.3259,0
35092,2.4518,0
35093,2.8710,0
35094,2.3764,0
35095,2.4366,0
35096,2.4108,0
35097,2.4246,0
35098,2.4291,0
35099,2.5423,0
35100,2.8252,0
35101,2.6455,0
35102,2.7947,0
35103,2.5956,0
35104,2.3440,0
35105,2.7458,0
35106,2.7899,0
35107,2.4472,0
35108,2.4960,0
35109,2.3622,0
35110,2.6392,0
35111,2.3082,0
35112,2.3817,0
35113,2.7420,0
35114,2.9016,0
35115,2.6378,0
35116,2.4570,0
35117,2.2842,0
35118,2.6479,0
35119,2.6127,0
35120,2.7509,0
35121,2.4423,0
35122,2.5335,0
35123,2.3998,0
35124,2.8550,0
35125,2.4065,0
35126,2.3409,0
35127,2.9699,0
35128,2.5078,0
35129,2.7306,0
35130,2.4715,0
35131,2.4971,0
35132,3.0067,0
35133,2.4715,0
35134,2.4552,0
35135,2.5553,0
35136,2.4152,0
35137,2.4431,0
35138,2.3704,0
35139,2.4752,0
35140,2.5084,0
35141,2.4663,0
35142,2.6838,0
35143,2.6033,0
35144,2.4610,0
35145,2.5163,0
35146,2.5636,0
35147,2.5300,0
35148,2.4564,0
35149,2.4476,0
35150,2.5885,0
35151,2.4815,0
35152,2.5038,0
35153,2.5186,0
35154,2.8384,0
35155,2.7253,0
35156,2.4947,0
35157,2.4969,0
35158,2.6160,0
35159,2.6799,0
35160,2.8649,0
35161,2.3969,0
35162,2.5761,0
35163,2.7261,0
35164,2.5425,0
35165,2.3874,0
35166,2.6510,0
35167,2.2849,0
35168,2.4363,0
35169,2.1628,0
35170,2.3216,0
35171,2.8323,0
35172,2.4634,0
35173,2.3766,0
35174,2.3735,0
35175,2.6858,0
35176,2.5389,0
35177,2.5513,0
35178,2.3249,0
35179,2.3989,0
35180,2.3669,0
35181,2.3869,0
35182,2.6566,0
35183,2.3615,0
35184,2.3827,0
35185,2.4242,0
35186,2.4728,0
35187,2.7393,0
35188,2.6015,0
35189,2.5011,0
35190,2.8784,0
35191,2.4290,0
35192,3.0584,0
35193,2.5874,0
35194,2.3303,0
35195,2.3164,0
35196,2.4974,0
35197,2.5346,0
35198,3.0121,0
35199,2.2037,0
35200,2.5677,0
35201,2.2611,0
35202,2.3209,0
35203,2.4998,0
35204,2.8035,0
35205,2.5357,0
35206,2.4696,0
35207,2.5875,0
35208,2.3280,0
35209,2.2118,0
35210,2.3247,0
35211,2.4012,0
35212,3.0249,0
35213,2.6781,0
35214,2.4268,0
35215,2.5297,0
35216,3.1175,0
35217,2.5246,0
35218,2.7002,0
35219,2.4673,0
35220,2.5619,0
35221,2.5333,0
35222,2.6218,0
35223,2.5575,0
35224,2.4912,0
35225,2.7351,0
35226,2.5202,0
35227,3.1740,0
35228,2.8528,0
35229,2.5076,0
35230,2.6501,0
35231,2.3243,0
35232,2.5383,0
35233,2.4073,0
35234,2.7848,0
35235,2.5346,0
35236,2.9079,0
35237,2.5788,0
35238,2.6341,0
35239,2.5398,0
35240,2.9743,0
35241,3.0777,0
35242,2.5414,0
35243,2.8273,0
35244,2.6859,0
35245,2.6454,0
35246,2.7018,0
35247,2.4179,0
35248,2.9973,0
35249,2.9182,0
35250,2.9631,0
35251,2.6615,0
35252,2.4453,0
35253,2.4902,0
35254,2.5221,0
35255,2.5178,0
35256,3.0319,0
35257,2.6730,0
35258,3.2126,0
35259,2.2640,0
35260,2.2758,0
35261,2.2303,0
35262,2.5770,0
35263,2.6752,0
35264,2.6539,0
35265,2.3750,0
35266,2.6832,0
35267,3.3507,0
35268,3.0822,0
35269,2.5159,0
35270,2.4286,0
35271,2.9041,0
35272,2.6792,0
35273,2.5541,0
35274,2.7855,0
35275,2.4685,0
35276,2.6383,0
35277,2.5334,0
35278,2.5387,0
35279,2.3142,0
35280,2.5218,0
35281,2.7909,0
35282,2.7459,0
35283,2.3742,0
35284,2.5608,0
35285,2.5230,0
35286,2.8582,0
35287,2.8102,0
35288,2.5959,0
35289,2.6475,0
35290,2.6245,0
35291,2.8019,0
35292,2.6769,0
35293,2.5515,0
35294,2.7366,0
35295,2.7478,0
35296,2.6373,0
35297,2.8020,0
35298,2.4994,0
35299,2.5717,0
35300,2.7438,0
35301,2.9922,0
35302,2.5790,0
35303,2.6472,0
35304,2.9908,0
35305,3.2060,0
35306,2.9102,0
35307,3.0093,0
35308,2.8059,0
35309,2.6030,0
35310,2.8249,0
35311,2.7564,0
35312,2.6520,0
35313,2.8129,0
35314,2.6077,0
35315,2.6319,0
35316,2.4336,0
35317,2.6413,0
35318,2.5524,0
35319,2.5046,0
35320,2.3840,0
35321,2.6093,0
35322,2.7859,0
35323,2.6082,0
35324,3.1255,0
35325,2.7941,0
35326,2.3862,0
35327,2.5457,0
35328,2.6919,0
35329,2.5033,0
35330,2.3553,0
35331,2.3950,0
35332,2.3991,0
35333,2.4308,0
35334,2.7736,0
35335,3.0569,0
35336,2.3737,0
35337,2.6060,0
35338,2.6870,0
35339,2.4149,0
35340,2.5573,0
35341,2.4776,0
35342,2.9455,0
35343,2.4157,0
35344,2.3489,0
35345,2.4175,0
35346,2.6584,0
35347,2.6405,0
35348,2.7488,0
35349,2.8388,0
35350,2.4774,0
35351,2.5043,0
35352,2.4634,0
35353,2.4353,0
35354,2.7296,0
35355,2.6797,0
35356,2.4105,0
35357,2.6122,0
35358,2.5577,0
35359,2.9109,0
35360,2.4304,0
35361,2.5347,0
35362,2.6114,0
35363,2.7084,0
35364,2.6374,0
35365,2.5832,0
35366,2.6681,0
35367,2.8356,0
35368,2.4406,0
35369,2.5521,0
35370,2.4195,0
35371,2.4877,0
35372,2.5066,0
35373,2.5211,0
35374,2.4499,0
35375,2.3676,0
35376,2.4565,0
35377,2.4696,0
35378,2.3734,0
35379,2.5289,0
35380,2.3486,0
35381,2.7739,0
35382,2.6641,0
35383,2.3727,0
35384,2.5783,0
35385,2.7645,0
35386,2.5111,0
35387,2.4359,0
35388,2.5400,0
35389,2.6406,0
35390,2.7777,0
35391,2.6358,0
35392,2.8189,0
35393,2.7591,0
35394,2.5257,0
35395,2.4348,0
35396,2.6219,0
35397,2.7765,0
35398,2.5688,0
35399,3.2372,0
35400,2.7795,0
35401,2.5653,0
35402,2.2831,0
35403,2.5780,0
35404,2.5733,0
35405,2.4738,0
35406,2.4754,0
35407,2.4511,0
35408,2.4439,0
35409,2.4450,0
35410,2.4449,0
35411,2.6317,0
35412,2.5731,0
35413,2.5214,0
35414,2.4399,0
35415,2.5994,0
35416,2.4873,0
35417,2.9435,0
35418,2.6946,0
35419,2.5863,0
35420,2.6127,0
35421,2.5507,0
35422,2.4634,0
35423,2.6114,0
35424,3.2819,0
35425,2.4928,0
35426,2.4124,0
35427,2.4009,0
35428,2.3024,0
35429,2.3954,0
35430,2.7765,0
35431,2.5657,0
35432,2.2552,0
35433,2.4043,0
35434,2.5347,0
35435,2.4482,0
35436,2.8617,0
35437,2.8649,0
35438,2.3448,0
35439,2.4413,0
35440,2.3825,0
35441,2.7243,0
35442,2.4214,0
35443,2.3382,0
35444,2.4403,0
35445,2.2796,0
35446,2.7180,0
35447,2.3090,0
35448,2.4469,0
35449,2.3430,0
35450,2.7672,0
35451,2.6234,0
35452,2.8049,0
35453,2.3047,0
35454,2.5071,0
35455,2.7059,0
35456,2.6799,0
35457,2.6348,0
35458,2.3313,0
35459,2.6387,0
35460,2.3882,0
35461,3.0059,0
35462,2.8893,0
35463,2.5401,0
35464,2.4423,0
35465,2.4789,0
35466,2.5437,0
35467,2.4384,0
35468,2.4471,0
35469,2.5268,0
35470,2.5416,0
35471,2.9536,0
35472,2.6822,0
35473,3.4487,0
35474,2.7085,0
35475,2.6862,0
35476,2.6723,0
35477,2.4189,0
35478,2.6700,0
35479,2.6092,0
35480,2.8818,0
35481,2.8682,0
35482,3.1841,0
35483,2.8127,0
35484,2.9518,0
35485,3.0916,0
35486,2.9099,0
35487,2.9541,0
35488,2.9329,0
35489,2.7851,0
35490,2.7835,0
35491,2.6178,0
35492,3.1623,0
35493,2.6886,0
35494,2.5772,0
35495,3.0911,0
35496,2.7477,0
35497,2.8054,0
35498,2.9548,0
35499,2.7353,0
35500,2.5174,0
35501,2.6742,0
35502,3.0659,0
35503,2.6570,0
35504,2.7415,0
35505,3.1319,0
35506,3.0470,0
35507,2.7450,0
35508,2.9038,0
35509,2.6760,0
35510,2.7717,0
35511,2.6791,0
35512,2.3680,0
35513,2.6633,0
35514,2.6585,0
35515,2.6070,0
35516,2.7655,0
35517,2.5450,0
35518,2.5591,0
35519,2.5611,0
35520,2.4172,0
35521,2.9878,0
35522,2.6013,0
35523,2.7700,0
35524,2.5760,0
35525,2.4506,0
35526,2.9372,0
35527,2.5268,0
35528,2.8377,0
35529,2.9486,0
35530,2.9568,0
35531,2.5486,0
35532,2.5203,0
35533,2.4566,0
35534,2.9756,0
35535,2.7666,0
35536,2.3933,0
35537,2.5347,0
35538,2.6853,0
35539,3.0300,0
35540,2.6879,0
35541,2.5844,0
35542,2.4560,0
35543,2.4190,0
35544,2.3133,0
35545,2.4323,0
35546,2.8269,0
35547,2.8033,0
35548,2.5694,0
35549,2.6362,0
35550,2.3351,0
35551,2.5277,0
35552,2.7101,0
35553,2.3612,0
35554,2.5079,0
35555,2.3543,0
35556,2.7796,0
35557,2.4288,0
35558,3.2034,0
35559,3.1129,0
35560,2.5955,0
35561,2.6266,0
35562,2.5960,0
35563,2.5763,0
35564,2.3483,0
35565,2.3958,0
35566,2.3049,0
35567,3.1128,0
35568,2.6412,0
35569,3.0030,0
35570,2.8978,0
35571,2.7145,0
35572,2.4464,0
35573,2.5710,0
35574,2.9044,0
35575,2.4489,0
35576,2.6260,0
35577,2.5907,0
35578,2.5772,0
35579,2.5036,0
35580,2.6368,0
35581,2.5089,0
35582,2.9099,0
35583,2.6563,0
35584,2.6247,0
35585,2.2892,0
35586,2.9856,0
35587,2.5881,0
35588,2.4980,0
35589,2.6083,0
35590,2.5140,0
35591,2.5165,0
35592,2.6727,0
35593,2.5508,0
35594,2.7317,0
35595,2.5870,0
35596,2.8207,0
35597,2.7159,0
35598,2.4295,0
35599,2.6016,0
35600,2.5273,0
35601,2.4892,0
35602,2.4925,0
35603,2.8238,0
35604,2.7684,0
35605,2.3732,0
35606,2.5413,0
35607,2.3876,0
35608,2.4666,0
35609,2.1831,0
35610,2.7378,0
35611,2.8423,0
35612,2.5785,0
35613,2.3662,0
35614,2.2815,0
35615,2.4019,0
35616,2.4842,0
35617,2.4939,0
35618,2.6858,0
35619,2.4924,0
35620,2.5097,0
35621,2.4342,0
35622,2.4690,0
35623,2.5436,0
35624,2.8583,0
35625,2.3408,0
35626,2.7291,0
35627,2.4904,0
35628,2.6144,0
35629,2.5944,0
35630,2.4595,0
35631,2.3763,0
35632,2.3449,0
35633,2.7305,0
35634,2.3340,0
35635,2.4354,0
35636,2.7874,0
35637,2.3871,0
35638,2.3239,0
35639,2.1906,0
35640,2.2623,0
35641,2.4688,0
35642,2.4239,0
35643,2.4046,0
35644,2.7426,0
35645,2.8331,0
35646,2.7514,0
35647,2.5939,0
35648,3.1256,0
35649,2.5124,0
35650,2.5966,0
35651,2.4026,0
35652,2.4070,0
35653,2.4761,0
35654,2.4306,0
35655,2.6498,0
35656,2.7284,0
35657,2.5663,0
35658,2.4613,0
35659,2.5725,0
35660,2.5935,0
35661,2.5463,0
35662,2.5874,0
35663,2.3735,0
35664,2.4477,0
35665,2.4463,0
35666,2.6427,0
35667,2.5873,0
35668,2.4741,0
35669,2.5795,0
35670,2.5295,0
35671,2.4657,0
35672,2.4442,0
35673,2.4122,0
35674,2.3218,0
35675,2.4586,0
35676,2.7912,0
35677,2.3868,0
35678,2.3972,0
35679,2.6300,0
35680,2.4957,0
35681,2.5786,0
35682,2.3905,0
35683,2.4657,0
35684,2.4772,0
35685,2.5225,0
35686,2.7689,0
35687,2.5894,0
35688,2.4799,0
35689,2.6237,0
35690,2.4453,0
35691,2.4586,0
35692,2.8501,0
35693,2.3612,0
35694,2.4485,0
35695,2.2024,0
35696,2.5021,0
35697,2.4314,0
35698,2.5034,0
35699,2.5264,0
35700,2.5820,0
35701,2.6399,0
35702,2.5691,0
35703,2.6009,0
35704,2.7877,0
35705,2.6140,0
35706,2.6431,0
35707,2.5758,0
35708,2.7505,0
35709,2.4383,0
35710,2.3980,0
35711,2.7386,0
35712,2.7527,0
35713,2.7066,0
35714,2.3945,0
35715,2.3520,0
35716,2.4409,0
35717,2.2992,0
35718,2.3887,0
35719,2.4107,0
35720,2.6052,0
35721,2.5424,0
35722,2.9483,0
35723,2.7528,0
35724,3.0127,0
35725,2.6374,0
35726,2.4799,0
35727,2.6134,0
35728,2.5890,0
35729,2.4945,0
35730,2.5906,0
35731,2.3222,0
35732,2.4301,0
35733,2.4960,0
35734,2.5713,0
35735,2.6837,0
35736,2.5204,0
35737,2.4448,0
35738,2.3040,0
35739,2.2752,0
35740,2.4488,0
35741,2.7082,0
35742,2.5093,0
35743,2.6373,0
35744,2.4327,0
35745,2.9815,0
35746,2.6444,0
35747,2.5320,0
35748,2.4679,0
35749,2.4977,0
35750,2.8153,0
35751,2.4312,0
35752,2.4466,0
35753,2.5866,0
35754,2.4517,0
35755,2.5040,0
35756,2.3695,0
35757,2.4640,0
35758,2.5117,0
35759,2.6204,0
35760,2.5936,0
35761,2.6019,0
35762,2.7791,0
35763,2.4782,0
35764,2.5662,0
35765,2.4552,0
35766,3.1041,0
35767,2.4444,0
35768,2.7754,0
35769,2.7738,0
35770,2.5276,0
35771,2.3235,0
35772,2.5351,0
35773,2.2880,0
35774,2.7006,0
35775,2.7964,0
35776,2.3979,0
35777,2.3730,0
35778,2.5114,0
35779,2.8633,0
35780,2.4853,0
35781,2.7720,0
35782,2.8155,0
35783,2.7649,0
35784,2.6979,0
35785,2.9376,0
35786,2.4870,0
35787,2.6347,0
35788,2.8193,0
35789,2.7159,0
35790,2.6015,0
35791,2.5168,0
35792,2.4698,0
35793,2.6838,0
35794,2.5344,0
35795,2.6607,0
35796,2.6017,0
35797,2.7047,0
35798,2.6750,0
35799,2.6588,0
35800,2.4332,0
35801,2.8950,0
35802,2.3185,0
35803,2.5154,0
35804,2.5780,0
35805,2.5940,0
35806,2.5661,0
35807,2.4216,0
35808,2.4974,0
35809,2.5201,0
35810,2.6060,0
35811,2.5811,0
35812,2.5677,0
35813,2.8888,0
35814,2.7777,0
35815,2.5588,0
35816,2.6975,0
35817,2.7284,0
35818,2.3652,0
35819,2.5376,0
35820,2.9020,0
35821,2.4543,0
35822,2.6989,0
35823,2.6919,0
35824,2.4599,0
35825,2.5492,0
35826,2.8372,0
35827,2.3963,0
35828,2.5581,0
35829,2.4367,0
35830,2.4383,0
35831,2.3698,0
35832,2.5171,0
35833,2.9045,0
35834,2.4209,0
35835,2.3941,0
35836,2.4673,0
35837,2.5910,0
35838,2.4717,0
35839,2.2743,0
35840,2.5333,0
35841,2.3593,0
35842,2.4069,0
35843,2.4273,0
35844,2.1707,0
35845,2.4413,0
35846,2.4269,0
35847,2.8301,0
35848,2.5637,0
35849,2.5643,0
35850,2.6421,0
35851,2.4340,0
35852,2.4328,0
35853,2.6934,0
35854,2.2786,0
35855,2.5677,0
35856,2.4015,0
35857,2.5534,0
35858,2.7045,0
35859,2.4046,0
35860,2.6688,0
35861,2.7545,0
35862,2.1479,0
35863,2.5091,0
35864,3.0035,0
35865,2.4408,0
35866,2.3912,0
35867,2.5606,0
35868,2.5030,0
35869,2.3059,0
35870,2.5545,0
35871,2.7638,0
35872,2.4151,0
35873,2.4127,0
35874,2.6695,0
35875,2.4265,0
35876,2.5347,0
35877,2.4334,0
35878,2.3353,0
35879,2.4961,0
35880,2.4956,0
35881,2.5636,0
35882,2.5245,0
35883,2.7862,0
35884,2.4506,0
35885,2.5632,0
35886,2.8512,0
35887,2.8786,0
35888,3.0215,0
35889,2.8303,0
35890,2.5415,0
35891,2.7975,0
35892,2.3572,0
35893,2.4646,0
35894,2.4344,0
35895,2.5152,0
35896,2.7743,0
35897,3.1088,0
35898,2.5303,0
35899,2.8076,0
35900,2.7593,0
35901,2.4193,0
35902,2.9187,0
35903,3.2005,0
35904,2.8190,0
35905,2.5586,0
35906,2.5297,0
35907,2.5133,0
35908,2.5442,0
35909,2.6744,0
35910,2.6286,0
35911,2.4088,0
35912,2.4855,0
35913,2.4987,0
35914,2.7827,0
35915,2.8674,0
35916,2.4691,0
35917,2.5409,0
35918,3.3453,0
35919,2.9991,0
35920,2.7788,0
35921,2.5852,0
35922,2.6744,0
35923,2.5206,0
35924,2.5148,0
35925,2.5384,0
35926,2.7033,0
35927,2.5858,0
35928,2.7500,0
35929,2.9352,0
35930,2.8770,0
35931,2.7130,0
35932,2.7951,0
35933,2.6763,0
35934,2.6448,0
35935,2.5777,0
35936,2.7451,0
35937,2.5313,0
35938,2.9720,0
35939,2.5439,0
35940,2.8039,0
35941,2.5842,0
35942,2.7764,0
35943,2.6141,0
35944,2.5868,0
35945,2.5269,0
35946,2.5399,0
35947,2.5183,0
35948,2.8462,0
35949,2.8690,0
35950,2.7405,0
35951,2.5680,0
35952,2.5482,0
35953,3.0202,0
35954,3.1571,0
35955,2.7802,0
35956,2.9606,0
35957,3.0944,0
35958,2.7453,0
35959,2.7342,0
35960,2.5844,0
35961,3.2037,0
35962,2.5072,0
35963,2.9248,0
35964,2.7009,0
35965,2.8170,0
35966,2.6286,0
35967,2.6269,0
35968,2.6101,0
35969,2.8369,0
35970,2.7726,0
35971,2.6719,0
35972,2.4495,0
35973,2.7301,0
35974,2.4676,0
35975,2.4307,0
35976,2.5376,0
35977,3.0215,0
35978,2.7233,0
35979,2.5992,0
35980,2.8176,0
35981,2.3302,0
35982,2.9839,0
35983,2.3477,0
35984,2.6093,0
35985,2.3468,0
35986,2.7914,0
35987,2.4745,0
35988,2.5722,0
35989,2.3587,0
35990,2.3292,0
35991,2.3842,0
35992,2.5629,0
35993,2.2560,0
35994,2.2790,0
35995,2.4500,0
35996,2.4955,0
35997,2.5586,0
35998,2.5716,0
35999,2.3276,0
36000,2.6331,0
36001,2.2453,0
36002,2.6881,0
36003,2.4439,0
36004,2.5309,0
36005,2.2913,0
36006,2.5540,0
36007,2.6529,0
36008,2.4363,0
36009,2.4037,0
36010,2.4033,0
36011,2.5413,0
36012,2.6650,0
36013,2.3994,0
36014,2.4607,0
36015,2.5504,0
36016,2.4350,0
36017,2.8166,0
36018,2.7352,0
36019,2.6613,0
36020,2.5555,0
36021,2.5422,0
36022,2.6954,0
36023,2.3374,0
36024,2.5651,0
36025,2.9614,0
36026,2.4675,0
36027,2.3915,0
36028,2.5357,0
36029,2.6484,0
36030,2.2659,0
36031,2.4318,0
36032,2.4362,0
36033,2.3150,0
36034,2.2382,0
36035,2.4326,0
36036,2.2897,0
36037,2.3840,0
36038,2.4971,0
36039,2.7073,0
36040,2.6170,0
36041,2.4178,0
36042,2.5761,0
36043,2.5449,0
36044,2.7157,0
36045,2.8329,0
36046,2.2330,0
36047,2.5157,0
36048,2.3254,0
36049,2.3698,0
36050,2.4261,0
36051,2.3205,0
36052,2.7739,0
36053,2.7122,0
36054,2.5499,0
36055,2.6484,0
36056,2.5489,0
36057,2.6136,0
36058,2.7273,0
36059,2.5113,0
36060,2.7227,0
36061,2.6281,0
36062,2.5896,0
36063,2.5437,0
36064,2.5730,0
36065,2.5130,0
36066,2.6713,0
36067,2.7110,0
36068,2.5171,0
36069,2.6298,0
36070,2.3564,0
36071,2.6504,0
36072,2.4847,0
36073,2.5410,0
36074,2.5652,0
36075,2.7195,0
36076,2.4363,0
36077,2.4615,0
36078,2.4165,0
36079,2.2732,0
36080,2.2401,0
36081,2.4166,0
36082,2.3912,0
36083,2.6953,0
36084,2.7778,0
36085,2.5255,0
36086,2.2914,0
36087,2.6280,0
36088,2.5244,0
36089,2.4876,0
36090,2.3772,0
36091,2.3875,0
36092,2.2693,0
36093,2.5183,0
36094,2.5083,0
36095,2.5473,0
36096,2.5026,0
36097,2.6732,0
36098,2.8201,0
36099,2.6338,0
36100,2.5288,0
36101,2.6518,0
36102,2.5693,0
36103,2.8309,0
36104,2.6042,0
36105,2.5320,0
36106,2.6443,0
36107,2.7635,0
36108,3.0002,0
36109,2.8523,0
36110,2.5635,0
36111,2.4777,0
36112,2.7610,0
36113,2.3627,0
36114,2.3697,0
36115,2.3077,0
36116,2.3172,0
36117,2.6883,0
36118,2.6380,0
36119,2.8433,0
36120,2.6484,0
36121,2.5406,0
36122,2.3596,0
36123,2.7312,0
36124,2.5842,0
36125,2.5499,0
36126,2.5909,0
36127,2.5742,0
36128,2.3083,0
36129,2.4633,0
36130,2.6080,0
36131,2.3030,0
36132,2.3356,0
36133,2.4269,0
36134,2.7228,0
36135,2.5749,0
36136,2.6245,0
36137,2.7723,0
36138,3.1121,0
36139,2.5428,0
36140,2.9567,0
36141,2.5745,0
36142,2.5154,0
36143,2.5823,0
36144,2.4080,0
36145,2.3711,0
36146,2.9432,0
36147,2.4071,0
36148,2.4177,0
36149,2.7587,0
36150,2.3513,0
36151,2.4745,0
36152,2.7515,0
36153,2.4964,0
36154,2.6995,0
36155,2.7774,0
36156,2.6179,0
36157,2.6027,0
36158,2.5934,0
36159,2.8058,0
36160,2.4787,0
36161,2.4040,0
36162,2.8269,0
36163,2.3814,0
36164,2.5190,0
36165,2.6923,0
36166,3.0066,0
36167,2.4937,0
36168,2.5561,0
36169,2.5126,0
36170,2.5618,0
36171,2.5364,0
36172,2.7434,0
36173,2.6430,0
36174,2.3756,0
36175,2.7115,0
36176,2.8916,0
36177,2.4510,0
36178,2.7000,0
36179,2.9021,0
36180,3.1759,0
36181,2.5883,0
36182,2.5642,0
36183,2.3948,0
36184,2.5100,0
36185,2.4802,0
36186,2.4684,0
36187,2.6151,0
36188,2.4467,0
36189,2.6607,0
36190,2.5273,0
36191,2.9909,0
36192,2.5511,0
36193,2.5306,0
36194,2.6712,0
36195,2.6500,0
36196,2.5281,0
36197,2.9418,0
36198,2.5983,0
36199,2.7416,0
36200,2.5323,0
36201,2.4160,0
36202,2.6061,0
36203,2.8375,0
36204,2.4519,0
36205,2.6399,0
36206,2.3267,0
36207,2.5364,0
36208,2.4495,0
36209,2.3935,0
36210,2.3814,0
36211,2.4268,0
36212,2.4241,0
36213,2.6098,0
36214,2.8590,0
36215,2.9071,0
36216,2.5960,0
36217,2.5408,0
36218,2.5794,0
36219,2.4758,0
36220,2.5117,0
36221,3.1849,0
36222,2.4333,0
36223,2.6139,0
36224,2.8999,0
36225,2.4039,0
36226,2.4335,0
36227,2.6093,0
36228,2.4796,0
36229,3.2345,0
36230,2.3536,0
36231,2.3688,0
36232,2.2698,0
36233,2.6092,0
36234,2.9139,0
36235,2.3109,0
36236,2.2854,0
36237,2.3330,0
36238,2.2900,0
36239,2.4548,0
36240,2.4742,0
36241,2.4456,0
36242,2.5896,0
36243,2.6411,0
36244,2.4750,0
36245,2.4502,0
36246,3.1116,0
36247,2.5432,0
36248,2.2890,0
36249,2.5023,0
36250,2.6473,0
36251,2.6009,0
36252,3.1646,0
36253,2.6487,0
36254,2.4863,0
36255,2.5291,0
36256,2.4264,0
36257,2.4363,0
36258,2.3828,0
36259,2.3704,0
36260,2.8932,0
36261,2.3174,0
36262,2.4600,0
36263,2.4786,0
36264,2.9729,0
36265,2.4714,0
36266,2.3190,0
36267,3.0346,0
36268,2.4541,0
36269,2.4706,0
36270,2.8961,0
36271,2.8349,0
36272,2.3631,0
36273,2.3612,0
36274,2.3556,0
36275,2.4921,0
36276,2.4172,0
36277,2.9108,0
36278,2.8268,0
36279,2.2238,0
36280,2.1853,0
36281,2.3050,0
36282,2.3546,0
36283,2.2805,0
36284,2.4963,0
36285,2.4903,0
36286,2.3003,0
36287,2.4590,0
36288,2.4942,0
36289,2.8603,0
36290,2.4135,0
36291,2.3565,0
36292,2.3158,0
36293,2.5420,0
36294,2.5240,0
36295,2.9332,0
36296,2.2164,0
36297,2.5491,0
36298,2.4257,0
36299,2.4942,0
36300,2.7535,0
36301,2.5124,0
36302,2.5463,0
36303,2.7420,0
36304,2.6155,0
36305,2.5151,0
36306,2.4489,0
36307,2.4979,0
36308,2.8695,0
36309,2.4327,0
36310,2.4956,0
36311,2.7478,0
36312,2.4356,0
36313,2.6489,0
36314,2.4285,0
36315,2.6129,0
36316,2.4627,0
36317,2.4997,0
36318,2.6583,0
36319,2.5012,0
36320,2.4421,0
36321,2.4205,0
36322,2.4247,0
36323,2.5816,0
36324,2.8473,0
36325,2.7277,0
36326,2.6619,0
36327,2.5430,0
36328,2.5249,0
36329,2.4072,0
36330,2.6793,0
36331,2.7225,0
36332,2.5262,0
36333,2.7489,0
36334,2.3862,0
36335,2.3017,0
36336,2.4122,0
36337,2.5142,0
36338,2.4507,0
36339,2.3661,0
36340,2.5562,0
36341,2.5781,0
36342,2.4758,0
36343,2.4139,0
36344,2.6245,0
36345,2.5120,0
36346,2.7599,0
36347,2.5203,0
36348,2.4728,0
36349,2.7437,0
36350,2.6256,0
36351,2.5364,0
36352,2.6079,0
36353,2.5352,0
36354,2.6026,0
36355,2.7949,0
36356,2.8519,0
36357,2.5263,0
36358,2.6152,0
36359,2.3701,0
36360,2.5652,0
36361,2.3774,0
36362,2.5346,0
36363,2.3701,0
36364,2.4816,0
36365,2.6508,0
36366,2.5340,0
36367,2.6051,0
36368,2.5936,0
36369,2.4447,0
36370,2.6613,0
36371,2.5733,0
36372,2.6678,0
36373,2.6490,0
36374,3.0086,0
36375,2.6914,0
36376,2.5489,0
36377,2.7134,0
36378,2.4628,0
36379,2.4361,0
36380,2.4858,0
36381,2.4851,0
36382,2.6080,0
36383,2.8189,0
36384,2.3797,0
36385,2.4552,0
36386,2.5308,0
36387,2.4771,0
36388,2.5722,0
36389,2.5803,0
36390,2.4149,0
36391,2.5827,0
36392,2.5854,0
36393,2.6848,0
36394,2.6529,0
36395,2.6853,0
36396,2.6237,0
36397,2.4391,0
36398,2.6420,0
36399,2.7004,0
36400,2.6423,0
36401,2.5495,0
36402,2.5743,0
36403,2.6192,0
36404,2.6540,0
36405,2.7024,0
36406,2.4003,0
36407,2.4418,0
36408,2.3293,0
36409,2.6204,0
36410,2.4839,0
36411,2.4221,0
36412,2.6761,0
36413,2.2477,0
36414,2.3742,0
36415,2.2763,0
36416,2.2863,0
36417,2.3505,0
36418,2.5070,0
36419,2.8186,0
36420,2.3789,0
36421,2.3565,0
36422,2.4007,0
36423,2.7338,0
36424,2.7138,0
36425,2.4193,0
36426,2.6315,0
36427,2.4268,0
36428,2.8525,0
36429,2.4986,0
36430,2.6437,0
36431,2.6093,0
36432,2.4186,0
36433,2.4265,0
36434,2.2367,0
36435,2.3804,0
36436,2.4247,0
36437,2.5322,0
36438,2.3947,0
36439,2.5437,0
36440,2.6131,0
36441,2.7155,0
36442,2.6791,0
36443,2.5188,0
36444,2.5637,0
36445,2.4822,0
36446,3.1118,0
36447,2.6847,0
36448,2.4952,0
36449,2.5582,0
36450,2.6220,0
36451,2.3349,0
36452,2.6953,0
36453,2.4474,0
36454,2.6000,0
36455,2.4679,0
36456,2.3140,0
36457,2.3280,0
36458,2.5652,0
36459,2.4528,0
36460,3.2172,0
36461,2.6093,0
36462,2.5022,0
36463,2.6633,0
36464,2.7428,0
36465,2.5163,0
36466,2.4365,0
36467,2.4155,0
36468,2.4076,0
36469,2.4366,0
36470,2.4641,0
36471,2.4732,0
36472,2.5491,0
36473,3.0029,0
36474,2.8113,0
36475,2.5380,0
36476,3.3193,0
36477,2.6657,0
36478,2.4717,0
36479,2.5149,0
36480,2.7371,0
36481,2.5146,0
36482,2.6586,0
36483,2.7191,0
36484,2.5205,0
36485,2.3643,0
36486,2.8016,0
36487,2.5726,0
36488,2.3719,0
36489,2.4247,0
36490,2.3442,0
36491,2.5405,0
36492,2.3682,0
36493,2.3586,0
36494,2.7879,0
36495,2.3893,0
36496,2.5200,0
36497,2.6185,0
36498,2.4383,0
36499,2.7884,0
36500,2.4136,0
36501,2.6166,0
36502,2.6425,0
36503,2.4894,0
36504,2.5897,0
36505,2.4097,0
36506,2.4620,0
36507,2.6063,0
36508,2.4041,0
36509,2.6045,0
36510,2.3202,0
36511,2.6539,0
36512,2.7200,0
36513,2.6915,0
36514,2.7818,0
36515,2.5511,0
36516,2.8051,0
36517,2.8057,0
36518,2.5677,0
36519,2.5882,0
36520,2.4589,0
36521,2.4262,0
36522,2.3963,0
36523,2.6936,0
36524,2.8792,0
36525,2.5084,0
36526,2.6161,0
36527,2.5277,0
36528,2.5613,0
36529,2.3861,0
36530,2.4363,0
36531,2.7077,0
36532,2.7671,0
36533,2.4681,0
36534,2.5239,0
36535,2.3990,0
36536,2.5141,0
36537,2.6051,0
36538,2.6136,0
36539,2.4618,0
36540,2.5123,0
36541,2.2975,0
36542,2.3695,0
36543,2.3606,0
36544,2.4277,0
36545,2.4000,0
36546,2.5564,0
36547,2.4213,0
36548,2.5276,0
36549,2.4690,0
36550,2.7435,0
36551,2.7928,0
36552,2.7036,0
36553,2.5951,0
36554,2.5448,0
36555,2.6099,0
36556,2.8566,0
36557,2.8548,0
36558,2.7018,0
36559,2.6376,0
36560,2.3869,0
36561,2.8626,0
36562,2.4623,0
36563,3.0413,0
36564,2.2863,0
36565,2.8224,0
36566,2.3319,0
36567,2.6185,0
36568,2.3180,0
36569,2.4438,0
36570,2.7054,0
36571,2.4238,0
36572,2.5070,0
36573,2.8364,0
36574,2.9944,0
36575,2.9691,0
36576,2.6209,0
36577,2.4722,0
36578,2.7518,0
36579,2.5841,0
36580,2.5973,0
36581,2.4815,0
36582,2.6145,0
36583,2.6356,0
36584,2.7545,0
36585,2.4572,0
36586,2.5079,0
36587,2.6812,0
36588,2.5711,0
36589,2.3516,0
36590,2.3056,0
36591,2.7379,0
36592,2.4571,0
36593,2.4475,0
36594,2.4012,0
36595,2.4800,0
36596,2.5865,0
36597,2.3682,0
36598,2.7708,0
36599,2.7168,0
36600,2.5199,0
36601,2.4622,0
36602,2.5855,0
36603,2.5677,0
36604,2.7171,0
36605,2.4484,0
36606,2.6395,0
36607,2.5131,0
36608,2.5972,0
36609,2.9570,0
36610,2.7394,0
36611,2.5069,0
36612,2.6188,0
36613,2.7546,0
36614,2.5364,0
36615,2.7935,0
36616,2.4010,0
36617,3.0162,0
36618,2.4970,0
36619,2.3337,0
36620,2.2647,0
36621,2.4942,0
36622,2.6435,0
36623,2.4546,0
36624,2.2169,0
36625,2.5585,0
36626,2.3253,0
36627,2.6277,0
36628,2.5410,0
36629,2.5922,0
36630,2.4855,0
36631,2.2068,0
36632,2.4578,0
36633,2.4096,0
36634,2.3698,0
36635,2.3335,0
36636,2.4517,0
36637,2.6230,0
36638,2.2154,0
36639,2.4565,0
36640,2.3351,0
36641,2.4654,0
36642,2.4520,0
36643,2.1964,0
36644,3.0355,0
36645,2.3819,0
36646,2.3133,0
36647,2.3553,0
36648,2.3633,0
36649,2.5752,0
36650,2.8694,0
36651,2.5669,0
36652,2.4088,0
36653,2.7273,0
36654,2.3688,0
36655,2.2561,0
36656,2.3678,0
36657,2.2503,0
36658,2.4397,0
36659,2.9583,0
36660,2.5823,0
36661,2.9437,0
36662,3.2575,0
36663,2.5719,0
36664,2.4461,0
36665,2.9081,0
36666,2.3098,0
36667,2.6889,0
36668,2.1972,0
36669,2.4517,0
36670,2.2607,0
36671,2.2830,0
36672,2.3254,0
36673,2.4990,0
36674,2.5817,0
36675,2.5609,0
36676,2.8399,0
36677,2.7020,0
36678,2.4879,0
36679,2.4507,0
36680,2.8449,0
36681,2.7245,0
36682,2.3328,0
36683,2.8856,0
36684,2.2625,0
36685,2.6536,0
36686,2.2691,0
36687,2.3493,0
36688,2.4063,0
36689,2.5484,0
36690,2.6678,0
36691,2.5805,0
36692,2.4565,0
36693,3.1404,0
36694,2.5302,0
36695,2.3809,0
36696,2.6561,0
36697,2.4663,0
36698,2.4483,0
36699,2.3076,0
36700,2.3882,0
36701,2.2800,0
36702,2.3807,0
36703,2.6079,0
36704,2.7177,0
36705,2.6411,0
36706,2.4487,0
36707,2.4095,0
36708,3.3311,0
36709,2.7429,0
36710,2.5443,0
36711,2.8149,0
36712,2.5082,0
36713,2.2618,0
36714,2.3511,0
36715,2.2796,0
36716,2.3729,0
36717,2.5305,0
36718,2.3048,0
36719,2.4139,0
36720,2.6464,0
36721,2.4167,0
36722,2.8036,0
36723,2.3230,0
36724,2.2343,0
36725,2.6434,0
36726,2.4284,0
36727,2.3495,0
36728,2.5964,0
36729,2.9088,0
36730,2.7267,0
36731,2.7910,0
36732,2.5695,0
36733,2.5324,0
36734,2.4448,0
36735,2.5439,0
36736,2.7615,0
36737,2.4907,0
36738,2.3452,0
36739,2.6766,0
36740,2.8624,0
36741,2.4127,0
36742,2.4966,0
36743,2.4101,0
36744,2.3758,0
36745,2.2273,0
36746,2.9061,0
36747,2.5833,0
36748,2.4948,0
36749,2.4012,0
36750,2.3507,0
36751,2.4831,0
36752,2.7177,0
36753,2.4767,0
36754,2.4867,0
36755,2.6859,0
36756,2.4549,0
36757,2.3929,0
36758,2.8044,0
36759,2.7964,0
36760,2.4350,0
36761,2.5099,0
36762,2.5704,0
36763,2.4802,0
36764,2.7293,0
36765,2.3915,0
36766,2.3294,0
36767,2.3849,0
36768,2.4368,0
36769,2.7216,0
36770,2.6134,0
36771,2.7888,0
36772,2.5467,0
36773,2.4671,0
36774,2.3898,0
36775,2.5350,0
36776,2.4448,0
36777,2.5613,0
36778,2.9325,0
36779,2.6606,0
36780,2.4916,0
36781,2.6337,0
36782,2.8106,0
36783,2.4614,0
36784,2.5390,0
36785,2.9602,0
36786,3.0856,0
36787,2.4305,0
36788,2.3704,0
36789,2.9103,0
36790,2.5148,0
36791,2.3836,0
36792,2.9746,0
36793,2.3475,0
36794,2.4076,0
36795,2.5053,0
36796,2.4710,0
36797,2.3666,0
36798,2.4751,0
36799,2.8265,0
36800,2.4612,0
36801,2.4189,0
36802,2.5077,0
36803,2.3642,0
36804,2.5174,0
36805,2.3988,0
36806,2.4472,0
36807,2.3871,0
36808,2.6430,0
36809,2.4649,0
36810,2.4013,0
36811,2.3268,0
36812,2.3615,0
36813,2.6047,0
36814,2.6764,0
36815,2.3548,0
36816,2.4361,0
36817,2.3273,0
36818,2.5624,0
36819,2.5922,0
36820,2.4268,0
36821,2.6339,0
36822,2.5160,0
36823,2.6603,0
36824,2.7079,0
36825,2.6245,0
36826,2.3642,0
36827,2.7227,0
36828,2.4889,0
36829,2.4415,0
36830,2.3452,0
36831,2.5297,0
36832,2.3142,0
36833,2.4256,0
36834,2.5013,0
36835,2.5104,0
36836,2.4211,0
36837,2.4656,0
36838,2.5868,0
36839,2.6865,0
36840,2.8133,0
36841,2.6036,0
36842,2.5018,0
36843,2.9744,0
36844,2.4819,0
36845,2.5344,0
36846,2.5281,0
36847,2.4874,0
36848,2.9612,0
36849,2.8147,0
36850,2.5366,0
36851,2.4522,0
36852,2.4278,0
36853,2.3396,0
36854,2.8945,0
36855,2.6216,0
36856,2.7061,0
36857,2.7325,0
36858,2.5416,0
36859,2.3024,0
36860,2.4696,0
36861,2.4043,0
36862,2.5371,0
36863,2.5450,0
36864,2.4198,0
36865,2.4740,0
36866,2.4566,0
36867,2.9316,0
36868,2.3304,0
36869,2.4782,0
36870,2.5061,0
36871,2.6320,0
36872,2.7392,0
36873,2.6274,0
36874,2.8662,0
36875,2.5426,0
36876,2.6757,0
36877,2.5095,0
36878,2.4402,0
36879,2.3728,0
36880,2.5208,0
36881,2.7362,0
36882,2.6298,0
36883,2.4089,0
36884,2.3598,0
36885,2.4593,0
36886,2.4891,0
36887,2.3868,0
36888,2.9831,0
36889,2.7000,0
36890,2.4941,0
36891,2.7116,0
36892,2.4245,0
36893,2.4796,0
36894,2.3295,0
36895,2.3704,0
36896,2.3465,0
36897,2.4065,0
36898,2.3300,0
36899,2.4954,0
36900,2.4303,0
36901,2.3920,0
36902,2.3872,0
36903,2.8956,0
36904,2.5677,0
36905,2.5933,0
36906,2.6421,0
36907,2.4467,0
36908,2.5328,0
36909,2.4224,0
36910,2.7895,0
36911,2.6902,0
36912,2.6499,0
36913,2.5205,0
36914,2.4737,0
36915,2.4863,0
36916,3.0257,0
36917,2.6116,0
36918,2.4884,0
36919,2.5684,0
36920,2.4812,0
36921,2.5595,0
36922,2.8962,0
36923,2.6347,0
36924,2.5491,0
36925,2.4304,0
36926,2.3770,0
36927,2.5051,0
36928,2.6482,0
36929,2.6811,0
36930,2.5479,0
36931,2.4383,0
36932,2.9777,0
36933,2.5531,0
36934,2.5628,0
36935,3.2015,0
36936,2.5669,0
36937,2.4632,0
36938,2.4379,0
36939,2.8344,0
36940,2.8583,0
36941,2.6910,0
36942,2.5191,0
36943,2.3851,0
36944,2.3761,0
36945,2.2425,0
36946,2.3484,0
36947,2.5579,0
36948,3.0557,0
36949,3.2643,0
36950,2.4986,0
36951,3.0856,0
36952,2.5573,0
36953,2.7822,0
36954,2.6713,0
36955,2.3599,0
36956,2.2722,0
36957,2.4929,0
36958,2.3472,0
36959,2.7334,0
36960,2.6766,0
36961,2.8053,0
36962,2.7683,0
36963,2.4579,0
36964,2.9245,0
36965,2.4786,0
36966,2.5742,0
36967,2.5759,0
36968,2.7124,0
36969,2.4205,0
36970,2.5391,0
36971,3.0011,0
36972,2.9578,0
36973,2.6290,0
36974,2.7657,0
36975,2.5008,0
36976,2.7626,0
36977,2.6605,0
36978,2.5850,0
36979,2.4683,0
36980,2.6686,0
36981,2.6503,0
36982,2.5977,0
36983,2.9114,0
36984,3.0666,0
36985,3.3191,0
36986,2.7390,0
36987,2.9052,0
36988,3.2366,0
36989,2.9005,0
36990,2.6510,0
36991,2.3904,0
36992,2.3625,0
36993,3.0482,0
36994,2.6478,0
36995,2.6776,0
36996,3.5246,0
36997,3.1495,0
36998,3.0440,0
36999,3.5271,0
37000,3.3716,0
37001,2.8005,0
37002,3.6097,0
37003,2.6981,0
37004,2.6982,0
37005,2.7806,0
37006,2.7778,0
37007,2.6208,0
37008,3.2515,0
37009,2.9476,0
37010,3.2085,0
37011,3.1841,0
37012,3.2675,0
37013,3.4918,0
37014,3.2935,0
37015,3.6101,0
37016,2.9105,0
37017,2.7598,0
37018,3.0277,0
37019,3.1386,0
37020,3.1973,0
37021,3.2423,0
37022,3.1370,0
37023,2.8622,0
37024,2.9086,0
37025,3.0300,0
37026,3.5372,0
37027,3.4942,0
37028,3.4002,0
37029,3.3511,0
37030,3.4018,0
37031,2.8564,0
37032,2.9565,0
37033,3.4741,0
37034,3.5392,0
37035,3.2029,0
37036,2.9805,0
37037,2.7819,0
37038,3.8807,0
37039,2.9679,0
37040,2.8085,0
37041,2.6654,0
37042,2.9026,0
37043,3.4089,0
37044,3.1958,0
37045,2.8988,0
37046,2.7694,0
37047,3.2077,0
37048,3.1909,0
37049,3.3411,0
37050,3.4898,0
37051,2.9473,0
37052,2.8158,0
37053,3.0358,0
37054,3.5735,0
37055,3.0204,0
37056,3.2814,0
37057,3.2611,0
37058,3.1534,0
37059,2.8973,0
37060,2.6600,0
37061,2.5829,0
37062,2.4768,0
37063,2.6659,0
37064,2.8930,0
37065,2.6049,0
37066,2.4712,0
37067,3.1101,0
37068,2.3080,0
37069,2.2639,0
37070,2.3288,0
37071,2.4418,0
37072,2.3130,0
37073,2.4065,0
37074,2.4992,0
37075,2.7535,0
37076,2.3369,0
37077,2.3028,0
37078,2.4075,0
37079,2.4051,0
37080,2.4227,0
37081,2.4575,0
37082,2.3783,0
37083,2.4099,0
37084,2.8704,0
37085,2.2676,0
37086,2.3725,0
37087,2.6153,0
37088,2.5168,0
37089,2.4868,0
37090,2.4136,0
37091,2.5447,0
37092,2.4635,0
37093,2.5993,0
37094,2.5440,0
37095,2.4453,0
37096,2.5362,0
37097,2.4313,0
37098,2.5609,0
37099,3.2774,0
37100,2.5646,0
37101,2.5063,0
37102,2.5461,0
37103,2.4051,0
37104,2.8931,0
37105,2.6198,0
37106,2.4730,0
37107,2.3362,0
37108,2.6261,0
37109,2.5558,0
37110,2.6559,0
37111,2.5831,0
37112,2.3848,0
37113,2.2987,0
37114,2.4219,0
37115,3.2313,0
37116,2.5014,0
37117,2.5278,0
37118,2.4663,0
37119,2.3948,0
37120,2.3862,0
37121,2.6985,0
37122,2.9004,0
37123,2.3411,0
37124,2.7027,0
37125,2.5253,0
37126,2.5861,0
37127,2.4228,0
37128,2.7274,0
37129,2.3697,0
37130,2.4680,0
37131,2.3423,0
37132,2.6307,0
37133,2.4888,0
37134,2.4913,0
37135,2.4949,0
37136,2.3783,0
37137,2.4994,0
37138,2.5983,0
37139,2.7586,0
37140,2.5760,0
37141,2.4265,0
37142,2.9012,0
37143,2.8628,0
37144,2.3109,0
37145,2.3605,0
37146,2.7464,0
37147,2.5671,0
37148,2.3570,0
37149,2.4196,0
37150,2.4650,0
37151,2.4101,0
37152,2.3516,0
37153,2.2774,0
37154,2.2347,0
37155,2.4978,0
37156,2.5061,0
37157,2.2308,0
37158,2.2788,0
37159,2.2622,0
37160,2.2850,0
37161,2.3292,0
37162,2.6449,0
37163,2.7917,0
37164,2.6934,0
37165,2.4712,0
37166,2.2619,0
37167,2.6575,0
37168,2.4890,0
37169,2.4652,0
37170,2.5904,0
37171,2.4185,0
37172,2.6057,0
37173,2.4140,0
37174,2.5485,0
37175,2.3851,0
37176,2.4225,0
37177,2.3618,0
37178,2.5302,0
37179,2.4437,0
37180,2.3927,0
37181,2.5120,0
37182,2.6391,0
37183,2.3675,0
37184,2.3155,0
37185,2.6527,0
37186,2.3357,0
37187,2.4439,0
37188,2.6625,0
37189,2.6265,0
37190,2.5531,0
37191,2.4878,0
37192,2.6821,0
37193,2.4750,0
37194,2.9446,0
37195,2.5794,0
37196,2.6531,0
37197,2.3931,0
37198,2.5001,0
37199,2.3967,0
37200,2.7731,0
37201,2.4438,0
37202,2.5826,0
37203,2.8486,0
37204,2.3429,0
37205,2.3866,0
37206,2.5895,0
37207,2.7446,0
37208,2.6881,0
37209,2.4044,0
37210,2.3655,0
37211,2.3238,0
37212,2.5804,0
37213,2.6238,0
37214,2.6857,0
37215,2.5268,0
37216,2.5630,0
37217,2.6904,0
37218,2.5079,0
37219,2.5319,0
37220,2.4152,0
37221,2.1274,0
37222,2.5368,0
37223,2.3064,0
37224,2.2913,0
37225,2.4412,0
37226,2.4386,0
37227,2.5730,0
37228,2.5590,0
37229,2.3443,0
37230,2.4483,0
37231,2.1778,0
37232,2.3721,0
37233,2.2340,0
37234,2.2326,0
37235,2.5265,0
37236,2.5842,0
37237,2.4442,0
37238,2.3599,0
37239,2.4618,0
37240,2.4837,0
37241,2.3604,0
37242,2.4483,0
37243,2.6464,0
37244,3.2267,0
37245,2.4158,0
37246,2.5905,0
37247,2.5572,0
37248,2.3945,0
37249,2.6322,0
37250,2.3253,0
37251,2.3475,0
37252,2.4091,0
37253,2.4687,0
37254,2.7054,0
37255,2.5431,0
37256,2.4976,0
37257,2.5588,0
37258,2.5280,0
37259,2.8330,0
37260,2.4581,0
37261,2.4204,0
37262,2.7878,0
37263,2.5654,0
37264,2.5156,0
37265,2.3755,0
37266,2.3240,0
37267,2.4131,0
37268,2.4619,0
37269,2.6923,0
37270,2.4852,0
37271,2.5332,0
37272,2.5606,0
37273,2.3544,0
37274,2.5544,0
37275,2.4280,0
37276,2.4618,0
37277,2.4804,0
37278,2.7826,0
37279,2.4496,0
37280,2.4949,0
37281,2.7445,0
37282,2.4473,0
37283,2.4483,0
37284,2.4072,0
37285,2.4962,0
37286,2.6050,0
37287,2.4633,0
37288,2.3950,0
37289,2.5030,0
37290,2.5143,0
37291,2.5641,0
37292,2.5319,0
37293,2.4972,0
37294,2.7371,0
37295,2.6569,0
37296,2.8912,0
37297,2.7474,0
37298,2.7514,0
37299,2.4974,0
37300,2.5609,0
37301,2.8517,0
37302,2.6990,0
37303,2.6954,0
37304,2.4640,0
37305,2.4630,0
37306,2.3211,0
37307,2.3609,0
37308,2.3903,0
37309,2.4135,0
37310,2.7626,0
37311,2.6518,0
37312,2.4305,0
37313,2.2104,0
37314,2.4001,0
37315,2.3147,0
37316,2.8390,0
37317,2.4502,0
37318,2.6713,0
37319,2.9608,0
37320,2.4335,0
37321,2.9865,0
37322,2.5819,0
37323,2.4947,0
37324,2.5269,0
37325,3.1240,0
37326,2.6238,0
37327,2.5460,0
37328,2.5154,0
37329,3.0483,0
37330,2.3891,0
37331,2.3318,0
37332,2.4349,0
37333,2.5000,0
37334,2.4424,0
37335,2.9328,0
37336,2.8312,0
37337,2.7556,0
37338,2.5652,0
37339,2.5799,0
37340,2.4875,0
37341,2.3555,0
37342,2.4561,0
37343,2.4982,0
37344,2.4242,0
37345,2.6098,0
37346,2.8186,0
37347,2.4030,0
37348,2.9625,0
37349,2.4262,0
37350,2.4624,0
37351,2.3321,0
37352,2.9520,0
37353,2.6397,0
37354,2.9557,0
37355,2.7544,0
37356,3.0013,0
37357,2.3419,0
37358,2.2777,0
37359,2.2311,0
37360,2.5396,0
37361,2.3143,0
37362,2.5631,0
37363,2.5115,0
37364,2.3523,0
37365,2.3287,0
37366,2.6651,0
37367,2.7410,0
37368,2.4195,0
37369,2.5603,0
37370,2.4661,0
37371,2.5203,0
37372,2.6681,0
37373,2.5355,0
37374,2.6310,0
37375,2.6598,0
37376,2.4896,0
37377,2.5206,0
37378,2.4824,0
37379,2.4984,0
37380,2.4103,0
37381,2.5723,0
37382,2.5440,0
37383,2.7005,0
37384,2.6251,0
37385,2.4924,0
37386,2.5098,0
37387,2.6170,0
37388,2.7157,0
37389,3.1420,0
37390,2.6800,0
37391,2.5713,0
37392,2.6533,0
37393,2.6471,0
37394,2.7735,0
37395,2.5635,0
37396,2.6633,0
37397,2.4351,0
37398,2.9659,0
37399,2.3727,0
37400,2.5106,0
37401,2.4027,0
37402,2.6523,0
37403,2.5477,0
37404,2.4771,0
37405,2.4081,0
37406,2.3962,0
37407,2.6281,0
37408,2.6996,0
37409,2.4022,0
37410,2.4200,0
37411,2.4348,0
37412,2.3804,0
37413,2.6125,0
37414,2.5472,0
37415,2.6816,0
37416,2.8587,0
37417,2.4520,0
37418,2.5313,0
37419,2.4098,0
37420,2.5564,0
37421,3.0650,0
37422,2.3816,0
37423,2.4967,0
37424,2.4423,0
37425,2.4189,0
37426,2.7352,0
37427,2.9025,0
37428,2.8503,0
37429,2.5032,0
37430,2.8172,0
37431,2.3554,0
37432,2.2922,0
37433,2.3548,0
37434,2.8119,0
37435,2.5790,0
37436,2.4960,0
37437,2.5221,0
37438,2.5533,0
37439,2.8472,0
37440,2.4614,0
37441,2.5231,0
37442,2.7180,0
37443,2.4180,0
37444,2.3883,0
37445,2.7060,0
37446,2.5172,0
37447,2.5307,0
37448,2.3178,0
37449,2.5342,0
37450,2.4250,0
37451,2.8331,0
37452,2.5085,0
37453,2.7785,0
37454,2.4771,0
37455,2.6674,0
37456,2.5157,0
37457,2.4914,0
37458,2.3574,0
37459,2.3851,0
37460,2.9932,0
37461,2.3984,0
37462,2.3271,0
37463,2.3507,0
37464,2.5666,0
37465,2.6164,0
37466,3.1535,0
37467,2.8022,0
37468,2.5715,0
37469,2.5302,0
37470,2.5886,0
37471,2.4836,0
37472,2.3943,0
37473,2.7223,0
37474,2.3311,0
37475,2.5809,0
37476,2.4715,0
37477,2.7414,0
37478,2.7150,0
37479,2.4260,0
37480,2.5928,0
37481,2.9212,0
37482,2.7108,0
37483,2.4024,0
37484,2.5728,0
37485,2.4371,0
37486,2.6785,0
37487,2.5744,0
37488,2.5607,0
37489,2.5970,0
37490,2.3799,0
37491,2.3784,0
37492,2.5584,0
37493,2.6339,0
37494,3.1336,0
37495,2.4681,0
37496,2.4023,0
37497,2.5631,0
37498,2.8524,0
37499,2.6118,0
37500,2.3867,0
37501,2.5685,0
37502,2.3172,0
37503,2.6752,0
37504,2.9366,0
37505,2.8899,0
37506,2.4431,0
37507,2.6584,0
37508,2.5982,0
37509,2.6815,0
37510,2.6961,0
37511,2.6646,0
37512,2.4048,0
37513,2.5346,0
37514,2.7063,0
37515,2.9807,0
37516,2.2169,0
37517,2.2756,0
37518,2.7309,0
37519,2.4797,0
37520,2.3834,0
37521,2.4313,0
37522,2.4072,0
37523,2.5431,0
37524,2.6400,0
37525,2.9707,0
37526,2.3266,0
37527,2.3102,0
37528,2.4565,0
37529,2.5419,0
37530,2.5834,0
37531,2.4295,0
37532,2.3681,0
37533,2.6135,0
37534,2.5872,0
37535,2.5121,0
37536,2.5366,0
37537,2.4322,0
37538,2.7292,0
37539,2.5609,0
37540,2.4106,0
37541,3.0287,0
37542,2.6537,0
37543,2.5151,0
37544,2.5181,0
37545,2.4259,0
37546,2.4868,0
37547,2.6573,0
37548,2.4610,0
37549,2.3256,0
37550,2.6019,0
37551,2.1996,0
37552,2.3649,0
37553,2.6413,0
37554,2.4531,0
37555,2.3779,0
37556,2.3608,0
37557,2.3749,0
37558,2.3904,0
37559,2.7680,0
37560,2.4274,0
37561,2.9044,0
37562,2.3190,0
37563,2.9617,0
37564,3.0590,0
37565,2.3846,0
37566,2.4209,0
37567,2.3690,0
37568,2.4646,0
37569,2.4869,0
37570,2.3758,0
37571,2.5592,0
37572,2.7630,0
37573,2.4832,0
37574,2.5637,0
37575,2.9231,0
37576,2.6987,0
37577,2.6736,0
37578,2.6337,0
37579,2.6708,0
37580,2.4106,0
37581,2.5394,0
37582,2.5860,0
37583,2.3378,0
37584,2.7488,0
37585,2.5244,0
37586,2.4975,0
37587,2.5416,0
37588,2.4346,0
37589,2.7107,0
37590,2.5184,0
37591,2.4201,0
37592,2.3421,0
37593,2.4694,0
37594,2.5599,0
37595,2.4944,0
37596,2.4502,0
37597,2.4862,0
37598,2.8079,0
37599,2.3187,0
37600,2.4373,0
37601,2.2414,0
37602,2.4015,0
37603,2.5667,0
37604,2.5170,0
37605,2.6945,0
37606,2.5355,0
37607,2.7135,0
37608,2.5079,0
37609,2.3882,0
37610,2.5612,0
37611,2.4552,0
37612,2.6555,0
37613,2.4378,0
37614,2.5640,0
37615,2.5665,0
37616,2.5376,0
37617,2.6711,0
37618,2.5583,0
37619,2.4122,0
37620,2.5660,0
37621,2.2855,0
37622,2.5992,0
37623,2.4000,0
37624,2.7228,0
37625,3.1755,0
37626,2.5034,0
37627,2.5327,0
37628,2.7558,0
37629,2.4961,0
37630,2.7301,0
37631,2.4824,0
37632,2.4065,0
37633,2.3381,0
37634,2.4693,0
37635,2.4564,0
37636,2.3543,0
37637,2.3382,0
37638,2.6063,0
37639,2.5220,0
37640,2.4852,0
37641,2.3426,0
37642,2.4158,0
37643,2.4871,0
37644,2.7670,0
37645,2.5114,0
37646,2.4622,0
37647,2.4599,0
37648,2.3945,0
37649,2.3624,0
37650,2.4947,0
37651,2.3685,0
37652,2.4156,0
37653,2.7496,0
37654,2.5479,0
37655,2.5374,0
37656,2.3072,0
37657,2.6072,0
37658,2.3932,0
37659,2.5291,0
37660,2.4640,0
37661,2.4598,0
37662,2.5590,0
37663,2.6159,0
37664,2.5805,0
37665,2.9152,0
37666,2.6016,0
37667,2.4761,0
37668,2.5897,0
37669,2.7983,0
37670,2.6765,0
37671,2.4738,0
37672,2.7227,0
37673,2.5049,0
37674,2.7414,0
37675,2.4230,0
37676,2.6978,0
37677,2.4686,0
37678,2.4432,0
37679,2.7722,0
37680,2.4822,0
37681,2.6933,0
37682,2.4288,0
37683,2.6276,0
37684,2.3157,0
37685,2.3484,0
37686,2.3419,0
37687,2.3126,0
37688,2.6911,0
37689,3.2794,0
37690,2.5961,0
37691,2.8633,0
37692,2.5137,0
37693,2.5350,0
37694,2.3767,0
37695,2.4046,0
37696,2.7118,0
37697,2.6712,0
37698,2.6580,0
37699,2.6705,0
37700,2.6378,0
37701,2.5897,0
37702,2.3432,0
37703,2.9047,0
37704,2.9643,0
37705,2.5385,0
37706,2.3552,0
37707,2.4009,0
37708,2.3222,0
37709,2.3301,0
37710,3.1262,0
37711,2.2572,0
37712,2.5767,0
37713,2.5715,0
37714,2.7815,0
37715,2.4335,0
37716,2.2525,0
37717,2.3923,0
37718,3.0534,0
37719,2.5009,0
37720,2.4983,0
37721,2.5577,0
37722,2.5545,0
37723,2.5016,0
37724,2.6902,0
37725,2.7131,0
37726,2.6569,0
37727,2.8949,0
37728,2.8897,0
37729,2.8055,0
37730,2.7648,0
37731,2.5071,0
37732,2.6766,0
37733,2.8139,0
37734,2.6967,0
37735,2.5094,0
37736,2.4896,0
37737,2.3993,0
37738,2.3471,0
37739,2.4903,0
37740,2.7605,0
37741,2.6494,0
37742,2.6102,0
37743,2.7672,0
37744,2.6193,0
37745,2.6547,0
37746,2.9062,0
37747,2.5897,0
37748,3.2116,0
37749,3.6434,0
37750,2.7327,0
37751,3.1592,0
37752,2.8494,0
37753,2.6877,0
37754,2.5159,0
37755,2.5282,0
37756,2.4475,0
37757,2.5322,0
37758,2.6548,0
37759,2.6104,0
37760,2.5638,0
37761,2.6758,0
37762,2.6445,0
37763,2.7426,0
37764,2.8096,0
37765,3.2669,0
37766,2.9169,0
37767,2.5840,0
37768,2.6509,0
37769,2.7801,0
37770,2.5698,0
37771,2.7195,0
37772,2.5964,0
37773,2.5605,0
37774,3.0503,0
37775,2.7623,0
37776,2.7390,0
37777,2.5509,0
37778,2.7616,0
37779,3.0855,0
37780,2.9760,0
37781,2.4301,0
37782,2.3167,0
37783,2.6671,0
37784,2.3393,0
37785,2.2908,0
37786,2.2310,0
37787,2.4827,0
37788,2.4378,0
37789,2.5456,0
37790,3.3131,0
37791,3.1266,0
37792,2.5430,0
37793,2.6806,0
37794,2.3483,0
37795,2.4267,0
37796,2.5023,0
37797,2.4465,0
37798,2.5499,0
37799,2.3838,0
37800,2.7079,0
37801,2.5227,0
37802,2.3991,0
37803,2.3598,0
37804,2.4093,0
37805,2.5512,0
37806,2.5884,0
37807,2.5586,0
37808,2.4275,0
37809,2.4429,0
37810,2.3287,0
37811,2.6118,0
37812,2.5381,0
37813,2.4678,0
37814,2.9424,0
37815,3.1240,0
37816,2.5873,0
37817,2.5079,0
37818,2.4980,0
37819,2.6604,0
37820,2.5450,0
37821,2.9235,0
37822,2.5354,0
37823,2.5262,0
37824,2.4250,0
37825,2.4668,0
37826,2.4564,0
37827,2.5425,0
37828,2.4845,0
37829,2.3812,0
37830,2.5759,0
37831,2.7214,0
37832,3.1256,0
37833,2.6456,0
37834,2.4227,0
37835,2.7179,0
37836,2.6709,0
37837,2.4758,0
37838,2.7560,0
37839,6.1999,0
37840,2.6287,0
37841,2.4778,0
37842,2.4825,0
37843,2.4254,0
37844,2.6795,0
37845,2.4755,0
37846,2.4391,0
37847,2.3632,0
37848,2.7410,0
37849,2.2997,0
37850,2.3773,0
37851,2.7325,0
37852,2.7812,0
37853,2.4657,0
37854,2.5247,0
37855,2.5549,0
37856,2.6484,0
37857,2.7048,0
37858,3.0064,0
37859,2.7212,0
37860,3.2916,0
37861,2.6044,0
37862,2.6075,0
37863,2.3632,0
37864,2.4704,0
37865,2.3101,0
37866,2.5835,0
37867,3.0003,0
37868,2.5762,0
37869,2.4445,0
37870,2.5282,0
37871,2.5154,0
37872,2.5970,0
37873,2.3541,0
37874,2.5006,0
37875,2.5640,0
37876,2.7321,0
37877,2.4597,0
37878,2.6103,0
37879,2.4761,0
37880,2.6808,0
37881,2.4174,0
37882,2.8583,0
37883,2.4305,0
37884,2.5606,0
37885,2.5451,0
37886,2.9040,0
37887,2.7520,0
37888,3.0578,0
37889,2.5929,0
37890,2.6747,0
37891,2.5993,0
37892,2.9654,0
37893,2.5215,0
37894,2.6699,0
37895,2.6762,0
37896,2.5145,0
37897,2.4855,0
37898,2.3568,0
37899,2.7813,0
37900,2.9318,0
37901,2.5562,0
37902,2.5033,0
37903,2.3758,0
37904,2.4759,0
37905,2.8546,0
37906,2.4316,0
37907,2.5188,0
37908,2.7332,0
37909,2.6050,0
37910,2.6543,0
37911,2.9426,0
37912,2.5491,0
37913,2.6336,0
37914,2.6118,0
37915,3.0438,0
37916,2.5380,0
37917,2.6300,0
37918,2.7052,0
37919,2.3158,0
37920,2.2626,0
37921,2.3206,0
37922,2.6517,0
37923,2.9489,0
37924,2.3684,0
37925,2.3203,0
37926,2.3753,0
37927,2.5439,0
37928,2.6338,0
37929,2.3701,0
37930,2.7409,0
37931,2.3040,0
37932,2.3139,0
37933,2.3416,0
37934,2.4234,0
37935,2.6139,0
37936,2.4966,0
37937,2.4650,0
37938,2.6156,0
37939,2.3459,0
37940,3.1779,0
37941,2.4122,0
37942,2.6575,0
37943,2.5393,0
37944,2.4504,0
37945,2.5058,0
37946,2.6200,0
37947,2.5652,0
37948,2.7662,0
37949,3.4225,0
37950,2.4042,0
37951,2.6622,0
37952,2.2687,0
37953,2.3218,0
37954,2.4460,0
37955,2.2646,0
37956,2.4471,0
37957,2.2552,0
37958,2.4755,0
37959,2.4030,0
37960,2.3849,0
37961,2.6452,0
37962,2.4786,0
37963,2.6447,0
37964,2.4680,0
37965,2.5257,0
37966,2.5485,0
37967,2.5811,0
37968,2.6199,0
37969,2.5619,0
37970,2.6638,0
37971,2.5690,0
37972,2.5736,0
37973,2.9227,0
37974,2.5446,0
37975,2.4615,0
37976,2.5499,0
37977,2.8919,0
37978,2.4324,0
37979,2.6237,0
37980,2.3632,0
37981,2.5449,0
37982,2.4983,0
37983,5.9176,0
37984,6.5012,0
37985,5.6912,0
37986,5.6672,0
37987,5.6516,0
37988,6.0374,0
37989,5.9021,0
37990,5.8192,0
37991,5.8705,0
37992,6.4278,0
37993,5.8755,0
37994,6.1186,0
37995,5.5229,0
37996,5.8070,0
37997,5.4846,0
37998,31.3986,1
37999,3.6719,0
38000,2.8395,0
38001,3.0908,0
38002,3.0596,0
38003,3.1591,0
38004,3.3816,0
38005,2.7680,0
38006,2.8945,0
38007,2.7991,0
38008,2.8965,0
38009,2.8912,0
38010,2.8019,0
38011,2.9013,0
38012,3.0174,0
38013,3.0592,0
38014,2.7516,0
38015,2.8217,0
38016,3.0812,0
38017,3.3036,0
38018,3.0676,0
38019,3.3310,0
38020,3.0567,0
38021,2.6906,0
38022,2.9430,0
38023,2.6786,0
38024,2.6319,0
38025,2.6006,0
38026,2.6430,0
38027,2.4763,0
38028,2.6327,0
38029,2.6050,0
38030,2.6992,0
38031,2.5264,0
38032,2.6645,0
38033,2.6972,0
38034,2.6460,0
38035,2.4376,0
38036,2.4936,0
38037,2.6417,0
38038,2.9846,0
38039,2.6615,0
38040,2.7047,0
38041,2.8087,0
38042,2.8882,0
38043,2.3041,0
38044,2.5850,0
38045,2.3956,0
38046,2.5315,0
38047,2.8101,0
38048,2.4605,0
38049,2.6487,0
38050,2.4285,0
38051,2.6677,0
38052,2.4670,0
38053,2.4284,0
38054,2.8092,0
38055,2.8153,0
38056,2.7432,0
38057,2.8068,0
38058,2.4953,0
38059,2.4858,0
38060,2.6029,0
38061,2.6535,0
38062,2.7623,0
38063,2.6609,0
38064,2.4426,0
38065,2.8746,0
38066,2.4906,0
38067,2.7646,0
38068,2.8599,0
38069,2.8910,0
38070,2.6999,0
38071,2.9422,0
38072,2.5959,0
38073,2.7094,0
38074,2.5044,0
38075,2.5536,0
38076,2.5058,0
38077,2.6017,0
38078,2.5307,0
38079,2.6838,0
38080,2.5773,0
38081,2.8606,0
38082,2.7745,0
38083,2.8983,0
38084,2.5472,0
38085,2.6974,0
38086,2.6862,0
38087,2.6207,0
38088,2.6732,0
38089,2.6043,0
38090,2.6110,0
38091,2.6299,0
38092,2.7505,0
38093,2.7619,0
38094,2.7466,0
38095,2.9744,0
38096,2.8075,0
38097,2.8040,0
38098,2.4406,0
38099,3.3412,0
38100,3.0984,0
38101,2.7650,0
38102,2.5551,0
38103,2.8691,0
38104,2.8569,0
38105,2.6505,0
38106,2.9286,0
38107,2.5171,0
38108,2.7113,0
38109,2.5071,0
38110,2.5626,0
38111,2.7333,0
38112,2.5269,0
38113,2.5478,0
38114,2.6479,0
38115,2.6040,0
38116,2.9694,0
38117,2.7134,0
38118,2.5599,0
38119,2.6215,0
38120,2.4480,0
38121,2.3729,0
38122,2.7620,0
38123,2.5781,0
38124,2.7144,0
38125,2.7294,0
38126,2.6715,0
38127,2.5767,0
38128,2.6416,0
38129,2.5326,0
38130,2.6220,0
38131,2.7389,0
38132,2.8630,0
38133,2.8323,0
38134,2.5995,0
38135,2.9407,0
38136,2.4341,0
38137,2.8147,0
38138,2.5273,0
38139,2.8495,0
38140,2.5411,0
38141,2.7524,0
38142,3.0644,0
38143,3.1122,0
38144,2.3293,0
38145,3.2667,0
38146,2.8816,0
38147,2.6215,0
38148,2.5782,0
38149,2.4908,0
38150,2.6907,0
38151,2.4055,0
38152,2.6885,0
38153,2.7339,0
38154,2.5010,0
38155,2.6885,0
38156,2.5286,0
38157,2.8629,0
38158,2.5294,0
38159,2.7606,0
38160,2.5802,0
38161,2.7463,0
38162,2.6193,0
38163,2.5941,0
38164,2.4270,0
38165,2.4527,0
38166,2.4437,0
38167,2.4839,0
38168,2.7144,0
38169,3.1051,0
38170,2.6916,0
38171,2.7446,0
38172,2.4038,0
38173,2.4938,0
38174,2.6233,0
38175,2.4233,0
38176,2.5614,0
38177,2.5513,0
38178,2.7720,0
38179,3.1343,0
38180,2.9848,0
38181,2.5555,0
38182,2.7126,0
38183,2.4758,0
38184,2.4245,0
38185,2.5958,0
38186,3.0686,0
38187,2.8184,0
38188,2.6251,0
38189,2.4672,0
38190,2.5399,0
38191,2.6725,0
38192,2.6517,0
38193,2.5646,0
38194,2.6032,0
38195,2.5920,0
38196,2.6685,0
38197,2.4839,0
38198,2.6581,0
38199,2.5744,0
38200,2.7770,0
38201,2.3009,0
38202,2.6321,0
38203,3.0832,0
38204,2.5761,0
38205,2.3656,0
38206,2.5919,0
38207,2.5776,0
38208,2.6276,0
38209,2.4009,0
38210,2.7066,0
38211,2.7058,0
38212,2.6169,0
38213,2.6857,0
38214,2.6391,0
38215,2.9144,0
38216,2.7053,0
38217,2.6044,0
38218,2.6853,0
38219,2.7156,0
38220,2.6091,0
38221,2.5861,0
38222,2.3681,0
38223,2.5094,0
38224,2.5533,0
38225,2.4958,0
38226,2.7355,0
38227,2.5066,0
38228,2.4673,0
38229,2.6649,0
38230,2.5812,0
38231,2.7267,0
38232,2.5401,0
38233,2.4633,0
38234,2.5536,0
38235,2.4738,0
38236,2.4731,0
38237,2.8129,0
38238,2.4943,0
38239,2.5661,0
38240,2.6734,0
38241,2.6500,0
38242,2.5396,0
38243,2.6139,0
38244,2.5082,0
38245,2.6469,0
38246,2.5534,0
38247,2.6470,0
38248,2.5825,0
38249,2.4758,0
38250,2.5073,0
38251,2.3160,0
38252,2.5806,0
38253,2.5483,0
38254,2.5902,0
38255,2.9139,0
38256,2.8551,0
38257,2.5894,0
38258,2.5017,0
38259,2.4860,0
38260,3.0764,0
38261,2.5543,0
38262,2.5151,0
38263,2.6877,0
38264,2.5935,0
38265,2.6404,0
38266,2.9761,0
38267,2.4672,0
38268,2.5279,0
38269,2.4606,0
38270,2.3819,0
38271,2.5225,0
38272,3.0346,0
38273,2.5749,0
38274,2.5261,0
38275,2.5077,0
38276,2.4094,0
38277,2.5714,0
38278,2.4363,0
38279,2.8069,0
38280,2.3988,0
38281,2.5705,0
38282,3.1553,0
38283,2.7332,0
38284,3.0392,0
38285,2.9078,0
38286,3.0152,0
38287,2.6636,0
38288,2.4726,0
38289,2.3871,0
38290,2.4846,0
38291,2.5602,0
38292,2.5492,0
38293,2.7680,0
38294,2.6963,0
38295,2.5356,0
38296,2.8065,0
38297,2.4369,0
38298,2.4669,0
38299,2.7626,0
38300,2.5573,0
38301,2.2552,0
38302,2.9763,0
38303,2.8641,0
38304,3.0402,0
38305,2.6039,0
38306,2.4964,0
38307,2.5539,0
38308,2.8587,0
38309,2.5666,0
38310,2.5719,0
38311,2.5597,0
38312,2.6349,0
38313,2.5200,0
38314,2.4648,0
38315,2.5060,0
38316,2.4814,0
38317,3.0128,0
38318,2.4768,0
38319,2.5476,0
38320,2.4379,0
38321,2.7615,0
38322,2.5415,0
38323,2.7010,0
38324,2.5328,0
38325,2.8107,0
38326,2.3285,0
38327,2.5214,0
38328,2.6706,0
38329,2.4323,0
38330,2.6316,0
38331,2.7002,0
38332,2.4798,0
38333,2.5414,0
38334,2.4948,0
38335,2.4744,0
38336,2.4838,0
38337,2.6297,0
38338,2.4670,0
38339,2.5705,0
38340,2.4326,0
38341,2.4842,0
38342,2.4730,0
38343,2.3955,0
38344,2.8489,0
38345,2.5054,0
38346,2.4262,0
38347,2.6159,0
38348,2.6309,0
38349,2.5177,0
38350,2.5616,0
38351,2.6903,0
38352,2.7925,0
38353,2.6576,0
38354,3.0688,0
38355,3.0125,0
38356,2.5525,0
38357,2.6282,0
38358,2.4386,0
38359,2.4709,0
38360,2.5044,0
38361,2.3833,0
38362,2.5038,0
38363,2.7450,0
38364,2.3307,0
38365,2.7413,0
38366,2.9655,0
38367,2.5300,0
38368,2.8880,0
38369,2.5775,0
38370,2.3774,0
38371,2.6591,0
38372,2.4310,0
38373,2.4774,0
38374,2.7734,0
38375,2.7918,0
38376,2.8739,0
38377,2.3532,0
38378,2.6720,0
38379,2.7589,0
38380,2.5642,0
38381,2.3645,0
38382,2.2793,0
38383,2.3939,0
38384,2.5717,0
38385,2.4729,0
38386,2.4437,0
38387,2.3738,0
38388,2.7262,0
38389,2.7557,0
38390,2.8695,0
38391,2.6155,0
38392,2.7958,0
38393,2.4260,0
38394,2.5243,0
38395,2.5299,0
38396,2.3609,0
38397,2.5053,0
38398,2.2818,0
38399,2.4088,0
38400,2.2447,0
38401,2.5509,0
38402,2.9542,0
38403,2.5844,0
38404,2.6355,0
38405,2.7420,0
38406,2.7106,0
38407,2.5022,0
38408,2.6344,0
38409,2.3762,0
38410,2.6525,0
38411,2.3056,0
38412,2.6433,0
38413,2.4788,0
38414,2.6845,0
38415,2.6076,0
38416,2.4809,0
38417,2.5184,0
38418,2.6139,0
38419,2.4213,0
38420,2.4733,0
38421,2.3903,0
38422,2.6258,0
38423,2.8657,0
38424,2.3435,0
38425,2.5454,0
38426,2.6157,0
38427,2.6602,0
38428,2.8769,0
38429,2.2965,0
38430,2.7234,0
38431,2.4112,0
38432,2.4420,0
38433,2.3770,0
38434,2.8587,0
38435,2.3310,0
38436,2.3378,0
38437,2.4318,0
38438,2.6117,0
38439,2.7145,0
38440,2.5723,0
38441,2.6623,0
38442,2.6122,0
38443,2.5517,0
38444,2.5132,0
38445,2.5022,0
38446,2.7695,0
38447,2.5431,0
38448,2.9136,0
38449,3.1656,0
38450,2.8785,0
38451,2.4648,0
38452,2.5956,0
38453,2.5740,0
38454,2.3757,0
38455,2.3751,0
38456,2.5124,0
38457,2.2578,0
38458,2.1848,0
38459,2.2580,0
38460,2.2257,0
38461,2.1925,0
38462,2.3040,0
38463,2.4008,0
38464,2.4858,0
38465,2.3126,0
38466,3.0703,0
38467,2.3031,0
38468,2.4058,0
38469,2.4141,0
38470,2.5009,0
38471,2.4622,0
38472,2.5252,0
38473,2.9799,0
38474,2.5387,0
38475,2.2799,0
38476,2.4983,0
38477,2.3003,0
38478,2.3792,0
38479,2.7494,0
38480,2.9934,0
38481,2.7853,0
38482,2.3679,0
38483,2.3990,0
38484,2.5110,0
38485,2.3114,0
38486,2.8605,0
38487,2.8409,0
38488,2.6192,0
38489,2.3469,0
38490,2.3962,0
38491,2.4057,0
38492,2.4270,0
38493,2.7702,0
38494,3.2918,0
38495,2.6390,0
38496,2.7831,0
38497,3.1884,0
38498,2.5064,0
38499,2.3319,0
38500,2.5356,0
38501,2.8465,0
38502,2.5000,0
38503,3.0031,0
38504,2.4136,0
38505,3.0126,0
38506,2.2978,0
38507,2.3819,0
38508,2.8827,0
38509,2.3897,0
38510,2.4009,0
38511,2.3130,0
38512,2.9150,0
38513,2.3428,0
38514,2.3669,0
38515,2.4127,0
38516,2.6549,0
38517,2.4785,0
38518,2.5575,0
38519,2.6317,0
38520,2.7862,0
38521,2.6446,0
38522,2.4044,0
38523,2.4996,0
38524,2.5051,0
38525,2.4194,0
38526,2.6905,0
38527,2.6089,0
38528,2.6411,0
38529,2.8461,0
38530,2.6328,0
38531,2.7843,0
38532,3.0666,0
38533,2.5420,0
38534,2.4739,0
38535,2.6373,0
38536,2.4025,0
38537,2.5004,0
38538,2.3449,0
38539,2.7749,0
38540,2.5301,0
38541,2.7350,0
38542,2.8245,0
38543,2.4451,0
38544,2.6125,0
38545,2.4213,0
38546,2.3118,0
38547,2.4600,0
38548,2.3827,0
38549,2.3418,0
38550,2.3796,0
38551,2.3366,0
38552,2.4902,0
38553,2.6329,0
38554,2.8642,0
38555,2.5166,0
38556,2.8455,0
38557,2.6797,0
38558,2.6420,0
38559,2.7334,0
38560,2.6012,0
38561,2.4038,0
38562,2.3922,0
38563,2.3925,0
38564,2.7285,0
38565,2.5676,0
38566,2.4561,0
38567,2.6963,0
38568,2.4004,0
38569,2.9233,0
38570,2.4487,0
38571,2.8361,0
38572,2.2766,0
38573,2.3072,0
38574,2.4668,0
38575,2.3376,0
38576,2.3701,0
38577,2.4903,0
38578,2.2957,0
38579,2.3334,0
38580,2.3997,0
38581,2.3830,0
38582,2.9969,0
38583,2.4158,0
38584,2.1680,0
38585,2.3877,0
38586,2.2865,0
38587,2.4879,0
38588,2.7860,0
38589,2.4305,0
38590,2.3914,0
38591,2.4559,0
38592,2.3822,0
38593,2.3438,0
38594,2.6826,0
38595,2.4705,0
38596,2.3896,0
38597,2.5134,0
38598,2.3594,0
38599,2.4768,0
38600,2.4797,0
38601,2.5562,0
38602,2.6718,0
38603,2.2835,0
38604,2.2934,0
38605,2.7460,0
38606,2.4749,0
38607,2.4432,0
38608,2.3936,0
38609,2.5492,0
38610,2.6441,0
38611,2.4323,0
38612,2.3421,0
38613,2.4354,0
38614,2.4928,0
38615,2.6636,0
38616,2.7763,0
38617,2.8365,0
38618,2.5802,0
38619,2.5855,0
38620,2.6889,0
38621,3.1676,0
38622,2.5328,0
38623,2.4745,0
38624,2.5144,0
38625,2.5210,0
38626,2.7927,0
38627,2.5526,0
38628,2.5771,0
38629,2.5296,0
38630,2.6407,0
38631,2.6084,0
38632,3.1622,0
38633,2.4312,0
38634,2.3975,0
38635,2.3858,0
38636,3.1184,0
38637,2.7091,0
38638,2.5757,0
38639,2.5097,0
38640,2.6599,0
38641,2.3756,0
38642,2.2958,0
38643,2.4340,0
38644,2.4236,0
38645,2.4092,0
38646,2.2804,0
38647,2.6205,0
38648,2.3556,0
38649,2.3815,0
38650,2.8918,0
38651,2.4537,0
38652,2.3462,0
38653,2.3865,0
38654,2.5468,0
38655,2.3353,0
38656,2.3613,0
38657,2.7408,0
38658,2.5725,0
38659,2.7262,0
38660,2.4663,0
38661,2.9414,0
38662,2.5956,0
38663,2.5751,0
38664,2.7272,0
38665,2.4043,0
38666,2.3791,0
38667,2.5244,0
38668,2.6432,0
38669,2.3722,0
38670,2.5613,0
38671,2.3318,0
38672,2.5691,0
38673,2.3351,0
38674,2.7841,0
38675,2.4788,0
38676,2.2177,0
38677,2.4418,0
38678,2.1496,0
38679,2.3193,0
38680,2.9177,0
38681,2.8489,0
38682,2.5408,0
38683,2.1882,0
38684,2.2551,0
38685,2.8749,0
38686,2.2513,0
38687,2.6547,0
38688,2.5284,0
38689,2.2794,0
38690,2.3434,0
38691,2.7397,0
38692,2.4523,0
38693,2.4986,0
38694,2.8960,0
38695,2.5688,0
38696,2.5648,0
38697,2.5805,0
38698,2.5423,0
38699,2.5963,0
38700,2.5272,0
38701,2.8165,0
38702,2.4846,0
38703,2.6131,0
38704,2.2659,0
38705,2.5740,0
38706,2.3424,0
38707,2.4220,0
38708,2.2846,0
38709,2.4489,0
38710,2.3280,0
38711,2.3222,0
38712,2.5961,0
38713,2.5006,0
38714,2.6297,0
38715,2.5329,0
38716,2.3857,0
38717,2.5032,0
38718,2.4737,0
38719,2.4518,0
38720,2.5837,0
38721,2.8172,0
38722,2.6933,0
38723,2.6122,0
38724,2.3515,0
38725,2.6988,0
38726,2.6162,0
38727,2.4430,0
38728,2.3201,0
38729,2.3819,0
38730,2.8484,0
38731,2.4315,0
38732,2.4391,0
38733,2.4542,0
38734,2.4591,0
38735,2.3749,0
38736,2.2954,0
38737,2.2416,0
38738,2.3875,0
38739,2.3227,0
38740,2.7294,0
38741,2.3872,0
38742,2.4789,0
38743,2.5694,0
38744,2.3923,0
38745,2.8665,0
38746,2.4804,0
38747,2.4046,0
38748,2.4071,0
38749,2.4900,0
38750,2.6681,0
38751,2.6088,0
38752,2.6062,0
38753,2.4500,0
38754,2.4817,0
38755,2.5038,0
38756,2.3865,0
38757,2.5515,0
38758,2.5973,0
38759,2.4190,0
38760,2.4033,0
38761,2.6291,0
38762,2.5628,0
38763,2.5012,0
38764,2.3055,0
38765,2.7355,0
38766,2.3690,0
38767,2.5426,0
38768,2.2158,0
38769,2.7059,0
38770,2.5390,0
38771,2.4136,0
38772,2.5430,0
38773,2.2975,0
38774,2.5840,0
38775,2.5311,0
38776,2.3043,0
38777,2.3882,0
38778,2.3866,0
38779,2.4055,0
38780,2.4177,0
38781,2.6918,0
38782,2.6922,0
38783,2.4297,0
38784,2.5831,0
38785,2.3557,0
38786,2.4761,0
38787,2.4578,0
38788,2.2683,0
38789,2.4448,0
38790,2.4144,0
38791,2.4713,0
38792,2.4694,0
38793,2.4112,0
38794,2.7870,0
38795,2.7909,0
38796,2.5992,0
38797,2.5030,0
38798,2.3609,0
38799,2.4036,0
38800,2.5481,0
38801,2.7025,0
38802,2.8880,0
38803,2.6119,0
38804,2.5445,0
38805,2.5057,0
38806,2.5575,0
38807,2.7140,0
38808,2.6326,0
38809,2.6834,0
38810,2.7744,0
38811,2.3896,0
38812,2.4059,0
38813,2.5538,0
38814,2.6989,0
38815,2.5719,0
38816,2.2820,0
38817,2.3784,0
38818,2.5766,0
38819,2.5199,0
38820,2.5768,0
38821,2.4913,0
38822,2.3583,0
38823,2.5910,0
38824,2.4819,0
38825,2.5121,0
38826,2.2557,0
38827,2.5678,0
38828,2.3724,0
38829,2.4303,0
38830,2.3385,0
38831,2.4950,0
38832,2.4856,0
38833,2.9929,0
38834,2.4018,0
38835,2.3881,0
38836,2.3333,0
38837,2.4874,0
38838,3.0346,0
38839,2.5651,0
38840,2.3452,0
38841,2.4585,0
38842,2.8913,0
38843,2.7294,0
38844,2.3366,0
38845,2.9083,0
38846,2.2911,0
38847,2.3620,0
38848,3.0965,0
38849,2.5190,0
38850,3.1038,0
38851,2.6595,0
38852,2.3683,0
38853,2.4188,0
38854,2.4055,0
38855,2.7218,0
38856,2.3333,0
38857,2.4065,0
38858,2.6523,0
38859,2.3612,0
38860,2.3397,0
38861,2.4505,0
38862,2.4923,0
38863,2.5070,0
38864,2.1928,0
38865,2.3589,0
38866,2.1792,0
38867,2.3828,0
38868,2.8142,0
38869,2.5462,0
38870,2.5392,0
38871,2.3225,0
38872,2.3737,0
38873,2.6195,0
38874,2.9246,0
38875,2.4322,0
38876,3.1890,0
38877,2.5338,0
38878,2.6858,0
38879,2.7730,0
38880,2.4556,0
38881,2.3342,0
38882,2.4752,0
38883,2.4052,0
38884,2.5144,0
38885,2.4463,0
38886,2.9283,0
38887,2.5395,0
38888,2.5965,0
38889,2.4554,0
38890,2.3526,0
38891,2.4209,0
38892,2.9461,0
38893,2.4934,0
38894,2.5056,0
38895,2.4054,0
38896,2.5752,0
38897,3.1668,0
38898,2.6344,0
38899,2.4579,0
38900,2.5941,0
38901,2.4650,0
38902,2.7208,0
38903,2.5252,0
38904,2.4911,0
38905,2.7989,0
38906,2.4172,0
38907,2.4738,0
38908,2.2805,0
38909,2.2939,0
38910,2.3538,0
38911,2.4156,0
38912,2.3902,0
38913,2.4428,0
38914,2.4312,0
38915,2.3410,0
38916,3.0676,0
38917,2.7776,0
38918,2.5171,0
38919,2.4502,0
38920,2.4372,0
38921,2.4548,0
38922,2.8226,0
38923,2.4138,0
38924,2.6250,0
38925,2.5497,0
38926,2.4110,0
38927,2.4380,0
38928,2.4616,0
38929,2.3889,0
38930,2.9783,0
38931,2.5905,0
38932,2.3387,0
38933,2.3414,0
38934,2.2494,0
38935,2.6385,0
38936,2.4471,0
38937,2.5573,0
38938,2.3966,0
38939,2.2773,0
38940,2.5122,0
38941,2.3939,0
38942,2.3763,0
38943,2.2309,0
38944,2.4183,0
38945,2.5555,0
38946,2.5164,0
38947,2.7880,0
38948,2.6299,0
38949,2.6220,0
38950,2.3919,0
38951,2.1858,0
38952,2.9232,0
38953,2.6584,0
38954,2.5084,0
38955,3.0697,0
38956,2.5100,0
38957,2.8126,0
38958,2.3448,0
38959,2.1830,0
38960,2.6006,0
38961,2.5798,0
38962,2.4366,0
38963,2.2965,0
38964,2.2792,0
38965,2.4248,0
38966,2.3888,0
38967,2.6652,0
38968,2.5672,0
38969,2.5405,0
38970,2.5862,0
38971,2.7074,0
38972,2.5015,0
38973,2.6663,0
38974,2.5618,0
38975,2.4160,0
38976,2.3554,0
38977,2.3083,0
38978,2.6697,0
38979,2.5180,0
38980,2.6315,0
38981,2.2384,0
38982,2.3890,0
38983,2.5364,0
38984,2.3953,0
38985,2.3984,0
38986,2.4748,0
38987,2.8776,0
38988,2.3762,0
38989,2.1527,0
38990,2.1973,0
38991,2.1548,0
38992,3.0351,0
38993,2.2154,0
38994,2.1002,0
38995,2.5000,0
38996,2.4855,0
38997,2.7041,0
38998,2.4669,0
38999,2.5513,0
39000,2.3335,0
39001,2.5818,0
39002,3.1172,0
39003,2.2381,0
39004,2.2562,0
39005,2.3065,0
39006,2.3331,0
39007,2.5149,0
39008,2.3478,0
39009,2.4349,0
39010,2.6454,0
39011,2.1974,0
39012,2.8227,0
39013,2.1798,0
39014,2.2735,0
39015,2.2765,0
39016,2.6352,0
39017,2.7331,0
39018,2.5661,0
39019,3.3062,0
39020,2.4665,0
39021,2.5736,0
39022,2.9769,0
39023,2.6529,0
39024,2.8690,0
39025,2.4966,0
39026,2.3486,0
39027,2.5904,0
39028,3.0426,0
39029,2.4028,0
39030,2.3728,0
39031,2.3717,0
39032,2.6417,0
39033,2.6598,0
39034,2.9038,0
39035,2.8250,0
39036,2.4560,0
39037,2.3853,0
39038,2.3235,0
39039,2.3882,0
39040,2.4646,0
39041,2.9782,0
39042,2.8801,0
39043,2.5814,0
39044,2.3659,0
39045,2.5218,0
39046,2.4093,0
39047,2.4596,0
39048,2.4832,0
39049,2.5460,0
39050,2.2621,0
39051,2.5326,0
39052,2.6201,0
39053,2.5543,0
39054,2.6161,0
39055,3.2188,0
39056,2.4411,0
39057,2.5704,0
39058,2.4595,0
39059,3.4045,0
39060,3.0860,0
39061,2.4149,0
39062,2.5021,0
39063,2.4501,0
39064,2.2786,0
39065,2.4629,0
39066,2.2920,0
39067,2.5686,0
39068,2.3361,0
39069,2.4514,0
39070,2.4048,0
39071,2.6949,0
39072,2.6666,0
39073,2.4980,0
39074,2.9110,0
39075,2.6752,0
39076,3.0681,0
39077,2.3410,0
39078,2.9936,0
39079,2.7233,0
39080,2.4278,0
39081,2.6995,0
39082,2.7163,0
39083,2.4894,0
39084,2.4468,0
39085,2.7831,0
39086,2.4114,0
39087,2.4809,0
39088,2.4838,0
39089,2.3813,0
39090,2.5267,0
39091,2.8746,0
39092,2.3589,0
39093,2.9820,0
39094,2.4160,0
39095,2.4497,0
39096,2.6091,0
39097,2.5143,0
39098,2.4125,0
39099,2.3166,0
39100,2.3482,0
39101,2.6997,0
39102,2.2400,0
39103,2.4016,0
39104,2.3781,0
39105,2.3322,0
39106,2.4505,0
39107,2.4235,0
39108,2.4359,0
39109,2.3101,0
39110,2.3794,0
39111,2.4489,0
39112,2.4185,0
39113,2.4431,0
39114,2.5468,0
39115,2.5331,0
39116,2.5450,0
39117,2.2827,0
39118,2.5485,0
39119,2.3819,0
39120,2.5358,0
39121,2.5792,0
39122,2.7132,0
39123,2.3153,0
39124,2.8343,0
39125,2.4742,0
39126,2.3701,0
39127,2.3374,0
39128,2.4428,0
39129,2.3562,0
39130,2.4804,0
39131,2.5463,0
39132,2.4585,0
39133,2.4090,0
39134,3.2718,0
39135,2.6858,0
39136,2.4286,0
39137,2.2934,0
39138,2.4178,0
39139,2.4144,0
39140,2.4004,0
39141,2.3195,0
39142,2.5405,0
39143,2.4424,0
39144,2.4341,0
39145,2.6787,0
39146,2.6471,0
39147,2.6311,0
39148,2.5230,0
39149,2.2556,0
39150,2.4260,0
39151,2.3795,0
39152,2.4422,0
39153,2.3409,0
39154,2.3528,0
39155,2.4082,0
39156,2.4826,0
39157,2.4347,0
39158,2.6017,0
39159,2.3080,0
39160,2.4582,0
39161,2.4465,0
39162,2.7358,0
39163,2.4717,0
39164,2.7351,0
39165,2.4812,0
39166,2.6920,0
39167,2.6134,0
39168,2.5055,0
39169,2.3304,0
39170,2.4649,0
39171,2.4504,0
39172,2.4980,0
39173,2.1572,0
39174,2.6494,0
39175,2.5333,0
39176,2.5033,0
39177,2.4128,0
39178,2.4951,0
39179,2.3602,0
39180,2.6922,0
39181,2.3599,0
39182,2.5709,0
39183,2.5319,0
39184,2.5623,0
39185,2.4436,0
39186,2.3952,0
39187,2.6486,0
39188,2.4428,0
39189,2.3292,0
39190,2.8657,0
39191,2.6971,0
39192,2.6475,0
39193,2.5949,0
39194,2.5818,0
39195,2.3918,0
39196,2.4083,0
39197,2.5222,0
39198,2.5679,0
39199,2.2715,0
39200,2.5325,0
39201,2.5076,0
39202,2.8125,0
39203,2.6472,0
39204,2.5291,0
39205,2.7936,0
39206,2.6196,0
39207,2.5601,0
39208,2.7046,0
39209,2.6197,0
39210,2.4142,0
39211,2.4814,0
39212,2.3416,0
39213,2.5713,0
39214,2.5809,0
39215,2.7476,0
39216,2.7666,0
39217,2.5450,0
39218,2.4354,0
39219,2.5584,0
39220,2.6476,0
39221,2.9389,0
39222,2.5063,0
39223,2.6960,0
39224,2.5561,0
39225,2.4268,0
39226,2.6123,0
39227,2.5189,0
39228,3.3123,0
39229,2.7341,0
39230,2.8282,0
39231,2.3331,0
39232,2.7538,0
39233,2.4508,0
39234,2.2535,0
39235,2.4079,0
39236,2.2552,0
39237,2.3482,0
39238,2.4042,0
39239,2.4479,0
39240,2.9260,0
39241,2.6102,0
39242,2.6704,0
39243,2.6170,0
39244,2.7281,0
39245,2.5559,0
39246,2.7155,0
39247,2.4482,0
39248,2.8247,0
39249,2.3114,0
39250,2.4399,0
39251,2.6450,0
39252,2.6475,0
39253,2.6124,0
39254,2.5267,0
39255,2.2667,0
39256,2.6346,0
39257,2.3835,0
39258,2.4658,0
39259,2.7485,0
39260,2.7109,0
39261,2.9264,0
39262,2.6332,0
39263,3.2515,0
39264,2.8576,0
39265,2.4043,0
39266,2.8580,0
39267,2.6130,0
39268,2.3817,0
39269,2.4833,0
39270,2.4388,0
39271,2.8687,0
39272,2.4095,0
39273,2.5474,0
39274,2.7033,0
39275,2.4952,0
39276,2.4463,0
39277,2.5075,0
39278,3.0919,0
39279,2.4428,0
39280,2.4595,0
39281,2.5179,0
39282,2.5035,0
39283,2.6109,0
39284,2.2991,0
39285,2.4973,0
39286,3.6991,0
39287,3.0018,0
39288,2.5026,0
39289,2.3557,0
39290,2.4300,0
39291,2.3841,0
39292,2.8680,0
39293,2.6125,0
39294,2.7647,0
39295,2.9448,0
39296,2.5527,0
39297,2.6231,0
39298,2.6849,0
39299,2.4357,0
39300,2.3787,0
39301,2.7051,0
39302,2.3815,0
39303,2.3805,0
39304,2.5925,0
39305,2.3429,0
39306,2.3832,0
39307,2.5170,0
39308,2.5787,0
39309,2.6471,0
39310,2.8946,0
39311,2.6325,0
39312,2.6907,0
39313,2.4269,0
39314,2.6066,0
39315,2.3339,0
39316,2.5418,0
39317,3.0726,0
39318,2.3317,0
39319,2.6066,0
39320,2.3570,0
39321,2.6338,0
39322,2.5084,0
39323,2.3632,0
39324,2.4107,0
39325,2.3750,0
39326,2.4729,0
39327,2.5155,0
39328,2.5756,0
39329,2.5277,0
39330,2.7835,0
39331,2.5205,0
39332,2.5359,0
39333,2.7999,0
39334,2.5319,0
39335,2.5012,0
39336,2.3269,0
39337,2.9273,0
39338,2.3319,0
39339,2.3024,0
39340,2.3794,0
39341,2.2305,0
39342,2.4015,0
39343,2.4049,0
39344,2.5765,0
39345,2.5069,0
39346,2.5162,0
39347,2.4335,0
39348,2.5537,0
39349,2.6937,0
39350,2.5306,0
39351,2.5230,0
39352,2.5262,0
39353,2.5537,0
39354,2.4283,0
39355,2.8491,0
39356,2.3040,0
39357,2.3374,0
39358,2.5598,0
39359,2.5622,0
39360,2.7079,0
39361,2.4448,0
39362,2.4420,0
39363,2.5467,0
39364,2.4240,0
39365,2.4972,0
39366,2.7549,0
39367,2.3569,0
39368,2.1331,0
39369,2.2153,0
39370,2.3932,0
39371,2.5621,0
39372,2.7734,0
39373,2.8815,0
39374,2.6877,0
39375,2.6901,0
39376,2.5309,0
39377,2.6672,0
39378,2.5334,0
39379,2.4858,0
39380,2.5917,0
39381,2.4960,0
39382,2.6628,0
39383,2.7415,0
39384,3.0690,0
39385,2.8183,0
39386,2.5801,0
39387,2.9041,0
39388,2.6858,0
39389,3.1142,0
39390,2.8554,0
39391,3.2497,0
39392,2.7660,0
39393,2.5965,0
39394,2.7823,0
39395,2.8698,0
39396,3.0018,0
39397,2.7337,0
39398,2.8214,0
39399,3.3493,0
39400,2.7836,0
39401,2.5052,0
39402,2.5939,0
39403,3.0957,0
39404,2.6403,0
39405,2.8563,0
39406,2.6699,0
39407,2.7297,0
39408,2.7960,0
39409,2.8963,0
39410,2.6972,0
39411,2.7784,0
39412,3.2188,0
39413,2.9969,0
39414,3.2921,0
39415,3.5808,0
39416,3.2176,0
39417,3.2438,0
39418,2.6894,0
39419,2.7778,0
39420,2.5057,0
39421,2.5330,0
39422,2.5884,0
39423,2.9557,0
39424,2.4118,0
39425,2.6024,0
39426,2.4447,0
39427,2.5373,0
39428,2.8372,0
39429,2.7111,0
39430,2.7249,0
39431,2.7777,0
39432,2.7225,0
39433,2.5788,0
39434,2.9449,0
39435,2.7601,0
39436,2.6545,0
39437,3.2679,0
39438,2.7087,0
39439,2.8665,0
39440,2.6469,0
39441,2.4675,0
39442,2.5008,0
39443,2.7490,0
39444,2.7782,0
39445,2.7249,0
39446,2.5745,0
39447,2.5808,0
39448,2.5472,0
39449,2.5721,0
39450,3.1271,0
39451,2.6775,0
39452,2.3026,0
39453,2.3921,0
39454,2.3641,0
39455,2.5928,0
39456,2.4818,0
39457,2.6449,0
39458,2.6458,0
39459,2.4616,0
39460,2.5236,0
39461,2.6098,0
39462,2.4678,0
39463,2.4776,0
39464,2.3370,0
39465,2.7589,0
39466,2.6033,0
39467,2.6445,0
39468,2.5261,0
39469,2.7322,0
39470,2.6916,0
39471,2.5021,0
39472,2.7884,0
39473,2.5818,0
39474,2.6032,0
39475,2.4252,0
39476,2.4218,0
39477,2.3016,0
39478,2.5935,0
39479,2.3238,0
39480,2.9006,0
39481,2.6100,0
39482,2.6832,0
39483,2.5596,0
39484,2.5522,0
39485,2.3890,0
39486,2.6620,0
39487,2.7163,0
39488,2.6231,0
39489,2.4799,0
39490,2.4692,0
39491,2.4276,0
39492,2.4598,0
39493,2.4430,0
39494,2.9187,0
39495,2.5907,0
39496,2.4459,0
39497,2.5108,0
39498,2.4911,0
39499,2.3723,0
39500,2.6656,0
39501,2.3578,0
39502,2.3491,0
39503,2.5244,0
39504,2.3740,0
39505,2.5144,0
39506,2.6405,0
39507,2.4301,0
39508,2.8263,0
39509,2.3821,0
39510,2.8016,0
39511,2.5779,0
39512,2.8046,0
39513,2.3879,0
39514,2.4215,0
39515,2.4776,0
39516,2.4257,0
39517,2.5201,0
39518,2.5635,0
39519,2.6180,0
39520,2.6043,0
39521,2.5053,0
39522,2.8918,0
39523,2.3821,0
39524,2.2923,0
39525,2.3796,0
39526,2.2932,0
39527,2.4795,0
39528,2.5911,0
39529,2.4072,0
39530,2.5916,0
39531,2.4120,0
39532,2.9254,0
39533,2.7283,0
39534,2.6754,0
39535,2.2321,0
39536,2.5241,0
39537,2.4106,0
39538,2.2443,0
39539,2.4068,0
39540,2.7314,0
39541,2.6443,0
39542,2.9144,0
39543,3.1881,0
39544,2.7133,0
39545,2.6144,0
39546,2.5906,0
39547,2.6746,0
39548,2.3912,0
39549,2.4872,0
39550,2.5035,0
39551,2.5436,0
39552,2.5611,0
39553,2.3222,0
39554,2.3809,0
39555,2.5324,0
39556,2.6520,0
39557,2.4703,0
39558,2.4330,0
39559,2.4891,0
39560,2.6269,0
39561,2.4628,0
39562,2.3159,0
39563,2.3052,0
39564,2.4158,0
39565,2.4693,0
39566,2.4501,0
39567,2.2164,0
39568,2.2825,0
39569,2.3485,0
39570,2.3755,0
39571,2.2832,0
39572,2.4499,0
39573,2.5393,0
39574,2.5797,0
39575,2.7034,0
39576,2.5078,0
39577,2.7426,0
39578,3.0452,0
39579,2.7460,0
39580,2.6581,0
39581,2.7029,0
39582,2.4064,0
39583,2.3655,0
39584,2.3933,0
39585,2.5518,0
39586,2.4673,0
39587,2.6009,0
39588,2.7016,0
39589,2.2848,0
39590,2.2751,0
39591,2.6292,0
39592,3.0448,0
39593,2.4048,0
39594,2.3759,0
39595,2.2993,0
39596,2.2977,0
39597,2.5346,0
39598,2.4394,0
39599,2.2672,0
39600,2.4611,0
39601,2.6983,0
39602,2.4597,0
39603,2.6727,0
39604,2.7673,0
39605,2.5437,0
39606,2.4128,0
39607,2.3189,0
39608,2.4697,0
39609,2.4009,0
39610,2.4858,0
39611,2.5856,0
39612,2.4560,0
39613,2.8785,0
39614,2.5292,0
39615,2.5807,0
39616,2.4035,0
39617,2.3244,0
39618,2.5245,0
39619,2.4077,0
39620,2.5940,0
39621,2.4027,0
39622,2.3166,0
39623,2.4972,0
39624,2.8520,0
39625,2.4569,0
39626,2.5848,0
39627,2.4229,0
39628,2.6267,0
39629,2.4594,0
39630,2.4113,0
39631,2.5076,0
39632,2.6851,0
39633,2.4997,0
39634,2.4149,0
39635,2.5556,0
39636,2.6726,0
39637,2.7364,0
39638,2.5950,0
39639,2.6481,0
39640,2.5464,0
39641,2.4925,0
39642,2.6594,0
39643,2.5932,0
39644,2.7606,0
39645,2.4566,0
39646,2.9466,0
39647,2.4226,0
39648,2.4867,0
39649,2.2672,0
39650,2.5598,0
39651,2.4351,0
39652,2.2417,0
39653,2.3933,0
39654,2.9799,0
39655,2.3292,0
39656,2.4313,0
39657,2.4287,0
39658,2.4688,0
39659,2.3459,0
39660,2.4496,0
39661,2.4942,0
39662,2.9421,0
39663,2.4205,0
39664,2.6061,0
39665,2.4315,0
39666,2.7232,0
39667,2.3250,0
39668,2.3815,0
39669,2.4317,0
39670,2.6281,0
39671,2.5319,0
39672,2.7367,0
39673,2.6076,0
39674,2.6388,0
39675,2.6290,0
39676,2.5115,0
39677,2.3337,0
39678,2.6100,0
39679,3.1505,0
39680,3.3573,0
39681,2.7470,0
39682,2.5324,0
39683,2.3884,0
39684,2.2077,0
39685,2.8700,0
39686,2.4001,0
39687,2.4850,0
39688,2.4006,0
39689,2.5167,0
39690,2.6174,0
39691,2.3929,0
39692,2.5337,0
39693,2.4838,0
39694,2.3627,0
39695,2.3932,0
39696,2.5426,0
39697,2.7851,0
39698,2.6746,0
39699,2.5746,0
39700,2.8336,0
39701,2.5950,0
39702,2.8783,0
39703,2.6937,0
39704,2.6672,0
39705,2.5937,0
39706,2.4050,0
39707,2.3897,0
39708,2.4343,0
39709,2.3749,0
39710,2.7601,0
39711,2.6797,0
39712,2.8342,0
39713,2.5429,0
39714,2.8533,0
39715,2.5171,0
39716,2.5167,0
39717,2.3713,0
39718,2.3030,0
39719,2.5177,0
39720,2.3957,0
39721,2.6542,0
39722,2.7161,0
39723,2.6609,0
39724,2.6339,0
39725,2.4580,0
39726,3.0577,0
39727,3.0382,0
39728,2.2889,0
39729,2.7478,0
39730,2.5121,0
39731,2.7387,0
39732,2.1813,0
39733,2.1788,0
39734,2.5363,0
39735,2.5695,0
39736,2.6565,0
39737,2.4369,0
39738,2.4508,0
39739,2.4451,0
39740,2.5568,0
39741,2.4077,0
39742,2.5608,0
39743,2.5504,0
39744,2.6500,0
39745,3.0288,0
39746,2.7166,0
39747,2.8667,0
39748,2.9318,0
39749,2.6395,0
39750,2.4469,0
39751,2.5447,0
39752,2.2610,0
39753,2.5066,0
39754,2.3422,0
39755,2.5290,0
39756,2.5950,0
39757,2.3249,0
39758,2.4641,0
39759,2.4871,0
39760,2.5391,0
39761,2.4800,0
39762,2.3982,0
39763,2.5362,0
39764,2.6249,0
39765,3.2822,0
39766,2.7792,0
39767,2.3492,0
39768,2.3048,0
39769,2.3140,0
39770,2.3817,0
39771,2.5227,0
39772,2.2881,0
39773,2.4240,0
39774,2.3282,0
39775,2.4870,0
39776,2.3918,0
39777,2.3635,0
39778,2.7034,0
39779,2.7354,0
39780,2.3212,0
39781,2.7021,0
39782,2.5259,0
39783,2.3885,0
39784,2.3549,0
39785,2.3023,0
39786,2.5096,0
39787,2.5282,0
39788,2.4277,0
39789,2.1613,0
39790,2.3397,0
39791,2.4597,0
39792,2.4210,0
39793,2.5599,0
39794,2.3636,0
39795,2.3236,0
39796,2.3349,0
39797,2.4918,0
39798,2.6474,0
39799,2.4436,0
39800,2.4177,0
39801,2.2303,0
39802,2.6490,0
39803,2.3160,0
39804,2.6863,0
39805,2.4636,0
39806,2.5660,0
39807,2.4786,0
39808,2.5653,0
39809,2.4091,0
39810,2.6058,0
39811,2.4898,0
39812,2.6311,0
39813,2.4602,0
39814,2.5248,0
39815,3.1660,0
39816,2.4844,0
39817,2.8425,0
39818,2.5444,0
39819,2.7377,0
39820,2.8446,0
39821,2.4759,0
39822,2.4262,0
39823,2.4023,0
39824,2.3774,0
39825,2.5150,0
39826,2.4662,0
39827,2.4462,0
39828,2.4565,0
39829,2.9658,0
39830,2.7329,0
39831,3.2630,0
39832,2.7702,0
39833,2.3648,0
39834,2.4991,0
39835,2.9443,0
39836,2.3570,0
39837,2.4247,0
39838,2.4986,0
39839,2.4804,0
39840,3.0154,0
39841,2.3397,0
39842,2.5761,0
39843,2.7047,0
39844,2.4163,0
39845,2.5348,0
39846,2.4273,0
39847,2.4324,0
39848,2.2916,0
39849,2.6697,0
39850,2.6349,0
39851,2.6977,0
39852,2.4818,0
39853,2.5047,0
39854,2.5353,0
39855,2.5247,0
39856,2.6936,0
39857,2.7378,0
39858,2.5311,0
39859,2.4595,0
39860,2.7110,0
39861,2.3992,0
39862,2.3400,0
39863,2.8735,0
39864,2.4651,0
39865,2.5776,0
39866,2.2530,0
39867,2.4996,0
39868,2.3301,0
39869,2.3257,0
39870,3.4335,0
39871,2.4757,0
39872,2.7436,0
39873,2.4374,0
39874,2.2830,0
39875,2.4651,0
39876,2.2729,0
39877,2.9245,0
39878,2.4587,0
39879,2.3664,0
39880,2.3957,0
39881,2.6787,0
39882,2.5014,0
39883,2.4428,0
39884,2.4873,0
39885,2.4840,0
39886,2.5630,0
39887,2.5191,0
39888,2.4445,0
39889,2.3284,0
39890,2.5203,0
39891,2.4663,0
39892,2.5357,0
39893,3.2428,0
39894,2.6394,0
39895,2.4971,0
39896,2.6627,0
39897,2.4592,0
39898,3.0495,0
39899,2.3781,0
39900,2.4665,0
39901,2.3954,0
39902,2.2688,0
39903,2.3267,0
39904,2.2539,0
39905,2.4300,0
39906,2.4675,0
39907,2.3974,0
39908,2.4341,0
39909,3.0154,0
39910,2.6244,0
39911,2.5841,0
39912,2.5655,0
39913,2.9453,0
39914,2.4895,0
39915,2.4087,0
39916,2.4163,0
39917,2.3084,0
39918,2.6791,0
39919,2.7012,0
39920,2.6593,0
39921,2.5476,0
39922,2.6836,0
39923,2.3689,0
39924,2.5391,0
39925,2.5859,0
39926,2.3806,0
39927,2.5890,0
39928,2.5018,0
39929,2.5034,0
39930,2.4852,0
39931,2.8741,0
39932,2.3309,0
39933,2.4146,0
39934,2.5359,0
39935,2.5841,0
39936,2.7120,0
39937,2.5166,0
39938,2.4515,0
39939,2.6227,0
39940,2.4944,0
39941,2.7255,0
39942,2.9521,0
39943,2.3141,0
39944,2.4162,0
39945,2.3903,0
39946,2.3728,0
39947,2.6650,0
39948,2.2975,0
39949,2.4156,0
39950,2.4870,0
39951,2.4665,0
39952,2.3161,0
39953,2.6049,0
39954,2.3979,0
39955,2.4396,0
39956,2.4309,0
39957,2.4402,0
39958,2.5165,0
39959,2.6267,0
39960,2.8068,0
39961,2.6083,0
39962,2.6679,0
39963,2.4455,0
39964,2.5355,0
39965,2.4963,0
39966,2.4044,0
39967,3.2574,0
39968,2.5016,0
39969,2.6427,0
39970,2.6509,0
39971,2.3483,0
39972,2.6079,0
39973,2.4619,0
39974,2.6370,0
39975,2.6278,0
39976,2.4382,0
39977,2.5167,0
39978,2.3726,0
39979,2.4365,0
39980,2.7259,0
39981,2.5804,0
39982,2.5244,0
39983,2.5394,0
39984,2.7016,0
39985,2.4634,0
39986,2.4369,0
39987,2.5026,0
39988,2.4545,0
39989,2.5895,0
39990,2.6092,0
39991,2.4340,0
39992,2.5867,0
39993,2.9351,0
39994,2.5873,0
39995,2.5870,0
39996,2.5785,0
39997,2.4634,0
39998,2.5582,0
39999,2.5790,0
40000,2.4257,0
40001,2.7091,0
40002,2.3653,0
40003,2.5821,0
40004,2.5963,0
40005,2.5633,0
40006,2.5490,0
40007,2.3885,0
40008,2.3878,0
40009,2.5850,0
40010,2.5323,0
40011,2.6108,0
40012,2.3849,0
40013,2.2963,0
40014,2.3231,0
40015,2.3062,0
40016,2.7744,0
40017,2.4403,0
40018,2.4853,0
40019,2.5693,0
40020,2.9067,0
40021,2.5951,0
40022,2.8706,0
40023,2.7729,0
40024,2.5210,0
40025,2.4173,0
40026,2.4905,0
40027,2.4856,0
40028,2.3602,0
40029,2.3221,0
40030,2.6288,0
40031,2.6374,0
40032,2.4250,0
40033,2.5524,0
40034,2.6437,0
40035,2.4032,0
40036,2.6885,0
40037,2.5186,0
40038,2.4769,0
40039,2.7956,0
40040,2.5657,0
40041,2.8654,0
40042,2.7203,0
40043,3.3678,0
40044,2.4407,0
40045,3.0522,0
40046,2.5699,0
40047,2.6251,0
40048,2.7616,0
40049,2.5784,0
40050,2.7119,0
40051,2.8016,0
40052,2.6940,0
40053,2.6610,0
40054,2.8920,0
40055,2.5072,0
40056,2.8155,0
40057,3.3069,0
40058,2.6133,0
40059,3.1971,0
40060,2.8993,0
40061,2.7506,0
40062,2.6772,0
40063,3.1711,0
40064,2.8640,0
40065,2.7557,0
40066,2.6339,0
40067,2.6013,0
40068,3.0407,0
40069,2.4646,0
40070,2.7645,0
40071,2.6297,0
40072,3.0320,0
40073,3.2009,0
40074,2.5751,0
40075,2.8553,0
40076,3.4984,0
40077,2.7812,0
40078,2.6644,0
40079,2.6311,0
40080,2.4588,0
40081,2.5407,0
40082,2.6176,0
40083,2.6282,0
40084,3.0697,0
40085,2.5963,0
40086,3.1423,0
40087,2.9932,0
40088,2.6413,0
40089,2.4593,0
40090,2.6773,0
40091,2.3848,0
40092,2.6115,0
40093,2.7705,0
40094,3.1142,0
40095,2.4860,0
40096,2.7736,0
40097,2.6932,0
40098,2.8225,0
40099,2.6860,0
40100,2.6261,0
40101,2.5757,0
40102,3.1251,0
40103,3.4472,0
40104,2.7640,0
40105,3.0367,0
40106,2.6273,0
40107,2.5904,0
40108,2.6803,0
40109,2.6114,0
40110,2.7972,0
40111,3.1426,0
40112,2.8072,0
40113,2.6064,0
40114,2.5602,0
40115,2.7895,0
40116,2.8069,0
40117,2.7350,0
40118,2.5860,0
40119,2.5987,0
40120,2.4710,0
40121,2.5422,0
40122,2.7423,0
40123,3.0824,0
40124,2.8575,0
40125,2.2660,0
40126,2.4100,0
40127,2.4233,0
40128,2.3304,0
40129,2.3195,0
40130,2.5256,0
40131,2.2892,0
40132,2.3179,0
40133,2.9946,0
40134,2.4845,0
40135,2.5846,0
40136,2.5519,0
40137,2.4732,0
40138,2.5574,0
40139,2.4521,0
40140,2.6143,0
40141,2.6580,0
40142,2.8148,0
40143,2.4809,0
40144,2.3783,0
40145,2.3842,0
40146,2.3533,0
40147,2.6003,0
40148,2.4064,0
40149,2.3001,0
40150,2.4361,0
40151,2.5373,0
40152,2.3798,0
40153,2.3776,0
40154,3.0268,0
40155,2.3534,0
40156,2.3085,0
40157,2.8875,0
40158,2.6604,0
40159,2.3991,0
40160,2.4755,0
40161,2.1889,0
40162,3.0848,0
40163,2.7000,0
40164,2.5124,0
40165,2.4889,0
40166,2.5110,0
40167,2.2431,0
40168,2.5897,0
40169,2.3822,0
40170,2.5528,0
40171,2.3806,0
40172,2.3883,0
40173,2.2615,0
40174,2.2427,0
40175,2.5405,0
40176,2.8424,0
40177,2.3624,0
40178,2.6059,0
40179,2.4631,0
40180,2.4977,0
40181,2.5020,0
40182,3.3445,0
40183,2.4406,0
40184,2.6367,0
40185,2.3911,0
40186,2.3682,0
40187,2.2931,0
40188,2.4109,0
40189,2.4993,0
40190,2.6622,0
40191,2.2673,0
40192,2.5313,0
40193,2.6918,0
40194,2.5765,0
40195,2.4188,0
40196,2.2439,0
40197,2.3601,0
40198,3.1348,0
40199,2.4699,0
40200,2.2065,0
40201,2.9464,0
40202,2.3114,0
40203,2.3132,0
40204,2.4610,0
40205,2.7353,0
40206,2.8489,0
40207,2.5408,0
40208,2.5459,0
40209,2.3356,0
40210,2.8536,0
40211,2.4804,0
40212,2.2974,0
40213,2.9646,0
40214,2.5379,0
40215,2.4765,0
40216,2.5834,0
40217,2.5285,0
40218,2.6564,0
40219,2.8546,0
40220,2.4425,0
40221,2.5465,0
40222,2.5933,0
40223,2.5906,0
40224,2.6468,0
40225,2.6316,0
40226,2.4674,0
40227,2.4672,0
40228,2.4740,0
40229,2.6524,0
40230,2.5111,0
40231,2.4686,0
40232,2.5146,0
40233,2.3960,0
40234,2.7738,0
40235,2.5712,0
40236,2.3328,0
40237,2.7104,0
40238,2.3999,0
40239,2.3027,0
40240,2.5025,0
40241,2.5674,0
40242,2.6382,0
40243,3.0463,0
40244,2.5646,0
40245,2.5466,0
40246,2.3349,0
40247,2.5801,0
40248,2.6327,0
40249,2.6466,0
40250,2.5526,0
40251,2.7284,0
40252,2.7393,0
40253,2.6205,0
40254,2.6663,0
40255,2.5897,0
40256,2.7362,0
40257,2.6648,0
40258,2.6978,0
40259,2.9174,0
40260,2.6618,0
40261,2.6187,0
40262,2.5746,0
40263,2.4872,0
40264,2.5044,0
40265,2.2894,0
40266,2.5137,0
40267,2.5190,0
40268,2.7439,0
40269,2.5732,0
40270,2.5439,0
40271,2.4677,0
40272,2.4535,0
40273,2.5023,0
40274,2.6598,0
40275,2.3150,0
40276,2.5961,0
40277,2.5932,0
40278,2.4228,0
40279,2.6276,0
40280,2.5702,0
40281,2.4486,0
40282,2.3653,0
40283,2.4290,0
40284,2.5241,0
40285,2.3381,0
40286,2.4087,0
40287,2.3477,0
40288,2.3990,0
40289,2.4168,0
40290,2.4942,0
40291,2.6742,0
40292,2.8975,0
40293,2.5593,0
40294,2.9033,0
40295,2.4694,0
40296,2.6508,0
40297,2.5617,0
40298,2.5595,0
40299,2.4123,0
40300,2.6083,0
40301,2.5675,0
40302,2.5446,0
40303,2.4777,0
40304,2.3889,0
40305,2.7633,0
40306,2.4578,0
40307,2.6148,0
40308,2.3037,0
40309,2.4088,0
40310,2.3144,0
40311,2.5205,0
40312,2.3600,0
40313,2.1947,0
40314,2.4776,0
40315,2.3813,0
40316,2.5302,0
40317,2.5306,0
40318,2.4867,0
40319,2.6585,0
40320,2.4943,0
40321,2.4371,0
40322,2.4783,0
40323,2.7109,0
40324,2.9692,0
40325,2.7795,0
40326,2.6295,0
40327,2.6202,0
40328,2.6865,0
40329,2.4098,0
40330,2.4523,0
40331,2.5214,0
40332,2.3850,0
40333,2.3478,0
40334,2.2438,0
40335,2.3425,0
40336,2.3953,0
40337,2.5836,0
40338,2.5370,0
40339,2.4976,0
40340,2.5008,0
40341,2.6325,0
40342,2.5693,0
40343,2.5192,0
40344,2.6393,0
40345,2.3962,0
40346,2.2914,0
40347,2.4401,0
40348,2.4230,0
40349,2.3359,0
40350,2.4617,0
40351,2.3826,0
40352,2.3943,0
40353,2.3865,0
40354,2.6962,0
40355,2.5846,0
40356,2.5348,0
40357,2.6852,0
40358,2.4171,0
40359,2.5981,0
40360,2.4444,0
40361,2.5914,0
40362,3.1288,0
40363,2.3998,0
40364,2.3247,0
40365,2.3464,0
40366,2.2848,0
40367,2.4355,0
40368,2.4072,0
40369,2.5639,0
40370,2.5079,0
40371,2.6111,0
40372,2.6634,0
40373,2.4056,0
40374,2.4666,0
40375,2.6520,0
40376,2.5955,0
40377,2.4678,0
40378,2.4009,0
40379,2.4272,0
40380,2.2579,0
40381,2.5264,0
40382,2.4546,0
40383,2.7488,0
40384,2.3607,0
40385,2.7043,0
40386,2.6031,0
40387,2.6237,0
40388,2.4488,0
40389,2.4050,0
40390,2.5977,0
40391,2.5010,0
40392,2.5860,0
40393,2.5382,0
40394,2.5507,0
40395,2.4495,0
40396,2.3077,0
40397,2.3708,0
40398,2.3625,0
40399,2.5582,0
40400,2.3280,0
40401,2.6296,0
40402,2.5488,0
40403,2.4422,0
40404,2.5088,0
40405,2.3634,0
40406,2.4524,0
40407,2.8576,0
40408,2.7192,0
40409,2.3075,0
40410,2.3848,0
40411,2.3534,0
40412,2.4331,0
40413,2.3425,0
40414,2.3527,0
40415,2.4956,0
40416,2.5047,0
40417,3.1123,0
40418,2.8700,0
40419,2.8737,0
40420,2.9723,0
40421,2.6621,0
40422,2.3076,0
40423,2.6132,0
40424,2.2369,0
40425,2.8545,0
40426,2.2604,0
40427,2.4215,0
40428,2.7675,0
40429,2.5605,0
40430,2.3616,0
40431,2.8856,0
40432,2.6807,0
40433,2.2776,0
40434,2.2694,0
40435,2.2874,0
40436,2.3780,0
40437,2.4009,0
40438,2.5461,0
40439,2.5791,0
40440,2.4760,0
40441,2.6400,0
40442,2.6032,0
40443,2.9519,0
40444,2.5613,0
40445,2.4554,0
40446,2.4270,0
40447,2.4806,0
40448,3.0292,0
40449,2.6575,0
40450,2.3055,0
40451,2.2691,0
40452,2.1919,0
40453,2.4727,0
40454,2.6918,0
40455,2.6132,0
40456,2.3541,0
40457,2.5758,0
40458,2.4448,0
40459,2.9371,0
40460,2.6687,0
40461,2.9944,0
40462,2.5086,0
40463,2.5596,0
40464,2.6340,0
40465,2.7287,0
40466,2.9725,0
40467,2.5142,0
40468,2.2916,0
40469,2.3773,0
40470,2.2715,0
40471,2.6388,0
40472,2.7565,0
40473,3.1134,0
40474,2.8118,0
40475,2.3689,0
40476,2.3158,0
40477,2.5491,0
40478,2.3773,0
40479,2.4425,0
40480,2.5964,0
40481,2.3143,0
40482,2.4262,0
40483,3.0296,0
40484,2.3664,0
40485,2.4316,0
40486,2.3286,0
40487,2.5178,0
40488,2.2314,0
40489,2.8441,0
40490,2.4842,0
40491,2.2462,0
40492,2.3916,0
40493,2.2917,0
40494,2.3773,0
40495,2.2776,0
40496,2.5179,0
40497,2.5652,0
40498,2.4745,0
40499,2.5496,0
40500,2.7401,0
40501,2.8532,0
40502,2.6896,0
40503,2.5886,0
40504,2.5781,0
40505,2.5779,0
40506,2.6533,0
40507,2.7542,0
40508,2.3848,0
40509,2.6246,0
40510,2.4849,0
40511,2.2681,0
40512,2.4447,0
40513,2.6532,0
40514,2.5150,0
40515,2.4356,0
40516,2.4430,0
40517,2.4949,0
40518,2.6672,0
40519,2.7803,0
40520,2.6944,0
40521,2.4997,0
40522,2.6106,0
40523,2.3882,0
40524,2.2542,0
40525,2.4965,0
40526,2.3683,0
40527,2.6356,0
40528,2.2887,0
40529,2.6277,0
40530,3.0990,0
40531,2.4081,0
40532,2.4749,0
40533,2.5568,0
40534,2.3777,0
40535,2.3916,0
40536,2.4081,0
40537,2.7125,0
40538,2.3151,0
40539,2.2089,0
40540,3.1728,0
40541,2.5161,0
40542,2.5252,0
40543,2.7501,0
40544,2.4646,0
40545,2.7358,0
40546,2.6506,0
40547,2.6108,0
40548,2.8852,0
40549,2.6391,0
40550,2.8050,0
40551,2.7806,0
40552,3.2743,0
40553,2.4429,0
40554,2.4570,0
40555,2.2594,0
40556,2.7446,0
40557,2.4454,0
40558,2.1625,0
40559,2.2802,0
40560,2.3208,0
40561,2.3996,0
40562,2.4493,0
40563,2.2932,0
40564,2.4752,0
40565,2.5378,0
40566,2.5003,0
40567,2.5285,0
40568,2.2052,0
40569,3.1038,0
40570,2.8431,0
40571,2.5931,0
40572,2.9385,0
40573,2.3900,0
40574,2.5207,0
40575,2.5213,0
40576,2.4339,0
40577,2.4694,0
40578,2.3092,0
40579,2.7900,0
40580,2.1868,0
40581,2.4354,0
40582,2.2359,0
40583,2.3184,0
40584,2.6799,0
40585,2.3509,0
40586,2.6497,0
40587,2.2865,0
40588,2.4470,0
40589,2.8303,0
40590,2.2783,0
40591,2.3445,0
40592,2.4494,0
40593,2.3849,0
40594,2.4157,0
40595,2.3719,0
40596,2.5249,0
40597,2.8228,0
40598,2.7899,0
40599,2.9109,0
40600,2.8208,0
40601,2.3621,0
40602,2.6143,0
40603,2.3972,0
40604,2.5686,0
40605,2.3561,0
40606,2.3476,0
40607,2.3667,0
40608,2.5606,0
40609,2.6265,0
40610,2.3822,0
40611,2.4857,0
40612,2.6873,0
40613,2.4154,0
40614,2.4732,0
40615,2.5370,0
40616,2.7138,0
40617,2.9368,0
40618,2.5331,0
40619,2.9969,0
40620,2.6291,0
40621,2.3829,0
40622,2.3934,0
40623,2.4858,0
40624,2.5096,0
40625,3.3919,0
40626,2.4307,0
40627,2.5014,0
40628,2.6092,0
40629,2.4555,0
40630,2.4735,0
40631,2.6468,0
40632,2.8309,0
40633,2.5913,0
40634,2.5969,0
40635,2.9556,0
40636,2.4495,0
40637,2.6745,0
40638,2.5168,0
40639,2.5313,0
40640,2.1899,0
40641,2.4707,0
40642,2.4935,0
40643,2.6025,0
40644,2.9445,0
40645,2.3969,0
40646,2.5085,0
40647,2.3630,0
40648,2.5280,0
40649,2.4327,0
40650,2.4031,0
40651,2.4953,0
40652,2.3840,0
40653,2.4262,0
40654,2.7237,0
40655,2.4614,0
40656,2.6004,0
40657,2.6056,0
40658,2.5809,0
40659,2.4882,0
40660,2.6048,0
40661,2.5399,0
40662,2.5262,0
40663,2.3071,0
40664,2.5707,0
40665,2.2976,0
40666,2.2681,0
40667,2.5895,0
40668,2.5779,0
40669,2.5062,0
40670,2.7607,0
40671,2.7772,0
40672,2.5082,0
40673,2.6583,0
40674,2.4954,0
40675,2.7034,0
40676,2.4859,0
40677,2.6960,0
40678,2.5320,0
40679,2.7146,0
40680,2.7738,0
40681,2.5403,0
40682,2.7633,0
40683,2.6379,0
40684,3.0744,0
40685,2.4901,0
40686,2.3555,0
40687,2.4076,0
40688,2.3823,0
40689,2.3375,0
40690,2.8761,0
40691,2.6714,0
40692,2.3159,0
40693,2.6718,0
40694,2.6080,0
40695,2.4660,0
40696,2.2708,0
40697,2.3775,0
40698,2.6697,0
40699,2.4403,0
40700,2.6021,0
40701,2.9386,0
40702,2.6555,0
40703,2.5982,0
40704,2.5123,0
40705,2.4882,0
40706,2.3794,0
40707,2.4687,0
40708,2.3847,0
40709,2.5912,0
40710,2.3983,0
40711,2.4352,0
40712,2.6703,0
40713,2.8443,0
40714,3.8988,0
40715,3.2864,0
40716,3.3278,0
40717,3.0478,0
40718,2.8425,0
40719,3.2222,0
40720,2.7750,0
40721,2.6635,0
40722,2.5559,0
40723,2.6357,0
40724,2.6427,0
40725,2.4043,0
40726,2.3825,0
40727,2.3030,0
40728,2.4424,0
40729,2.7774,0
40730,2.3520,0
40731,2.5341,0
40732,2.4407,0
40733,2.4595,0
40734,2.5266,0
40735,2.8985,0
40736,2.6125,0
40737,2.8506,0
40738,2.3508,0
40739,2.3841,0
40740,2.5305,0
40741,2.7424,0
40742,2.6387,0
40743,2.5036,0
40744,2.8589,0
40745,2.2472,0
40746,2.5171,0
40747,2.6101,0
40748,2.6864,0
40749,2.4045,0
40750,2.3824,0
40751,2.8644,0
40752,2.6009,0
40753,2.6704,0
40754,2.4714,0
40755,2.2999,0
40756,2.4039,0
40757,2.4016,0
40758,2.7715,0
40759,2.5634,0
40760,2.4935,0
40761,2.3785,0
40762,2.4778,0
40763,2.4198,0
40764,2.4578,0
40765,2.6758,0
40766,2.5780,0
40767,2.4329,0
40768,2.5175,0
40769,2.4833,0
40770,2.3322,0
40771,2.4916,0
40772,2.6353,0
40773,2.4034,0
40774,2.3365,0
40775,2.4765,0
40776,2.8957,0
40777,2.5180,0
40778,2.4306,0
40779,2.6836,0
40780,2.7329,0
40781,2.5626,0
40782,2.4303,0
40783,2.8524,0
40784,2.4074,0
40785,2.5116,0
40786,2.4547,0
40787,2.4239,0
40788,2.3801,0
40789,2.5821,0
40790,2.3843,0
40791,2.2400,0
40792,2.4249,0
40793,2.4932,0
40794,2.5962,0
40795,2.4847,0
40796,2.5651,0
40797,2.7329,0
40798,2.6496,0
40799,2.5852,0
40800,2.6177,0
40801,2.3352,0
40802,2.5864,0
40803,2.6736,0
40804,2.2192,0
40805,2.2621,0
40806,2.2171,0
40807,2.5916,0
40808,2.6334,0
40809,2.4130,0
40810,2.5118,0
40811,3.0292,0
40812,2.6068,0
40813,3.0603,0
40814,2.3790,0
40815,2.6862,0
40816,2.5961,0
40817,2.3122,0
40818,2.7235,0
40819,2.2913,0
40820,2.8016,0
40821,2.4191,0
40822,2.5734,0
40823,2.4755,0
40824,2.6820,0
40825,2.6011,0
40826,3.1169,0
40827,2.5610,0
40828,2.6050,0
40829,2.9270,0
40830,2.4127,0
40831,2.4023,0
40832,2.5170,0
40833,2.4099,0
40834,2.8874,0
40835,2.3636,0
40836,2.6512,0
40837,2.3953,0
40838,2.5349,0
40839,2.4081,0
40840,2.3800,0
40841,2.4584,0
40842,2.6790,0
40843,2.4540,0
40844,2.3751,0
40845,2.3502,0
40846,2.5296,0
40847,2.7344,0
40848,2.4090,0
40849,2.5150,0
40850,2.4535,0
40851,2.4803,0
40852,2.3724,0
40853,2.9365,0
40854,2.3609,0
40855,2.6112,0
40856,3.0335,0
40857,3.3371,0
40858,2.4413,0
40859,2.2740,0
40860,2.2372,0
40861,2.3621,0
40862,2.8488,0
40863,2.5177,0
40864,2.5478,0
40865,2.7277,0
40866,2.9016,0
40867,3.0926,0
40868,3.1294,0
40869,2.5913,0
40870,2.5348,0
40871,2.6963,0
40872,2.3402,0
40873,2.8491,0
40874,2.5150,0
40875,2.4103,0
40876,2.6121,0
40877,2.9768,0
40878,2.5469,0
40879,2.5638,0
40880,2.4617,0
40881,2.4320,0
40882,2.4766,0
40883,2.4172,0
40884,2.4254,0
40885,2.1774,0
40886,2.3669,0
40887,2.4682,0
40888,2.5708,0
40889,2.4501,0
40890,2.5485,0
40891,2.4561,0
40892,2.4450,0
40893,3.4058,0
40894,2.8764,0
40895,2.4797,0
40896,2.5825,0
40897,2.4521,0
40898,2.3135,0
40899,2.4994,0
40900,2.5062,0
40901,2.5643,0
40902,2.8362,0
40903,2.6353,0
40904,2.5216,0
40905,2.4682,0
40906,2.4603,0
40907,2.3654,0
40908,2.4425,0
40909,2.4448,0
40910,2.6858,0
40911,2.4782,0
40912,2.4172,0
40913,2.3884,0
40914,2.4876,0
40915,2.4010,0
40916,2.5196,0
40917,3.2287,0
40918,2.5914,0
40919,2.5460,0
40920,2.8084,0
40921,2.1958,0
40922,2.5300,0
40923,2.8979,0
40924,2.4521,0
40925,2.5075,0
40926,2.3962,0
40927,2.8565,0
40928,2.3118,0
40929,2.6441,0
40930,2.4946,0
40931,2.4429,0
40932,2.3560,0
40933,2.4202,0
40934,2.3048,0
40935,2.2220,0
40936,2.5170,0
40937,3.2671,0
40938,2.8707,0
40939,2.6036,0
40940,2.6496,0
40941,2.7153,0
40942,2.5711,0
40943,2.7613,0
40944,2.5498,0
40945,2.4159,0
40946,2.3632,0
40947,2.3977,0
40948,2.4129,0
40949,2.5656,0
40950,2.5423,0
40951,2.9508,0
40952,2.2363,0
40953,2.2478,0
40954,2.2194,0
40955,2.3351,0
40956,2.3104,0
40957,2.2163,0
40958,2.2695,0
40959,2.6759,0
40960,2.6887,0
40961,2.6574,0
40962,2.2581,0
40963,2.7584,0
40964,2.5119,0
40965,2.6160,0
40966,2.8338,0
40967,2.4062,0
40968,2.4790,0
40969,2.4894,0
40970,2.3951,0
40971,2.4832,0
40972,2.5702,0
40973,2.6721,0
40974,2.5041,0
40975,2.7840,0
40976,2.5716,0
40977,2.6449,0
40978,2.2653,0
40979,2.3562,0
40980,2.5144,0
40981,2.5923,0
40982,2.2959,0
40983,2.5860,0
40984,2.3180,0
40985,2.4658,0
40986,2.3947,0
40987,2.2872,0
40988,2.6804,0
40989,2.5289,0
40990,2.3277,0
40991,2.8656,0
40992,2.3423,0
40993,2.1597,0
40994,2.7142,0
40995,2.3683,0
40996,2.1598,0
40997,2.6514,0
40998,3.1130,0
40999,2.7400,0
41000,2.8130,0
41001,2.5706,0
41002,2.3255,0
41003,2.3400,0
41004,2.4579,0
41005,2.4184,0
41006,3.0153,0
41007,2.2788,0
41008,2.5899,0
41009,2.4138,0
41010,2.4541,0
41011,2.9160,0
41012,2.4470,0
41013,2.5966,0
41014,2.4566,0
41015,2.7042,0
41016,2.5669,0
41017,2.5406,0
41018,2.6949,0
41019,2.6561,0
41020,2.5307,0
41021,2.6329,0
41022,2.8089,0
41023,2.5258,0
41024,2.6794,0
41025,2.5117,0
41026,2.5191,0
41027,2.6725,0
41028,2.8515,0
41029,2.5558,0
41030,2.6688,0
41031,3.0720,0
41032,2.3209,0
41033,2.5725,0
41034,2.4691,0
41035,2.7062,0
41036,2.2638,0
41037,2.4684,0
41038,2.3025,0
41039,2.6728,0
41040,2.5641,0
41041,2.5995,0
41042,2.4384,0
41043,2.3010,0
41044,2.3535,0
41045,2.7467,0
41046,2.5645,0
41047,2.6277,0
41048,2.4201,0
41049,2.4177,0
41050,2.4895,0
41051,2.4295,0
41052,2.6033,0
41053,3.0002,0
41054,2.6747,0
41055,2.5655,0
41056,2.5262,0
41057,2.5810,0
41058,2.4613,0
41059,2.5654,0
41060,2.5756,0
41061,2.5458,0
41062,2.4167,0
41063,2.4037,0
41064,2.3451,0
41065,2.4986,0
41066,2.4356,0
41067,2.3592,0
41068,2.5747,0
41069,2.2846,0
41070,2.9003,0
41071,2.4981,0
41072,2.5611,0
41073,2.9723,0
41074,2.3005,0
41075,2.4214,0
41076,2.4444,0
41077,2.3457,0
41078,2.5425,0
41079,2.5402,0
41080,2.5382,0
41081,2.6083,0
41082,2.4793,0
41083,2.7601,0
41084,2.5597,0
41085,3.1666,0
41086,2.4731,0
41087,2.4392,0
41088,2.4556,0
41089,2.9080,0
41090,2.3397,0
41091,2.7123,0
41092,2.5067,0
41093,2.3961,0
41094,2.7349,0
41095,2.5707,0
41096,2.6441,0
41097,2.5602,0
41098,2.4301,0
41099,2.5003,0
41100,3.1067,0
41101,2.5217,0
41102,2.5258,0
41103,2.3735,0
41104,2.4667,0
41105,2.3686,0
41106,2.4385,0
41107,2.3710,0
41108,2.3842,0
41109,2.4608,0
41110,2.4730,0
41111,2.6005,0
41112,3.2266,0
41113,2.5241,0
41114,2.4882,0
41115,2.3947,0
41116,2.4439,0
41117,2.3322,0
41118,2.2968,0
41119,2.4971,0
41120,3.0344,0
41121,2.5443,0
41122,2.5539,0
41123,2.5867,0
41124,2.6248,0
41125,2.4334,0
41126,2.2918,0
41127,2.6896,0
41128,2.5372,0
41129,2.7732,0
41130,2.5268,0
41131,2.5657,0
41132,2.6781,0
41133,2.3024,0
41134,2.4833,0
41135,2.7343,0
41136,2.5122,0
41137,2.6652,0
41138,2.5868,0
41139,2.4591,0
41140,2.7058,0
41141,2.6051,0
41142,2.3898,0
41143,2.4466,0
41144,2.5534,0
41145,2.5659,0
41146,2.6611,0
41147,2.5194,0
41148,2.5761,0
41149,2.3843,0
41150,2.3236,0
41151,2.8130,0
41152,2.3451,0
41153,2.4761,0
41154,2.7843,0
41155,2.3191,0
41156,2.3800,0
41157,2.4981,0
41158,2.4278,0
41159,2.4353,0
41160,2.4241,0
41161,2.7594,0
41162,2.3133,0
41163,2.4311,0
41164,2.6903,0
41165,2.6596,0
41166,2.4581,0
41167,2.4415,0
41168,2.4497,0
41169,2.5346,0
41170,2.7268,0
41171,2.7099,0
41172,2.7085,0
41173,2.3086,0
41174,2.4367,0
41175,2.3715,0
41176,2.9324,0
41177,2.7132,0
41178,2.6156,0
41179,2.6746,0
41180,2.7369,0
41181,2.6335,0
41182,2.1869,0
41183,2.5219,0
41184,2.4007,0
41185,2.3190,0
41186,2.9081,0
41187,2.7373,0
41188,2.3617,0
41189,2.3140,0
41190,2.5353,0
41191,2.6429,0
41192,2.6815,0
41193,2.6324,0
41194,2.6004,0
41195,2.7100,0
41196,2.4689,0
41197,2.3037,0
41198,2.3462,0
41199,2.4885,0
41200,2.3702,0
41201,2.6584,0
41202,2.8765,0
41203,2.3958,0
41204,2.3951,0
41205,2.3140,0
41206,2.5843,0
41207,2.9565,0
41208,2.3802,0
41209,2.3368,0
41210,2.8842,0
41211,2.2883,0
41212,2.9067,0
41213,2.5565,0
41214,2.5658,0
41215,2.7239,0
41216,2.5352,0
41217,2.5677,0
41218,2.3839,0
41219,2.4229,0
41220,2.7117,0
41221,2.3043,0
41222,2.3518,0
41223,2.7953,0
41224,2.6500,0
41225,2.5284,0
41226,2.3677,0
41227,2.5764,0
41228,2.6826,0
41229,2.2399,0
41230,2.4645,0
41231,2.8870,0
41232,2.3394,0
41233,2.4593,0
41234,2.5397,0
41235,2.5903,0
41236,2.7682,0
41237,2.6185,0
41238,3.2884,0
41239,2.3845,0
41240,2.8451,0
41241,2.5088,0
41242,2.4530,0
41243,2.4463,0
41244,2.5348,0
41245,2.5507,0
41246,2.6205,0
41247,2.3924,0
41248,2.5348,0
41249,2.3326,0
41250,2.5011,0
41251,2.5763,0
41252,2.4191,0
41253,2.3716,0
41254,2.3981,0
41255,2.5414,0
41256,2.7136,0
41257,2.5552,0
41258,2.7813,0
41259,2.6793,0
41260,2.5153,0
41261,2.3993,0
41262,2.3484,0
41263,2.4336,0
41264,2.4448,0
41265,2.3148,0
41266,2.5815,0
41267,2.8958,0
41268,3.1015,0
41269,2.6286,0
41270,2.4435,0
41271,2.8219,0
41272,2.8978,0
41273,2.6185,0
41274,2.6520,0
41275,2.6054,0
41276,2.4147,0
41277,2.4117,0
41278,2.4894,0
41279,2.5837,0
41280,3.0365,0
41281,2.5122,0
41282,2.5325,0
41283,2.4376,0
41284,2.2627,0
41285,2.7503,0
41286,2.4473,0
41287,2.4275,0
41288,2.4596,0
41289,2.5085,0
41290,2.5989,0
41291,2.6288,0
41292,2.5159,0
41293,2.5675,0
41294,2.6859,0
41295,2.6604,0
41296,2.5979,0
41297,2.6179,0
41298,2.5660,0
41299,3.1697,0
41300,2.4892,0
41301,2.3449,0
41302,2.5815,0
41303,2.4418,0
41304,2.9963,0
41305,2.2243,0
41306,2.6215,0
41307,2.3978,0
41308,2.5670,0
41309,2.3864,0
41310,2.4506,0
41311,3.3677,0
41312,2.7150,0
41313,2.6851,0
41314,3.0978,0
41315,3.7023,0
41316,3.5304,0
41317,3.3460,0
41318,3.1870,0
41319,3.6846,0
41320,3.1268,0
41321,3.2988,0
41322,2.9727,0
41323,3.1061,0
41324,2.8037,0
41325,3.0032,0
41326,2.8623,0
41327,3.2192,0
41328,3.1981,0
41329,2.6103,0
41330,2.9165,0
41331,2.7090,0
41332,3.0508,0
41333,2.8506,0
41334,2.6173,0
41335,2.9774,0
41336,2.9430,0
41337,2.9107,0
41338,2.6189,0
41339,2.8967,0
41340,2.8147,0
41341,3.2995,0
41342,3.3934,0
41343,2.9778,0
41344,3.5799,0
41345,3.2355,0
41346,2.9854,0
41347,2.6961,0
41348,3.0938,0
41349,3.0767,0
41350,2.5028,0
41351,3.0638,0
41352,3.3603,0
41353,2.6986,0
41354,2.5977,0
41355,2.6140,0
41356,2.4095,0
41357,2.6027,0
41358,2.4825,0
41359,2.6815,0
41360,2.5677,0
41361,3.5827,0
41362,2.7856,0
41363,2.6636,0
41364,3.2345,0
41365,2.7949,0
41366,3.1305,0
41367,2.6598,0
41368,2.6626,0
41369,3.4215,0
41370,2.8034,0
41371,2.5151,0
41372,2.5491,0
41373,3.1375,0
41374,2.5691,0
41375,2.6075,0
41376,2.4267,0
41377,2.6787,0
41378,2.4983,0
41379,3.1947,0
41380,2.6623,0
41381,2.6725,0
41382,3.1650,0
41383,2.6844,0
41384,2.5430,0
41385,2.5468,0
41386,2.6588,0
41387,2.5051,0
41388,2.5068,0
41389,2.4926,0
41390,2.9235,0
41391,2.6131,0
41392,2.6529,0
41393,2.9164,0
41394,2.4382,0
41395,2.5837,0
41396,2.3938,0
41397,2.3816,0
41398,2.6786,0
41399,2.4817,0
41400,2.5132,0
41401,2.4824,0
41402,2.5144,0
41403,3.2063,0
41404,2.4563,0
41405,2.8006,0
41406,2.6489,0
41407,2.3665,0
41408,2.4662,0
41409,2.6046,0
41410,2.8191,0
41411,2.7165,0
41412,2.5856,0
41413,2.5293,0
41414,2.7381,0
41415,2.8057,0
41416,2.7410,0
41417,2.5196,0
41418,2.8090,0
41419,2.3019,0
41420,2.2072,0
41421,2.4577,0
41422,2.6342,0
41423,2.4164,0
41424,2.3770,0
41425,2.4756,0
41426,2.7399,0
41427,2.6394,0
41428,2.4548,0
41429,2.4380,0
41430,2.6459,0
41431,2.4687,0
41432,2.5432,0
41433,2.5061,0
41434,2.6433,0
41435,2.5926,0
41436,2.6635,0
41437,2.7594,0
41438,2.7118,0
41439,2.4377,0
41440,2.4963,0
41441,2.3066,0
41442,2.3932,0
41443,2.5835,0
41444,2.5968,0
41445,3.0455,0
41446,2.5096,0
41447,2.4799,0
41448,2.8951,0
41449,2.4580,0
41450,2.4243,0
41451,2.3859,0
41452,2.5378,0
41453,2.5728,0
41454,2.3817,0
41455,2.4069,0
41456,2.4496,0
41457,2.5658,0
41458,2.7637,0
41459,2.5928,0
41460,2.4926,0
41461,2.6709,0
41462,2.6220,0
41463,2.6150,0
41464,2.3784,0
41465,2.6207,0
41466,2.4815,0
41467,2.8285,0
41468,2.3963,0
41469,2.2884,0
41470,2.3137,0
41471,2.5054,0
41472,2.7059,0
41473,2.5111,0
41474,2.5607,0
41475,2.6550,0
41476,2.7229,0
41477,3.0991,0
41478,2.5141,0
41479,2.8658,0
41480,2.3768,0
41481,2.5360,0
41482,2.4923,0
41483,2.3725,0
41484,2.6119,0
41485,2.4341,0
41486,2.4204,0
41487,2.4928,0
41488,2.5202,0
41489,2.6363,0
41490,2.4237,0
41491,2.3961,0
41492,2.5241,0
41493,2.4164,0
41494,2.5390,0
41495,2.4848,0
41496,2.4227,0
41497,2.4047,0
41498,2.3305,0
41499,2.4173,0
41500,2.8417,0
41501,2.9460,0
41502,2.5813,0
41503,2.4847,0
41504,2.4500,0
41505,2.3575,0
41506,2.2665,0
41507,2.8094,0
41508,2.7494,0
41509,2.8352,0
41510,2.5628,0
41511,2.3608,0
41512,2.7958,0
41513,2.9725,0
41514,2.6403,0
41515,2.5075,0
41516,2.8929,0
41517,2.4992,0
41518,2.9414,0
41519,2.3475,0
41520,2.5108,0
41521,2.3025,0
41522,2.5078,0
41523,2.7663,0
41524,2.8154,0
41525,2.8765,0
41526,2.7705,0
41527,2.5911,0
41528,2.7005,0
41529,2.5688,0
41530,2.4677,0
41531,2.5289,0
41532,2.6534,0
41533,2.3782,0
41534,2.4523,0
41535,2.5044,0
41536,2.5090,0
41537,2.7953,0
41538,2.4983,0
41539,2.8975,0
41540,2.5529,0
41541,2.7157,0
41542,2.4573,0
41543,2.4470,0
41544,2.5099,0
41545,2.6411,0
41546,2.6086,0
41547,2.9721,0
41548,2.5448,0
41549,2.6171,0
41550,2.4121,0
41551,2.4720,0
41552,2.5449,0
41553,2.2748,0
41554,2.9091,0
41555,2.7672,0
41556,2.6346,0
41557,2.3634,0
41558,2.4765,0
41559,2.3531,0
41560,2.7245,0
41561,2.6495,0
41562,2.6174,0
41563,2.6824,0
41564,2.5568,0
41565,2.5361,0
41566,2.6293,0
41567,2.6062,0
41568,2.6521,0
41569,2.4183,0
41570,2.5809,0
41571,2.6190,0
41572,2.5229,0
41573,2.6040,0
41574,2.5222,0
41575,2.6079,0
41576,2.5808,0
41577,2.6381,0
41578,2.4893,0
41579,2.3785,0
41580,2.4991,0
41581,2.4512,0
41582,2.4331,0
41583,2.5475,0
41584,2.4663,0
41585,2.7336,0
41586,2.8995,0
41587,2.9562,0
41588,2.5840,0
41589,2.5494,0
41590,2.6643,0
41591,2.9657,0
41592,2.5494,0
41593,2.6305,0
41594,3.0334,0
41595,2.8013,0
41596,2.6475,0
41597,2.5540,0
41598,2.6044,0
41599,2.4413,0
41600,2.4551,0
41601,2.9641,0
41602,2.4755,0
41603,2.6044,0
41604,2.3926,0
41605,2.7414,0
41606,2.3465,0
41607,2.4199,0
41608,2.7471,0
41609,2.5484,0
41610,2.6912,0
41611,2.7972,0
41612,2.5132,0
41613,2.4360,0
41614,2.4876,0
41615,2.6003,0
41616,2.7086,0
41617,2.4704,0
41618,2.3820,0
41619,2.4735,0
41620,2.6383,0
41621,2.4365,0
41622,2.3349,0
41623,2.4476,0
41624,2.3527,0
41625,2.4210,0
41626,2.6921,0
41627,2.5559,0
41628,2.5719,0
41629,2.3901,0
41630,2.5512,0
41631,2.5095,0
41632,2.5760,0
41633,3.1549,0
41634,2.9838,0
41635,2.3545,0
41636,2.6286,0
41637,2.6451,0
41638,3.1163,0
41639,2.6432,0
41640,2.8854,0
41641,2.4915,0
41642,2.3324,0
41643,2.6294,0
41644,2.5951,0
41645,2.5538,0
41646,2.4866,0
41647,2.6436,0
41648,2.3483,0
41649,2.5224,0
41650,2.9625,0
41651,2.9344,0
41652,2.4881,0
41653,2.7421,0
41654,2.4380,0
41655,2.5179,0
41656,2.6318,0
41657,2.4543,0
41658,2.9277,0
41659,2.3425,0
41660,2.7224,0
41661,2.9789,0
41662,2.5654,0
41663,2.5127,0
41664,2.3942,0
41665,2.3470,0
41666,2.4364,0
41667,2.4053,0
41668,2.3945,0
41669,2.4733,0
41670,2.4118,0
41671,2.4774,0
41672,2.3574,0
41673,2.5926,0
41674,2.3822,0
41675,2.5899,0
41676,2.4943,0
41677,2.3057,0
41678,2.3390,0
41679,2.6045,0
41680,2.6818,0
41681,2.4727,0
41682,2.3226,0
41683,2.9646,0
41684,2.5551,0
41685,2.5402,0
41686,2.5655,0
41687,2.5687,0
41688,2.5158,0
41689,2.3921,0
41690,2.2502,0
41691,2.5092,0
41692,2.4993,0
41693,2.8689,0
41694,2.3303,0
41695,2.6337,0
41696,2.3868,0
41697,2.3079,0
41698,2.9004,0
41699,2.6968,0
41700,2.6632,0
41701,2.7117,0
41702,2.4604,0
41703,2.3659,0
41704,2.7063,0
41705,2.5423,0
41706,2.3222,0
41707,2.3008,0
41708,2.2198,0
41709,2.6042,0
41710,2.3412,0
41711,2.3677,0
41712,2.6814,0
41713,2.5241,0
41714,2.6809,0
41715,2.4533,0
41716,2.4200,0
41717,2.2614,0
41718,2.3294,0
41719,2.2152,0
41720,2.6479,0
41721,2.6060,0
41722,2.5929,0
41723,2.2482,0
41724,2.2074,0
41725,2.2771,0
41726,2.2846,0
41727,2.3848,0
41728,2.6448,0
41729,2.2941,0
41730,2.9601,0
41731,2.2388,0
41732,2.1622,0
41733,2.4231,0
41734,2.3386,0
41735,2.6465,0
41736,2.1930,0
41737,2.8683,0
41738,2.4507,0
41739,2.8990,0
41740,2.3785,0
41741,2.1334,0
41742,2.2975,0
41743,2.3998,0
41744,2.4165,0
41745,2.3852,0
41746,2.3156,0
41747,2.5480,0
41748,2.8588,0
41749,2.2241,0
41750,2.5475,0
41751,2.4516,0
41752,2.5162,0
41753,2.2774,0
41754,2.4830,0
41755,2.8121,0
41756,2.4799,0
41757,2.3846,0
41758,2.3524,0
41759,2.5880,0
41760,2.3671,0
41761,2.4029,0
41762,2.4517,0
41763,3.1175,0
41764,2.7598,0
41765,2.4505,0
41766,2.3243,0
41767,2.3853,0
41768,2.5085,0
41769,2.2543,0
41770,2.3533,0
41771,2.3165,0
41772,2.4965,0
41773,2.2489,0
41774,2.3853,0
41775,2.2774,0
41776,2.4395,0
41777,2.2669,0
41778,2.8052,0
41779,2.6016,0
41780,2.6223,0
41781,2.3301,0
41782,2.7652,0
41783,2.4571,0
41784,3.1626,0
41785,2.2987,0
41786,2.4676,0
41787,2.3112,0
41788,2.4866,0
41789,2.7539,0
41790,2.3220,0
41791,2.9060,0
41792,2.6137,0
41793,2.4302,0
41794,3.1043,0
41795,3.0014,0
41796,2.2695,0
41797,2.1959,0
41798,2.0947,0
41799,2.3121,0
41800,2.8559,0
41801,2.4781,0
41802,2.3652,0
41803,2.4958,0
41804,2.4904,0
41805,2.9560,0
41806,2.6957,0
41807,2.4593,0
41808,2.9514,0
41809,2.2942,0
41810,2.8299,0
41811,2.1938,0
41812,2.2983,0
41813,2.6117,0
41814,2.3077,0
41815,2.3246,0
41816,2.2160,0
41817,2.4325,0
41818,3.0376,0
41819,2.4894,0
41820,2.5098,0
41821,2.3952,0
41822,2.2308,0
41823,2.8799,0
41824,2.8661,0
41825,2.9969,0
41826,2.7561,0
41827,2.8713,0
41828,3.1407,0
41829,2.8080,0
41830,3.6265,0
41831,3.3735,0
41832,2.8482,0
41833,2.9567,0
41834,3.5470,0
41835,3.0058,0
41836,2.6645,0
41837,3.2705,0
41838,2.7610,0
41839,3.2718,0
41840,2.8255,0
41841,2.8974,0
41842,2.8141,0
41843,3.3271,0
41844,2.6928,0
41845,2.9827,0
41846,3.0407,0
41847,2.9358,0
41848,3.2204,0
41849,2.7506,0
41850,3.4074,0
41851,2.9250,0
41852,3.1106,0
41853,3.1735,0
41854,2.6598,0
41855,3.1756,0
41856,3.8884,0
41857,3.0594,0
41858,2.9769,0
41859,3.1056,0
41860,3.2669,0
41861,3.0834,0
41862,3.5595,0
41863,2.8654,0
41864,2.8391,0
41865,3.3838,0
41866,2.9804,0
41867,2.8759,0
41868,2.8788,0
41869,3.0756,0
41870,3.1355,0
41871,3.1206,0
41872,3.0221,0
41873,2.9952,0
41874,3.1615,0
41875,3.3521,0
41876,3.1831,0
41877,3.0191,0
41878,2.9616,0
41879,3.1117,0
41880,2.6865,0
41881,2.8362,0
41882,2.8035,0
41883,3.1894,0
41884,3.5032,0
41885,2.6768,0
41886,3.0244,0
41887,2.9637,0
41888,2.9924,0
41889,3.3530,0
41890,2.9654,0
41891,2.9064,0
41892,2.7789,0
41893,2.8569,0
41894,2.9309,0
41895,3.0108,0
41896,2.4676,0
41897,3.3285,0
41898,2.6263,0
41899,3.9293,0
41900,3.1446,0
41901,2.7661,0
41902,3.1464,0
41903,2.7895,0
41904,3.2718,0
41905,2.8820,0
41906,3.1195,0
41907,3.0255,0
41908,3.1412,0
41909,3.0330,0
41910,3.0586,0
41911,3.2539,0
41912,3.5489,0
41913,3.0113,0
41914,3.1170,0
41915,2.9596,0
41916,2.8593,0
41917,2.8927,0
41918,2.9631,0
41919,2.6316,0
41920,2.3255,0
41921,2.3370,0
41922,3.0359,0
41923,2.6749,0
41924,2.7859,0
41925,2.6177,0
41926,2.8272,0
41927,2.6085,0
41928,2.5902,0
41929,3.2399,0
41930,3.4451,0
41931,3.2389,0
41932,2.8581,0
41933,3.0209,0
41934,3.1572,0
41935,2.8326,0
41936,2.9362,0
41937,3.0424,0
41938,2.8776,0
41939,3.0940,0
41940,3.0330,0
41941,3.6080,0
41942,3.3055,0
41943,3.0870,0
41944,3.0361,0
41945,3.1795,0
41946,2.9099,0
41947,3.0591,0
41948,2.6982,0
41949,3.0544,0
41950,2.8225,0
41951,3.1589,0
41952,2.8792,0
41953,3.3142,0
41954,3.2816,0
41955,3.1190,0
41956,2.7240,0
41957,2.8792,0
41958,2.8613,0
41959,2.6962,0
41960,3.0909,0
41961,3.1978,0
41962,2.9563,0
41963,3.0821,0
41964,2.8079,0
41965,3.4001,0
41966,3.4794,0
41967,3.1820,0
41968,2.7476,0
41969,3.2062,0
41970,2.7219,0
41971,2.5871,0
41972,2.6311,0
41973,2.6790,0
41974,2.8255,0
41975,2.7558,0
41976,2.4858,0
41977,2.9761,0
41978,2.9532,0
41979,2.5502,0
41980,2.6368,0
41981,2.6860,0
41982,2.6904,0
41983,2.6492,0
41984,2.9729,0
41985,2.7193,0
41986,2.6056,0
41987,3.1669,0
41988,2.7964,0
41989,4.0970,0
41990,2.9968,0
41991,2.8915,0
41992,2.9755,0
41993,2.4910,0
41994,3.5379,0
41995,3.2915,0
41996,4.0056,0
41997,3.0897,0
41998,3.3939,0
41999,3.2524,0
42000,3.3247,0
42001,3.7257,0
42002,3.0324,0
42003,3.2153,0
42004,3.0761,0
42005,3.4066,0
42006,3.8907,0
42007,3.6745,0
42008,3.0826,0
42009,3.7381,0
42010,2.9940,0
42011,3.1300,0
42012,3.0900,0
42013,3.9608,0
42014,3.1382,0
42015,3.6267,0
42016,3.0846,0
42017,3.3561,0
42018,3.4938,0
42019,4.0096,0
42020,3.0215,0
42021,2.9573,0
42022,2.7712,0
42023,3.1966,0
42024,2.5222,0
42025,2.6589,0
42026,3.6609,0
42027,2.5583,0
42028,2.6947,0
42029,2.5636,0
42030,3.1838,0
42031,2.7811,0
42032,2.8962,0
42033,3.1520,0
42034,2.5120,0
42035,2.6872,0
42036,2.6582,0
42037,2.6869,0
42038,2.5477,0
42039,2.5323,0
42040,2.6535,0
42041,2.6639,0
42042,2.5699,0
42043,2.5393,0
42044,2.4631,0
42045,2.3681,0
42046,2.4492,0
42047,3.1925,0
42048,3.0086,0
42049,2.4979,0
42050,2.2643,0
42051,2.2619,0
42052,2.4522,0
42053,2.3438,0
42054,2.9394,0
42055,2.3537,0
42056,2.3725,0
42057,2.8056,0
42058,2.3833,0
42059,2.2565,0
42060,2.3609,0
42061,2.5081,0
42062,2.8068,0
42063,2.6298,0
42064,2.5309,0
42065,2.3442,0
42066,2.7263,0
42067,2.3813,0
42068,2.4905,0
42069,2.5572,0
42070,2.2803,0
42071,2.7556,0
42072,2.5015,0
42073,2.3789,0
42074,2.5463,0
42075,2.5196,0
42076,2.5727,0
42077,2.3791,0
42078,2.9010,0
42079,3.2772,0
42080,2.9917,0
42081,2.3821,0
42082,2.2419,0
42083,2.1797,0
42084,2.3933,0
42085,2.5507,0
42086,2.5824,0
42087,2.4980,0
42088,2.4127,0
42089,2.3915,0
42090,2.6194,0
42091,2.3614,0
42092,2.5973,0
42093,2.4137,0
42094,2.3616,0
42095,2.6043,0
42096,2.4219,0
42097,2.6073,0
42098,2.6957,0
42099,2.5705,0
42100,2.9764,0
42101,2.5649,0
42102,2.3969,0
42103,2.8439,0
42104,2.2600,0
42105,2.3192,0
42106,2.3531,0
42107,2.4434,0
42108,2.8932,0
42109,2.4629,0
42110,2.7042,0
42111,2.6295,0
42112,2.3362,0
42113,2.3584,0
42114,2.2847,0
42115,2.4125,0
42116,2.6453,0
42117,2.4281,0
42118,2.4478,0
42119,2.3559,0
42120,2.7826,0
42121,2.6938,0
42122,2.6644,0
42123,2.9809,0
42124,2.2696,0
42125,2.4157,0
42126,2.2147,0
42127,2.3111,0
42128,2.2147,0
42129,2.2684,0
42130,2.9449,0
42131,2.4063,0
42132,2.9770,0
42133,2.6831,0
42134,2.2484,0
42135,2.2844,0
42136,2.6285,0
42137,2.6195,0
42138,2.6908,0
42139,2.3203,0
42140,2.5426,0
42141,2.5530,0
42142,2.6818,0
42143,3.1408,0
42144,2.5531,0
42145,2.6317,0
42146,2.5781,0
42147,2.3649,0
42148,2.5165,0
42149,2.3077,0
42150,2.4900,0
42151,2.6699,0
42152,2.5902,0
42153,2.3316,0
42154,2.4436,0
42155,2.2173,0
42156,2.4485,0
42157,2.2337,0
42158,2.2867,0
42159,2.2757,0
42160,2.9963,0
42161,2.3521,0
42162,2.2853,0
42163,2.2533,0
42164,2.3649,0
42165,2.8044,0
42166,2.5415,0
42167,2.3762,0
42168,2.3007,0
42169,2.1616,0
42170,2.7143,0
42171,2.1528,0
42172,2.2059,0
42173,2.2009,0
42174,2.1767,0
42175,2.3091,0
42176,2.7278,0
42177,2.4005,0
42178,2.4123,0
42179,2.5334,0
42180,2.6209,0
42181,2.4094,0
42182,2.3618,0
42183,2.3986,0
42184,2.3028,0
42185,2.2488,0
42186,2.4077,0
42187,2.1310,0
42188,2.2965,0
42189,2.7648,0
42190,2.2411,0
42191,2.7077,0
42192,2.2846,0
42193,2.4030,0
42194,2.3423,0
42195,2.4005,0
42196,2.5481,0
42197,2.3876,0
42198,2.4956,0
42199,2.3639,0
42200,2.4039,0
42201,2.4498,0
42202,2.2135,0
42203,2.4983,0
42204,2.4190,0
42205,2.3531,0
42206,2.6567,0
42207,2.4133,0
42208,2.3637,0
42209,2.2523,0
42210,2.6718,0
42211,2.4694,0
42212,2.4015,0
42213,2.2956,0
42214,2.4526,0
42215,2.6004,0
42216,2.3670,0
42217,2.3288,0
42218,2.6435,0
42219,2.1764,0
42220,2.4347,0
42221,2.4686,0
42222,2.5503,0
42223,2.4102,0
42224,2.4933,0
42225,2.1865,0
42226,2.5448,0
42227,2.3815,0
42228,2.2873,0
42229,2.2793,0
42230,2.4307,0
42231,2.5694,0
42232,2.2679,0
42233,2.3723,0
42234,2.2230,0
42235,2.4524,0
42236,2.1996,0
42237,2.2530,0
42238,2.2419,0
42239,2.2776,0
42240,2.6325,0
42241,2.4743,0
42242,2.5707,0
42243,2.7119,0
42244,2.5696,0
42245,2.1984,0
42246,2.3437,0
42247,2.2664,0
42248,2.5134,0
42249,2.3027,0
42250,2.2876,0
42251,2.2221,0
42252,2.4948,0
42253,2.3026,0
42254,2.5590,0
42255,2.8301,0
42256,2.5997,0
42257,2.3914,0
42258,2.4130,0
42259,2.2912,0
42260,2.7185,0
42261,2.4257,0
42262,2.4293,0
42263,2.2192,0
42264,2.2023,0
42265,2.5859,0
42266,2.4137,0
42267,2.3712,0
42268,2.6031,0
42269,2.3310,0
42270,2.5411,0
42271,2.3459,0
42272,2.7004,0
42273,2.4264,0
42274,2.7164,0
42275,2.2725,0
42276,2.6158,0
42277,2.3816,0
42278,2.3116,0
42279,2.3059,0
42280,2.3662,0
42281,2.3330,0
42282,2.3443,0
42283,2.2816,0
42284,2.4095,0
42285,2.2115,0
42286,2.5429,0
42287,2.7001,0
42288,2.6057,0
42289,2.2368,0
42290,2.2152,0
42291,2.3824,0
42292,2.3723,0
42293,2.3652,0
42294,2.0776,0
42295,2.1280,0
42296,2.1003,0
42297,2.4717,0
42298,2.1690,0
42299,2.1424,0
42300,2.1123,0
42301,2.2302,0
42302,2.6217,0
42303,2.4880,0
42304,2.4123,0
42305,2.4631,0
42306,2.5982,0
42307,2.2735,0
42308,2.3589,0
42309,2.3441,0
42310,2.3522,0
42311,2.4039,0
42312,2.3628,0
42313,2.5630,0
42314,2.4176,0
42315,2.4113,0
42316,2.5330,0
42317,2.2932,0
42318,2.6418,0
42319,2.6081,0
42320,2.4804,0
42321,2.5283,0
42322,2.7175,0
42323,2.3157,0
42324,2.7205,0
42325,2.2862,0
42326,2.3942,0
42327,2.6865,0
42328,2.7149,0
42329,2.5025,0
42330,2.4454,0
42331,2.4100,0
42332,2.3646,0
42333,2.4324,0
42334,2.5401,0
42335,2.6087,0
42336,2.5238,0
42337,2.2672,0
42338,2.3793,0
42339,2.4700,0
42340,2.3698,0
42341,2.4813,0
42342,2.4155,0
42343,2.4746,0
42344,2.4689,0
42345,2.5669,0
42346,2.4667,0
42347,2.4846,0
42348,2.7140,0
42349,2.5864,0
42350,2.4596,0
42351,2.7095,0
42352,2.4553,0
42353,2.3956,0
42354,2.5002,0
42355,2.3070,0
42356,2.5732,0
42357,2.3701,0
42358,2.3205,0
42359,2.7919,0
42360,2.7515,0
42361,2.3955,0
42362,2.6178,0
42363,2.5767,0
42364,2.7257,0
42365,2.1879,0
42366,2.4939,0
42367,2.2975,0
42368,2.3125,0
42369,2.5188,0
42370,2.6751,0
42371,2.9936,0
42372,2.5087,0
42373,2.3344,0
42374,2.4763,0
42375,2.4107,0
42376,2.4874,0
42377,2.8602,0
42378,2.5280,0
42379,2.9455,0
42380,2.3425,0
42381,2.6579,0
42382,2.5574,0
42383,2.4326,0
42384,2.7166,0
42385,2.5086,0
42386,2.3841,0
42387,2.5840,0
42388,2.9580,0
42389,2.4673,0
42390,2.6189,0
42391,2.3435,0
42392,2.7862,0
42393,2.6870,0
42394,2.5741,0
42395,2.4501,0
42396,2.2662,0
42397,2.4424,0
42398,2.4763,0
42399,2.7348,0
42400,2.3358,0
42401,2.4293,0
42402,2.5293,0
42403,2.5150,0
42404,2.4381,0
42405,2.2392,0
42406,2.3271,0
42407,2.3816,0
42408,2.6835,0
42409,2.7107,0
42410,2.7165,0
42411,2.6342,0
42412,2.4640,0
42413,2.3018,0
42414,2.5528,0
42415,2.3567,0
42416,2.3485,0
42417,3.0070,0
42418,2.4698,0
42419,2.5771,0
42420,2.6429,0
42421,3.4208,0
42422,2.8023,0
42423,2.6667,0
42424,2.4323,0
42425,2.9617,0
42426,2.6755,0
42427,2.4154,0
42428,2.2960,0
42429,2.2353,0
42430,2.6516,0
42431,2.1992,0
42432,2.4244,0
42433,2.6445,0
42434,2.4808,0
42435,2.5553,0
42436,2.2772,0
42437,2.9343,0
42438,2.4297,0
42439,2.6383,0
42440,2.3030,0
42441,2.4366,0
42442,2.4567,0
42443,2.3275,0
42444,2.3955,0
42445,2.5475,0
42446,2.4778,0
42447,2.4664,0
42448,2.3835,0
42449,2.7580,0
42450,2.5360,0
42451,2.5498,0
42452,2.5736,0
42453,2.4186,0
42454,2.5847,0
42455,2.5996,0
42456,2.5636,0
42457,2.5328,0
42458,2.5513,0
42459,2.4571,0
42460,2.6880,0
42461,2.7154,0
42462,2.2307,0
42463,2.5218,0
42464,2.3441,0
42465,2.5813,0
42466,2.9350,0
42467,2.3846,0
42468,2.4330,0
42469,2.2636,0
42470,2.6932,0
42471,2.3012,0
42472,2.6159,0
42473,2.6143,0
42474,2.2019,0
42475,2.2779,0
42476,3.0342,0
42477,2.3289,0
42478,2.4028,0
42479,2.5874,0
42480,2.4354,0
42481,2.6486,0
42482,2.3568,0
42483,2.4707,0
42484,2.4449,0
42485,2.7552,0
42486,2.3827,0
42487,2.4439,0
42488,2.2515,0
42489,2.3854,0
42490,2.4309,0
42491,2.5909,0
42492,2.2840,0
42493,2.9282,0
42494,2.4054,0
42495,2.3858,0
42496,2.8268,0
42497,2.4047,0
42498,2.5251,0
42499,2.4284,0
42500,2.3677,0
42501,2.4943,0
42502,2.4478,0
42503,2.8015,0
42504,2.5010,0
42505,2.4651,0
42506,2.4718,0
42507,2.3476,0
42508,2.5937,0
42509,2.3632,0
42510,2.2599,0
42511,2.7872,0
42512,2.4799,0
42513,2.6094,0
42514,2.6645,0
42515,2.5573,0
42516,2.5988,0
42517,2.5406,0
42518,2.2165,0
42519,2.8447,0
42520,2.6112,0
42521,2.6645,0
42522,2.4787,0
42523,2.4768,0
42524,2.3429,0
42525,2.7868,0
42526,2.4917,0
42527,2.4361,0
42528,2.3465,0
42529,2.2678,0
42530,2.4774,0
42531,2.3205,0
42532,2.2566,0
42533,2.3654,0
42534,2.5176,0
42535,2.5130,0
42536,2.1612,0
42537,2.2798,0
42538,2.2143,0
42539,2.2404,0
42540,2.4381,0
42541,2.3023,0
42542,2.6443,0
42543,2.3056,0
42544,2.2805,0
42545,2.3969,0
42546,2.4850,0
42547,2.6276,0
42548,2.4177,0
42549,2.4031,0
42550,2.5546,0
42551,2.3543,0
42552,2.6650,0
42553,2.5065,0
42554,2.6150,0
42555,2.5916,0
42556,2.5056,0
42557,2.4790,0
42558,2.4923,0
42559,2.5706,0
42560,3.0231,0
42561,2.6894,0
42562,2.7520,0
42563,2.3329,0
42564,2.2550,0
42565,2.4196,0
42566,2.3615,0
42567,2.6780,0
42568,2.3840,0
42569,2.5266,0
42570,2.4512,0
42571,2.5955,0
42572,2.6675,0
42573,2.7213,0
42574,2.9043,0
42575,2.6019,0
42576,2.7866,0
42577,2.5645,0
42578,2.5700,0
42579,2.2229,0
42580,2.4386,0
42581,2.6164,0
42582,2.3297,0
42583,2.3511,0
42584,2.4347,0
42585,2.6144,0
42586,2.4802,0
42587,2.2762,0
42588,2.4064,0
42589,2.6494,0
42590,2.7020,0
42591,2.5645,0
42592,2.3632,0
42593,2.3794,0
42594,2.4430,0
42595,2.9874,0
42596,2.5612,0
42597,2.3022,0
42598,2.3961,0
42599,2.3480,0
42600,2.5342,0
42601,2.5114,0
42602,2.3831,0
42603,2.3148,0
42604,2.2131,0
42605,3.0759,0
42606,2.6603,0
42607,2.9666,0
42608,2.9436,0
42609,2.4549,0
42610,2.6193,0
42611,2.4108,0
42612,2.4910,0
42613,2.3677,0
42614,2.2644,0
42615,2.2724,0
42616,2.5356,0
42617,2.6273,0
42618,2.4229,0
42619,2.5172,0
42620,2.0906,0
42621,2.4613,0
42622,2.6853,0
42623,2.6071,0
42624,2.6771,0
42625,2.2199,0
42626,2.2191,0
42627,2.3561,0
42628,2.3548,0
42629,2.7451,0
42630,2.3770,0
42631,2.7453,0
42632,2.4842,0
42633,2.4738,0
42634,2.3382,0
42635,2.3812,0
42636,2.8485,0
42637,2.4605,0
42638,2.3894,0
42639,2.7046,0
42640,2.9834,0
42641,2.8972,0
42642,2.4056,0
42643,2.5728,0
42644,2.5591,0
42645,3.1201,0
42646,2.8215,0
42647,2.8196,0
42648,2.6173,0
42649,2.6434,0
42650,2.7104,0
42651,2.8017,0
42652,2.9710,0
42653,2.6159,0
42654,2.7224,0
42655,2.7040,0
42656,2.5007,0
42657,2.6540,0
42658,2.6070,0
42659,2.6715,0
42660,2.6183,0
42661,2.6593,0
42662,2.5349,0
42663,3.0460,0
42664,2.8540,0
42665,2.8244,0
42666,2.4470,0
42667,2.8184,0
42668,2.6040,0
42669,2.7717,0
42670,2.7411,0
42671,2.6389,0
42672,2.9393,0
42673,3.1105,0
42674,2.6753,0
42675,2.7347,0
42676,2.4828,0
42677,2.8148,0
42678,2.6928,0
42679,3.0325,0
42680,2.5644,0
42681,2.8460,0
42682,2.5499,0
42683,2.6990,0
42684,2.4873,0
42685,2.7769,0
42686,2.6894,0
42687,2.7329,0
42688,2.7005,0
42689,2.8006,0
42690,2.7974,0
42691,2.4303,0
42692,2.5434,0
42693,3.0914,0
42694,2.6274,0
42695,2.8133,0
42696,2.7193,0
42697,2.6010,0
42698,2.5788,0
42699,2.9957,0
42700,2.8920,0
42701,2.7342,0
42702,2.8273,0
42703,2.6231,0
42704,2.4253,0
42705,2.6505,0
42706,2.4194,0
42707,2.8241,0
42708,2.7813,0
42709,2.7244,0
42710,2.6592,0
42711,2.4051,0
42712,2.6127,0
42713,2.8594,0
42714,2.8298,0
42715,3.0843,0
42716,3.0259,0
42717,2.7758,0
42718,2.8767,0
42719,2.7871,0
42720,2.5076,0
42721,2.4895,0
42722,2.7179,0
42723,2.3232,0
42724,2.4456,0
42725,2.3276,0
42726,2.4341,0
42727,2.2623,0
42728,2.4823,0
42729,2.5328,0
42730,2.2652,0
42731,2.3055,0
42732,2.2852,0
42733,2.5598,0
42734,2.3709,0
42735,2.6158,0
42736,2.4254,0
42737,2.2914,0
42738,2.8062,0
42739,2.3828,0
42740,2.4290,0
42741,2.2690,0
42742,2.3308,0
42743,2.3594,0
42744,2.2749,0
42745,2.4912,0
42746,2.3599,0
42747,2.3200,0
42748,2.4593,0
42749,2.3199,0
42750,2.3491,0
42751,2.4974,0
42752,2.3264,0
42753,2.2562,0
42754,2.3580,0
42755,2.6455,0
42756,2.5956,0
42757,2.4587,0
42758,2.3790,0
42759,2.3654,0
42760,2.4846,0
42761,2.5954,0
42762,2.3919,0
42763,2.4800,0
42764,2.4184,0
42765,2.3655,0
42766,2.4856,0
42767,2.2759,0
42768,2.3286,0
42769,2.4006,0
42770,2.6267,0
42771,2.5217,0
42772,2.3457,0
42773,2.7356,0
42774,2.8918,0
42775,2.9032,0
42776,2.5531,0
42777,2.6019,0
42778,2.7922,0
42779,2.4000,0
42780,2.8980,0
42781,2.5304,0
42782,2.4160,0
42783,2.3743,0
42784,2.4574,0
42785,2.5235,0
42786,2.4191,0
42787,2.5643,0
42788,2.5506,0
42789,2.5128,0
42790,3.1703,0
42791,2.3084,0
42792,2.5055,0
42793,2.3124,0
42794,2.4372,0
42795,2.4533,0
42796,2.5036,0
42797,2.3538,0
42798,2.3199,0
42799,2.2325,0
42800,2.3125,0
42801,2.2516,0
42802,2.7268,0
42803,2.5300,0
42804,2.4773,0
42805,2.3296,0
42806,3.5449,0
42807,2.6523,0
42808,2.4067,0
42809,2.3712,0
42810,2.5055,0
42811,2.5878,0
42812,2.4152,0
42813,2.4515,0
42814,2.5412,0
42815,2.4587,0
42816,2.5184,0
42817,3.1572,0
42818,2.6965,0
42819,2.9541,0
42820,2.5570,0
42821,2.4387,0
42822,2.3054,0
42823,2.5237,0
42824,2.5338,0
42825,2.5323,0
42826,2.7425,0
42827,2.5161,0
42828,2.2900,0
42829,2.4987,0
42830,2.3586,0
42831,2.8053,0
42832,2.6132,0
42833,2.4418,0
42834,2.5251,0
42835,2.6896,0
42836,3.0502,0
42837,3.0369,0
42838,2.5475,0
42839,2.7239,0
42840,2.5725,0
42841,2.5845,0
42842,2.7630,0
42843,2.6153,0
42844,2.5783,0
42845,2.6930,0
42846,2.7322,0
42847,2.5195,0
42848,2.5987,0
42849,2.5798,0
42850,2.4169,0
42851,2.3017,0
42852,2.7938,0
42853,2.4165,0
42854,2.2780,0
42855,2.9729,0
42856,2.5015,0
42857,2.6510,0
42858,2.3426,0
42859,2.3678,0
42860,2.4867,0
42861,2.5518,0
42862,2.5209,0
42863,2.1914,0
42864,2.1362,0
42865,2.8115,0
42866,2.3337,0
42867,2.4252,0
42868,2.4862,0
42869,2.2530,0
42870,2.4208,0
42871,2.3335,0
42872,2.4958,0
42873,2.3964,0
42874,2.3238,0
42875,2.4926,0
42876,2.4716,0
42877,2.3609,0
42878,2.4068,0
42879,2.4645,0
42880,2.3529,0
42881,2.3283,0
42882,2.9000,0
42883,2.4506,0
42884,2.3354,0
42885,2.4432,0
42886,2.7068,0
42887,2.5677,0
42888,2.2509,0
42889,2.5410,0
42890,2.4821,0
42891,2.5262,0
42892,3.0852,0
42893,2.5686,0
42894,2.6562,0
42895,2.2889,0
42896,2.4696,0
42897,2.4555,0
42898,2.3100,0
42899,2.9299,0
42900,2.3991,0
42901,2.4622,0
42902,2.5196,0
42903,2.6011,0
42904,2.8646,0
42905,2.5194,0
42906,2.5948,0
42907,2.3514,0
42908,2.3904,0
42909,2.6034,0
42910,2.2704,0
42911,2.4988,0
42912,2.4592,0
42913,2.3703,0
42914,2.3878,0
42915,2.4990,0
42916,2.6721,0
42917,2.8361,0
42918,2.5653,0
42919,2.5742,0
42920,2.5244,0
42921,2.7700,0
42922,2.7553,0
42923,2.3215,0
42924,2.3636,0
42925,2.3867,0
42926,2.3260,0
42927,2.4029,0
42928,2.3261,0
42929,2.3984,0
42930,2.6017,0
42931,2.3982,0
42932,2.5469,0
42933,2.9541,0
42934,2.2837,0
42935,2.5186,0
42936,2.2935,0
42937,2.3191,0
42938,2.2957,0
42939,2.2456,0
42940,2.7018,0
42941,2.6398,0
42942,2.3800,0
42943,2.3254,0
42944,2.4420,0
42945,2.8931,0
42946,2.4479,0
42947,2.4149,0
42948,2.6548,0
42949,2.4945,0
42950,2.3608,0
42951,2.5146,0
42952,3.0345,0
42953,2.7010,0
42954,2.2793,0
42955,2.6549,0
42956,2.5775,0
42957,2.3895,0
42958,2.9489,0
42959,2.3571,0
42960,2.2588,0
42961,2.2771,0
42962,2.2774,0
42963,2.5893,0
42964,2.3594,0
42965,2.8804,0
42966,2.4625,0
42967,2.4102,0
42968,2.4816,0
42969,2.4858,0
42970,2.6249,0
42971,2.7274,0
42972,2.5301,0
42973,2.6729,0
42974,2.5658,0
42975,2.8303,0
42976,2.7340,0
42977,2.5714,0
42978,2.4995,0
42979,2.4877,0
42980,2.7449,0
42981,2.4475,0
42982,3.2679,0
42983,2.3194,0
42984,2.3684,0
42985,2.4606,0
42986,2.8380,0
42987,2.7440,0
42988,2.5205,0
42989,2.6090,0
42990,2.3467,0
42991,2.3822,0
42992,2.6399,0
42993,2.5014,0
42994,2.3420,0
42995,2.5877,0
42996,2.7688,0
42997,2.3626,0
42998,2.4229,0
42999,2.4547,0
43000,2.4590,0
43001,3.0451,0
43002,2.3859,0
43003,2.4998,0
43004,2.5919,0
43005,2.6874,0
43006,2.2862,0
43007,2.2179,0
43008,2.7958,0
43009,2.4280,0
43010,2.5956,0
43011,2.2868,0
43012,2.8064,0
43013,2.5722,0
43014,2.5546,0
43015,2.4251,0
43016,2.6267,0
43017,2.5388,0
43018,2.3306,0
43019,2.5510,0
43020,2.3317,0
43021,2.8691,0
43022,2.5603,0
43023,2.4942,0
43024,2.4821,0
43025,2.3980,0
43026,2.6641,0
43027,4.0392,0
43028,3.1879,0
43029,3.3324,0
43030,4.0029,0
43031,2.7130,0
43032,2.4413,0
43033,2.6075,0
43034,2.7460,0
43035,2.6048,0
43036,3.0665,0
43037,3.2006,0
43038,2.4359,0
43039,2.6464,0
43040,2.6623,0
43041,2.4821,0
43042,2.8866,0
43043,2.8617,0
43044,3.0691,0
43045,2.5247,0
43046,2.3886,0
43047,2.2460,0
43048,2.7208,0
43049,2.8252,0
43050,2.5611,0
43051,2.4562,0
43052,2.3319,0
43053,2.2614,0
43054,2.4122,0
43055,2.3856,0
43056,2.5725,0
43057,2.5846,0
43058,2.5357,0
43059,2.3523,0
43060,2.3351,0
43061,2.3979,0
43062,2.3079,0
43063,2.5324,0
43064,2.5470,0
43065,2.5440,0
43066,2.4823,0
43067,2.8657,0
43068,2.5958,0
43069,2.5867,0
43070,2.5413,0
43071,2.7760,0
43072,3.1342,0
43073,2.6376,0
43074,2.5436,0
43075,2.5062,0
43076,2.4163,0
43077,2.4904,0
43078,2.6609,0
43079,2.3405,0
43080,2.7272,0
43081,2.4651,0
43082,2.4214,0
43083,2.4500,0
43084,2.7159,0
43085,2.7025,0
43086,2.3595,0
43087,2.4193,0
43088,2.6643,0
43089,2.1603,0
43090,2.6091,0
43091,2.5849,0
43092,2.3750,0
43093,2.6075,0
43094,2.1899,0
43095,2.5954,0
43096,2.1888,0
43097,2.2316,0
43098,2.3699,0
43099,2.3809,0
43100,2.5942,0
43101,2.6440,0
43102,2.7353,0
43103,2.7076,0
43104,2.3936,0
43105,2.2707,0
43106,2.2874,0
43107,2.6278,0
43108,2.4936,0
43109,2.2739,0
43110,2.4306,0
43111,2.4382,0
43112,2.5197,0
43113,2.6515,0
43114,2.5505,0
43115,2.8517,0
43116,2.7042,0
43117,2.5745,0
43118,2.3916,0
43119,2.6791,0
43120,2.7821,0
43121,2.4626,0
43122,2.3512,0
43123,2.1403,0
43124,2.5491,0
43125,2.3420,0
43126,2.3403,0
43127,2.5252,0
43128,2.3184,0
43129,2.5876,0
43130,2.3278,0
43131,2.2574,0
43132,2.6480,0
43133,2.4439,0
43134,2.7060,0
43135,2.4349,0
43136,2.3207,0
43137,2.2713,0
43138,2.2150,0
43139,2.4680,0
43140,2.6501,0
43141,2.7453,0
43142,2.5111,0
43143,2.4185,0
43144,2.4040,0
43145,2.3394,0
43146,2.3238,0
43147,2.5054,0
43148,2.5233,0
43149,2.4729,0
43150,2.3687,0
43151,2.5682,0
43152,2.4007,0
43153,2.8977,0
43154,2.3641,0
43155,2.4991,0
43156,2.5619,0
43157,2.3490,0
43158,2.7103,0
43159,2.7589,0
43160,2.5497,0
43161,2.9073,0
43162,2.6249,0
43163,2.2473,0
43164,2.5028,0
43165,2.3804,0
43166,2.4970,0
43167,2.4869,0
43168,2.3140,0
43169,2.4187,0
43170,2.2372,0
43171,2.5035,0
43172,2.3713,0
43173,2.5869,0
43174,2.3076,0
43175,2.3237,0
43176,2.7967,0
43177,2.4361,0
43178,2.3814,0
43179,2.2626,0
43180,2.2917,0
43181,2.4176,0
43182,2.2923,0
43183,2.7589,0
43184,2.6427,0
43185,2.5922,0
43186,2.7230,0
43187,2.4883,0
43188,2.6696,0
43189,2.3335,0
43190,2.3816,0
43191,2.5835,0
43192,2.5548,0
43193,2.8081,0
43194,2.5125,0
43195,2.2614,0
43196,2.7168,0
43197,2.6456,0
43198,2.2959,0
43199,2.9766,0
43200,2.7635,0
43201,2.4032,0
43202,2.4981,0
43203,2.4434,0
43204,2.5423,0
43205,2.4752,0
43206,2.3105,0
43207,2.3409,0
43208,2.2651,0
43209,2.4764,0
43210,2.4236,0
43211,2.3956,0
43212,2.3005,0
43213,2.5292,0
43214,2.5262,0
43215,2.4268,0
43216,2.8753,0
43217,2.8449,0
43218,2.5933,0
43219,2.4906,0
43220,2.4919,0
43221,2.3862,0
43222,2.3735,0
43223,2.4558,0
43224,2.9780,0
43225,2.4801,0
43226,2.3513,0
43227,2.4041,0
43228,2.3166,0
43229,2.6648,0
43230,2.3714,0
43231,2.3462,0
43232,2.5134,0
43233,2.3691,0
43234,2.6566,0
43235,2.5944,0
43236,2.4901,0
43237,2.4015,0
43238,2.4427,0
43239,2.7501,0
43240,2.4845,0
43241,2.4972,0
43242,2.3987,0
43243,2.5141,0
43244,2.9064,0
43245,2.6971,0
43246,2.4136,0
43247,2.5234,0
43248,2.2918,0
43249,2.6399,0
43250,2.3531,0
43251,2.8239,0
43252,2.7478,0
43253,2.5782,0
43254,2.5860,0
43255,2.3032,0
43256,2.2833,0
43257,2.4509,0
43258,2.7754,0
43259,2.4046,0
43260,2.7327,0
43261,2.5753,0
43262,2.3021,0
43263,2.3340,0
43264,2.5249,0
43265,2.3273,0
43266,2.5012,0
43267,2.9502,0
43268,2.4717,0
43269,2.4255,0
43270,2.9766,0
43271,2.9970,0
43272,2.3981,0
43273,2.6757,0
43274,2.6070,0
43275,2.4932,0
43276,2.4280,0
43277,2.8878,0
43278,2.3968,0
43279,2.3523,0
43280,2.3273,0
43281,2.3144,0
43282,2.7231,0
43283,2.4178,0
43284,2.3168,0
43285,2.8021,0
43286,2.2470,0
43287,2.3510,0
43288,2.9845,0
43289,2.6150,0
43290,2.6430,0
43291,2.8530,0
43292,2.9975,0
43293,2.5406,0
43294,2.5768,0
43295,2.7096,0
43296,2.4916,0
43297,2.5302,0
43298,2.3327,0
43299,2.7077,0
43300,2.3432,0
43301,2.7636,0
43302,2.4041,0
43303,2.3972,0
43304,2.6880,0
43305,2.9573,0
43306,2.5086,0
43307,2.4094,0
43308,2.8728,0
43309,2.5369,0
43310,2.3459,0
43311,3.0995,0
43312,2.5372,0
43313,2.7556,0
43314,2.6142,0
43315,2.5811,0
43316,2.5106,0
43317,2.8010,0
43318,2.6343,0
43319,2.7927,0
43320,2.6935,0
43321,2.5657,0
43322,2.9588,0
43323,2.7917,0
43324,2.4885,0
43325,2.5372,0
43326,2.6106,0
43327,2.5933,0
43328,2.8389,0
43329,2.6973,0
43330,2.7416,0
43331,2.6932,0
43332,2.8843,0
43333,3.1404,0
43334,2.8008,0
43335,3.0317,0
43336,2.7745,0
43337,2.9071,0
43338,3.2227,0
43339,2.9657,0
43340,2.8021,0
43341,2.8021,0
43342,3.2613,0
43343,2.6697,0
43344,2.7557,0
43345,2.7621,0
43346,2.6059,0
43347,2.6715,0
43348,2.6872,0
43349,2.8318,0
43350,3.0535,0
43351,2.7132,0
43352,2.9525,0
43353,2.8502,0
43354,2.6233,0
43355,2.4506,0
43356,2.9078,0
43357,3.0160,0
43358,2.8059,0
43359,2.8781,0
43360,2.5819,0
43361,2.5358,0
43362,3.0372,0
43363,2.6623,0
43364,2.6222,0
43365,2.7599,0
43366,2.5097,0
43367,2.5028,0
43368,2.9948,0
43369,2.9104,0
43370,2.7177,0
43371,2.7209,0
43372,2.6551,0
43373,2.9274,0
43374,3.2533,0
43375,2.6654,0
43376,2.8967,0
43377,2.7004,0
43378,2.9430,0
43379,2.5665,0
43380,2.7127,0
43381,3.0406,0
43382,2.6490,0
43383,2.5976,0
43384,2.4132,0
43385,3.1036,0
43386,3.0052,0
43387,2.7314,0
43388,2.9380,0
43389,2.7702,0
43390,2.6574,0
43391,2.6235,0
43392,2.5243,0
43393,2.7242,0
43394,2.5430,0
43395,2.3880,0
43396,2.6594,0
43397,2.4322,0
43398,2.3767,0
43399,2.8555,0
43400,2.6778,0
43401,2.6966,0
43402,2.6168,0
43403,2.5305,0
43404,2.3849,0
43405,2.6807,0
43406,2.2324,0
43407,2.5799,0
43408,2.7721,0
43409,3.3046,0
43410,2.6642,0
43411,2.8559,0
43412,2.5529,0
43413,2.7318,0
43414,2.9729,0
43415,2.7059,0
43416,2.6483,0
43417,2.5731,0
43418,2.6210,0
43419,2.8100,0
43420,2.8840,0
43421,2.5148,0
43422,2.6025,0
43423,2.7027,0
43424,2.4391,0
43425,2.6095,0
43426,2.4883,0
43427,2.3890,0
43428,2.4463,0
43429,2.4968,0
43430,2.4805,0
43431,2.1919,0
43432,2.7672,0
43433,2.6043,0
43434,2.4533,0
43435,2.4156,0
43436,2.6417,0
43437,2.6596,0
43438,2.6126,0
43439,2.5113,0
43440,2.8841,0
43441,2.4634,0
43442,2.4117,0
43443,2.2602,0
43444,2.7349,0
43445,2.6765,0
43446,2.4460,0
43447,2.2982,0
43448,2.6352,0
43449,2.4632,0
43450,2.3814,0
43451,2.4698,0
43452,2.6930,0
43453,2.5575,0
43454,2.3452,0
43455,2.5513,0
43456,2.2485,0
43457,2.3294,0
43458,2.4842,0
43459,2.3157,0
43460,3.0521,0
43461,2.4143,0
43462,2.5706,0
43463,3.1361,0
43464,2.8789,0
43465,2.3927,0
43466,2.7284,0
43467,2.6306,0
43468,2.6300,0
43469,2.4855,0
43470,2.4878,0
43471,2.5591,0
43472,2.5856,0
43473,2.4500,0
43474,2.5884,0
43475,2.6656,0
43476,2.4573,0
43477,2.4593,0
43478,2.4942,0
43479,2.5186,0
43480,2.4182,0
43481,2.6659,0
43482,2.6547,0
43483,2.6396,0
43484,2.7812,0
43485,2.6835,0
43486,2.6877,0
43487,2.5844,0
43488,2.7867,0
43489,2.3683,0
43490,2.3013,0
43491,2.5318,0
43492,2.6582,0
43493,2.2298,0
43494,2.5825,0
43495,2.3542,0
43496,2.2746,0
43497,2.4442,0
43498,2.3359,0
43499,2.6089,0
43500,2.3150,0
43501,2.5483,0
43502,2.9581,0
43503,2.7082,0
43504,2.4802,0
43505,2.6792,0
43506,2.5433,0
43507,2.5624,0
43508,2.4755,0
43509,2.4407,0
43510,2.4885,0
43511,2.5119,0
43512,2.5534,0
43513,2.4446,0
43514,2.5359,0
43515,2.4770,0
43516,2.3541,0
43517,2.4157,0
43518,2.3852,0
43519,2.3804,0
43520,2.4281,0
43521,2.4690,0
43522,2.7313,0
43523,2.6358,0
43524,2.6861,0
43525,2.4966,0
43526,2.3428,0
43527,2.3908,0
43528,2.4168,0
43529,2.4649,0
43530,2.3644,0
43531,2.5274,0
43532,2.3501,0
43533,2.2847,0
43534,2.3370,0
43535,2.4331,0
43536,2.5729,0
43537,2.3719,0
43538,2.5700,0
43539,2.7035,0
43540,2.7128,0
43541,2.4280,0
43542,2.3678,0
43543,2.7087,0
43544,2.3450,0
43545,2.2909,0
43546,2.3702,0
43547,2.3815,0
43548,2.4515,0
43549,2.5481,0
43550,2.3900,0
43551,2.4957,0
43552,2.4706,0
43553,2.5508,0
43554,2.2333,0
43555,2.4691,0
43556,2.4002,0
43557,2.4884,0
43558,2.5488,0
43559,2.6800,0
43560,2.4834,0
43561,2.6065,0
43562,2.5371,0
43563,2.6029,0
43564,2.7064,0
43565,2.3784,0
43566,2.3757,0
43567,3.1500,0
43568,2.5540,0
43569,2.5170,0
43570,2.3554,0
43571,2.3595,0
43572,2.5139,0
43573,2.3333,0
43574,2.5181,0
43575,2.5716,0
43576,2.4715,0
43577,2.3199,0
43578,2.3079,0
43579,2.5743,0
43580,2.4471,0
43581,2.6764,0
43582,2.2002,0
43583,2.2300,0
43584,2.5933,0
43585,2.3586,0
43586,2.4260,0
43587,2.5271,0
43588,2.5516,0
43589,2.4680,0
43590,2.5054,0
43591,2.4970,0
43592,2.5302,0
43593,2.5594,0
43594,2.6364,0
43595,2.4643,0
43596,2.6224,0
43597,2.9421,0
43598,2.4514,0
43599,3.2078,0
43600,2.4141,0
43601,2.7612,0
43602,3.3898,0
43603,2.5309,0
43604,2.2644,0
43605,2.9717,0
43606,2.6391,0
43607,2.5111,0
43608,2.2968,0
43609,2.2063,0
43610,2.7478,0
43611,2.6819,0
43612,2.2843,0
43613,2.3286,0
43614,2.4286,0
43615,2.4836,0
43616,2.3837,0
43617,2.6115,0
43618,2.3883,0
43619,2.7873,0
43620,2.4484,0
43621,2.4703,0
43622,2.2702,0
43623,2.5025,0
43624,2.5594,0
43625,2.5940,0
43626,2.2138,0
43627,2.5451,0
43628,2.5042,0
43629,2.3754,0
43630,2.3756,0
43631,2.3963,0
43632,2.4337,0
43633,2.4184,0
43634,2.3901,0
43635,2.4143,0
43636,2.5508,0
43637,2.7137,0
43638,2.8444,0
43639,2.9910,0
43640,2.6254,0
43641,2.4402,0
43642,2.5913,0
43643,2.4930,0
43644,2.4792,0
43645,2.3458,0
43646,2.2301,0
43647,2.4581,0
43648,2.6401,0
43649,2.2877,0
43650,2.4616,0
43651,2.6578,0
43652,2.3571,0
43653,2.2047,0
43654,2.3088,0
43655,2.5189,0
43656,2.4958,0
43657,2.7181,0
43658,2.5314,0
43659,2.3692,0
43660,2.4577,0
43661,2.5228,0
43662,2.6139,0
43663,2.5608,0
43664,2.7027,0
43665,2.4018,0
43666,2.4411,0
43667,2.3333,0
43668,2.3722,0
43669,2.4599,0
43670,2.5908,0
43671,2.5216,0
43672,2.4227,0
43673,2.8874,0
43674,2.7522,0
43675,2.4950,0
43676,2.1328,0
43677,2.6361,0
43678,2.5503,0
43679,2.3414,0
43680,2.4967,0
43681,2.3177,0
43682,2.5857,0
43683,2.4400,0
43684,2.3740,0
43685,2.3593,0
43686,2.2531,0
43687,2.4322,0
43688,2.2913,0
43689,2.5650,0
43690,2.5905,0
43691,2.5828,0
43692,2.8450,0
43693,2.3227,0
43694,2.4446,0
43695,2.3858,0
43696,2.6751,0
43697,2.5352,0
43698,2.5651,0
43699,2.4868,0
43700,2.3799,0
43701,2.7982,0
43702,2.4012,0
43703,2.4648,0
43704,2.8131,0
43705,2.5344,0
43706,2.7598,0
43707,2.7938,0
43708,2.3157,0
43709,2.3786,0
43710,2.8213,0
43711,2.3540,0
43712,2.3071,0
43713,2.4256,0
43714,2.9831,0
43715,2.4021,0
43716,2.2940,0
43717,2.4425,0
43718,2.4296,0
43719,2.4232,0
43720,2.4940,0
43721,2.4790,0
43722,2.4010,0
43723,2.3532,0
43724,2.3565,0
43725,2.8955,0
43726,2.2752,0
43727,2.3666,0
43728,2.3829,0
43729,2.4995,0
43730,2.5920,0
43731,2.3542,0
43732,2.2493,0
43733,2.4262,0
43734,2.5477,0
43735,2.3830,0
43736,2.3837,0
43737,2.6075,0
43738,2.5762,0
43739,2.7495,0
43740,2.5197,0
43741,2.3737,0
43742,3.0942,0
43743,2.9146,0
43744,2.6263,0
43745,2.5622,0
43746,2.4124,0
43747,2.8232,0
43748,2.3911,0
43749,2.3328,0
43750,2.8515,0
43751,2.2721,0
43752,2.6312,0
43753,2.2354,0
43754,2.4209,0
43755,2.3261,0
43756,2.3760,0
43757,2.5226,0
43758,2.5044,0
43759,2.6518,0
43760,3.1364,0
43761,2.5849,0
43762,2.4867,0
43763,2.2306,0
43764,2.5221,0
43765,2.4506,0
43766,2.6187,0
43767,2.6156,0
43768,2.6713,0
43769,2.7189,0
43770,2.5734,0
43771,2.2514,0
43772,2.5396,0
43773,2.4009,0
43774,2.6645,0
43775,2.4574,0
43776,2.2755,0
43777,2.4422,0
43778,2.3495,0
43779,2.4377,0
43780,2.5803,0
43781,2.5033,0
43782,2.4558,0
43783,2.3023,0
43784,2.5067,0
43785,2.7690,0
43786,2.5320,0
43787,2.5883,0
43788,2.7278,0
43789,2.5872,0
43790,2.4080,0
43791,2.5253,0
43792,2.6301,0
43793,2.6036,0
43794,2.4890,0
43795,2.6544,0
43796,2.7104,0
43797,2.6874,0
43798,2.7125,0
43799,2.4400,0
43800,2.7913,0
43801,2.6699,0
43802,2.3487,0
43803,2.6067,0
43804,2.2696,0
43805,2.1642,0
43806,2.7580,0
43807,2.2060,0
43808,2.4701,0
43809,2.3241,0
43810,2.5345,0
43811,2.8519,0
43812,2.2262,0
43813,2.4802,0
43814,2.4310,0
43815,2.4804,0
43816,2.6337,0
43817,2.5386,0
43818,2.5564,0
43819,2.7265,0
43820,2.6052,0
43821,2.4827,0
43822,2.6458,0
43823,2.6199,0
43824,2.7030,0
43825,2.6267,0
43826,2.6417,0
43827,2.4840,0
43828,2.5543,0
43829,2.6026,0
43830,2.3520,0
43831,2.9392,0
43832,2.6285,0
43833,2.1815,0
43834,2.5215,0
43835,2.5556,0
43836,2.6849,0
43837,2.3016,0
43838,2.5414,0
43839,2.1374,0
43840,2.4216,0
43841,2.5152,0
43842,2.7475,0
43843,3.0246,0
43844,2.7175,0
43845,2.8545,0
43846,3.6483,0
43847,2.9128,0
43848,3.0387,0
43849,3.0027,0
43850,3.0291,0
43851,2.9516,0
43852,2.9951,0
43853,3.6762,0
43854,3.7378,0
43855,2.7983,0
43856,3.6439,0
43857,2.8467,0
43858,2.7704,0
43859,3.2298,0
43860,3.0827,0
43861,2.7509,0
43862,2.8827,0
43863,3.0416,0
43864,3.0451,0
43865,3.2108,0
43866,2.9840,0
43867,3.4999,0
43868,3.7439,0
43869,3.7217,0
43870,3.3765,0
43871,3.9261,0
43872,3.9524,0
43873,3.7039,0
43874,3.8827,0
43875,3.5615,0
43876,3.6345,0
43877,4.1097,0
43878,3.8732,0
43879,3.5580,0
43880,4.3282,0
43881,4.3568,0
43882,4.2728,0
43883,4.0925,0
43884,3.9299,0
43885,3.5604,0
43886,3.2949,0
43887,3.5681,0
43888,3.6441,0
43889,3.6186,0
43890,2.9864,0
43891,4.0653,0
43892,2.9379,0
43893,4.2119,0
43894,3.4432,0
43895,3.2803,0
43896,3.6658,0
43897,3.4665,0
43898,3.8260,0
43899,2.9889,0
43900,3.5252,0
43901,2.9891,0
43902,3.3155,0
43903,3.5671,0
43904,2.9979,0
43905,3.1349,0
43906,3.2307,0
43907,3.2152,0
43908,3.5443,0
43909,2.9027,0
43910,3.3946,0
43911,3.1218,0
43912,3.2334,0
43913,3.2128,0
43914,3.0996,0
43915,3.4144,0
43916,3.1585,0
43917,3.2654,0
43918,3.9388,0
43919,3.8203,0
43920,3.4410,0
43921,3.5155,0
43922,3.3790,0
43923,3.6116,0
43924,3.6908,0
43925,3.7166,0
43926,3.8950,0
43927,3.9718,0
43928,3.7230,0
43929,4.2995,0
43930,4.0377,0
43931,4.4006,0
43932,5.3178,0
43933,4.2531,0
43934,4.8131,0
43935,4.2904,0
43936,3.5985,0
43937,3.0448,0
43938,3.7502,0
43939,4.2155,0
43940,4.7002,0
43941,4.0359,0
43942,3.6357,0
43943,3.7426,0
43944,3.4888,0
43945,3.9132,0
43946,3.4794,0
43947,3.5620,0
43948,3.5528,0
43949,3.4186,0
43950,3.2496,0
43951,3.2749,0
43952,3.7211,0
43953,3.8565,0
43954,4.2366,0
43955,3.4295,0
43956,3.6393,0
43957,3.5242,0
43958,3.3923,0
43959,3.4926,0
43960,3.5609,0
43961,3.2354,0
43962,3.6318,0
43963,3.2398,0
43964,3.3166,0
43965,3.1741,0
43966,2.9453,0
43967,3.3813,0
43968,3.3056,0
43969,3.3738,0
43970,3.6938,0
43971,3.3165,0
43972,2.7440,0
43973,3.6647,0
43974,4.3697,0
43975,3.5923,0
43976,3.5958,0
43977,3.7917,0
43978,4.1145,0
43979,3.7475,0
43980,2.5589,0
43981,3.8504,0
43982,3.5140,0
43983,3.6816,0
43984,3.4594,0
43985,3.9525,0
43986,3.5474,0
43987,3.5403,0
43988,3.5049,0
43989,3.3815,0
43990,3.5744,0
43991,4.3467,0
43992,3.9297,0
43993,2.5409,0
43994,3.5418,0
43995,3.3599,0
43996,3.6744,0
43997,3.1191,0
43998,4.1884,0
43999,3.6361,0
44000,4.2823,0
44001,4.6074,0
44002,3.3162,0
44003,3.6195,0
44004,3.0161,0
44005,4.1180,0
44006,4.0731,0
44007,4.1198,0
44008,3.6245,0
44009,3.5730,0
44010,3.3697,0
44011,4.4911,0
44012,3.8054,0
44013,3.7601,0
44014,3.2248,0
44015,3.6626,0
44016,4.2731,0
44017,3.4775,0
44018,4.5722,0
44019,4.0366,0
44020,4.0677,0
44021,3.5504,0
44022,3.1721,0
44023,3.5946,0
44024,3.3418,0
44025,3.2123,0
44026,3.6953,0
44027,3.7561,0
44028,4.0272,0
44029,3.7402,0
44030,3.9931,0
44031,3.3403,0
44032,3.5694,0
44033,3.1524,0
44034,2.8266,0
44035,2.6557,0
44036,3.0599,0
44037,2.7514,0
44038,2.8412,0
44039,3.1316,0
44040,2.9668,0
44041,3.0959,0
44042,3.4684,0
44043,3.1047,0
44044,3.2005,0
44045,2.9233,0
44046,3.1015,0
44047,2.8269,0
44048,2.7014,0
44049,2.7617,0
44050,2.4341,0
44051,2.7281,0
44052,2.7100,0
44053,2.5912,0
44054,2.9364,0
44055,3.1870,0
44056,3.1973,0
44057,3.0021,0
44058,3.3159,0
44059,3.2218,0
44060,3.6881,0
44061,3.2177,0
44062,3.0884,0
44063,3.1782,0
44064,3.2787,0
44065,3.2251,0
44066,2.9248,0
44067,3.0225,0
44068,3.0110,0
44069,2.9117,0
44070,2.8875,0
44071,3.2435,0
44072,2.9171,0
44073,3.0742,0
44074,2.7329,0
44075,2.6266,0
44076,3.3369,0
44077,3.2853,0
44078,2.9105,0
44079,3.2749,0
44080,4.0967,0
44081,3.5636,0
44082,4.2237,0
44083,3.4063,0
44084,3.8103,0
44085,3.8254,0
44086,3.5752,0
44087,3.4940,0
44088,3.6914,0
44089,4.0311,0
44090,3.4150,0
44091,3.2138,0
44092,2.9631,0
44093,2.9547,0
44094,3.0566,0
44095,3.7978,0
44096,2.9679,0
44097,2.9690,0
44098,3.2473,0
44099,3.3357,0
44100,3.2333,0
44101,2.7701,0
44102,3.5357,0
44103,3.3961,0
44104,3.4502,0
44105,3.2402,0
44106,2.9475,0
44107,2.9355,0
44108,3.0477,0
44109,2.5921,0
44110,3.2209,0
44111,2.5703,0
44112,3.2311,0
44113,3.0463,0
44114,2.9542,0
44115,3.2465,0
44116,2.4968,0
44117,3.0200,0
44118,2.6167,0
44119,2.8656,0
44120,2.7506,0
44121,2.6951,0
44122,2.7418,0
44123,2.5027,0
44124,2.9620,0
44125,2.5374,0
44126,2.6621,0
44127,2.5577,0
44128,2.5429,0
44129,2.8624,0
44130,2.8195,0
44131,3.1049,0
44132,3.2095,0
44133,3.1394,0
44134,3.2017,0
44135,3.2685,0
44136,3.2237,0
44137,2.8459,0
44138,3.0815,0
44139,2.8456,0
44140,3.0245,0
44141,2.7922,0
44142,3.1344,0
44143,2.9495,0
44144,3.1229,0
44145,2.9855,0
44146,3.1000,0
44147,3.2364,0
44148,3.1034,0
44149,3.5996,0
44150,3.1983,0
44151,2.6648,0
44152,3.2000,0
44153,2.9410,0
44154,2.9575,0
44155,3.0922,0
44156,2.5954,0
44157,3.0176,0
44158,2.7194,0
44159,3.0330,0
44160,2.4893,0
44161,3.0603,0
44162,3.0592,0
44163,2.9306,0
44164,2.7119,0
44165,2.9094,0
44166,2.9376,0
44167,3.2144,0
44168,2.8161,0
44169,2.9326,0
44170,2.8116,0
44171,2.9008,0
44172,2.3642,0
44173,2.5555,0
44174,2.3244,0
44175,2.4322,0
44176,2.0580,0
44177,2.4514,0
44178,2.1790,0
44179,2.4641,0
44180,2.2933,0
44181,2.3853,0
44182,2.5551,0
44183,2.4857,0
44184,2.7543,0
44185,2.5722,0
44186,2.6785,0
44187,2.6554,0
44188,2.7151,0
44189,2.7775,0
44190,2.6513,0
44191,2.3742,0
44192,2.4517,0
44193,2.5748,0
44194,2.4660,0
44195,2.5228,0
44196,2.8890,0
44197,2.6858,0
44198,2.4922,0
44199,2.4006,0
44200,2.3010,0
44201,2.3632,0
44202,2.5049,0
44203,2.5686,0
44204,2.3780,0
44205,3.0533,0
44206,2.6231,0
44207,2.2679,0
44208,3.3582,0
44209,2.3209,0
44210,2.2495,0
44211,2.3089,0
44212,2.2635,0
44213,2.4715,0
44214,2.3064,0
44215,2.7806,0
44216,2.5940,0
44217,3.1610,0
44218,2.5513,0
44219,2.4749,0
44220,2.4226,0
44221,2.5726,0
44222,2.3163,0
44223,3.2525,0
44224,2.3527,0
44225,2.4868,0
44226,2.4261,0
44227,3.2040,0
44228,3.1033,0
44229,3.9481,0
44230,3.1451,0
44231,2.5316,0
44232,2.4514,0
44233,3.2375,0
44234,2.4612,0
44235,3.2120,0
44236,2.9488,0
44237,2.6535,0
44238,3.1051,0
44239,2.7609,0
44240,2.6318,0
44241,3.3506,0
44242,2.3570,0
44243,2.7292,0
44244,2.5400,0
44245,2.5495,0
44246,2.4712,0
44247,2.4111,0
44248,2.8178,0
44249,2.6167,0
44250,2.6784,0
44251,2.8305,0
44252,2.7002,0
44253,2.7215,0
44254,2.7895,0
44255,2.7829,0
44256,2.6275,0
44257,2.9868,0
44258,2.6008,0
44259,2.7391,0
44260,2.9406,0
44261,2.6466,0
44262,2.6349,0
44263,2.9383,0
44264,2.3358,0
44265,2.6630,0
44266,2.7934,0
44267,2.5443,0
44268,3.2440,0
44269,3.1161,0
44270,2.8433,0
44271,3.2872,0
44272,3.0816,0
44273,3.0515,0
44274,3.2131,0
44275,2.9107,0
44276,3.0158,0
44277,3.3971,0
44278,2.7752,0
44279,2.9044,0
44280,2.9198,0
44281,3.1703,0
44282,3.1468,0
44283,3.2143,0
44284,3.4363,0
44285,3.4801,0
44286,3.5272,0
44287,3.2034,0
44288,2.9708,0
44289,2.9564,0
44290,3.2292,0
44291,2.6977,0
44292,3.4352,0
44293,2.4922,0
44294,3.5472,0
44295,2.6979,0
44296,3.1348,0
44297,2.8547,0
44298,3.1769,0
44299,3.0521,0
44300,2.8841,0
44301,2.7599,0
44302,3.1852,0
44303,2.9027,0
44304,3.3101,0
44305,3.2245,0
44306,3.4260,0
44307,3.1782,0
44308,3.0045,0
44309,2.7862,0
44310,3.2139,0
44311,3.2018,0
44312,3.8812,0
44313,2.8640,0
44314,2.7857,0
44315,3.2358,0
44316,3.0059,0
44317,2.7810,0
44318,2.4946,0
44319,3.1974,0
44320,3.5049,0
44321,3.1510,0
44322,2.6696,0
44323,3.0823,0
44324,2.9634,0
44325,3.2859,0
44326,2.3965,0
44327,3.5145,0
44328,2.9638,0
44329,2.8121,0
44330,3.1124,0
44331,3.2223,0
44332,2.9811,0
44333,2.8107,0
44334,2.9229,0
44335,2.5564,0
44336,3.5477,0
44337,2.8259,0
44338,3.2362,0
44339,2.7071,0
44340,3.3087,0
44341,3.8730,0
44342,3.0102,0
44343,2.7758,0
44344,3.1315,0
44345,3.0275,0
44346,3.4729,0
44347,3.1217,0
44348,2.8262,0
44349,2.5927,0
44350,3.1460,0
44351,2.8001,0
44352,3.4058,0
44353,2.6629,0
44354,3.1143,0
44355,2.8005,0
44356,3.1961,0
44357,2.2066,0
44358,2.3671,0
44359,2.4831,0
44360,2.7071,0
44361,2.4232,0
44362,2.4089,0
44363,2.3107,0
44364,2.5068,0
44365,2.3271,0
44366,2.5753,0
44367,2.8393,0
44368,2.3407,0
44369,2.4360,0
44370,2.7250,0
44371,2.6196,0
44372,2.8885,0
44373,3.0200,0
44374,2.5865,0
44375,2.2640,0
44376,2.9312,0
44377,2.7535,0
44378,2.5153,0
44379,2.8464,0
44380,2.5385,0
44381,2.5825,0
44382,2.9791,0
44383,2.3131,0
44384,2.3507,0
44385,2.6596,0
44386,2.2993,0
44387,2.4006,0
44388,2.4195,0
44389,2.8476,0
44390,2.6905,0
44391,2.4961,0
44392,2.2638,0
44393,2.1981,0
44394,3.1160,0
44395,2.7767,0
44396,2.5575,0
44397,2.4933,0
44398,2.2427,0
44399,2.2545,0
44400,2.9741,0
44401,2.5119,0
44402,2.6850,0
44403,2.4760,0
44404,2.3249,0
44405,2.4177,0
44406,2.2999,0
44407,2.5363,0
44408,2.4462,0
44409,2.4077,0
44410,2.9018,0
44411,2.7489,0
44412,3.0509,0
44413,2.5216,0
44414,2.6188,0
44415,2.5769,0
44416,2.7521,0
44417,2.3876,0
44418,2.6480,0
44419,2.7858,0
44420,2.4051,0
44421,2.6291,0
44422,2.2784,0
44423,2.6598,0
44424,2.4100,0
44425,2.3993,0
44426,2.7075,0
44427,2.2387,0
44428,2.7308,0
44429,2.3052,0
44430,2.2988,0
44431,2.7404,0
44432,2.5306,0
44433,2.3264,0
44434,2.6544,0
44435,2.3321,0
44436,2.2333,0
44437,2.2751,0
44438,2.9733,0
44439,2.6499,0
44440,2.7256,0
44441,3.1725,0
44442,2.4404,0
44443,2.9609,0
44444,2.7518,0
44445,2.4139,0
44446,2.2467,0
44447,2.3710,0
44448,2.3425,0
44449,2.3610,0
44450,2.2757,0
44451,2.6065,0
44452,2.5539,0
44453,2.4879,0
44454,2.8390,0
44455,2.6161,0
44456,2.7651,0
44457,2.4938,0
44458,2.7168,0
44459,2.2898,0
44460,2.4761,0
44461,2.3951,0
44462,2.4166,0
44463,2.4633,0
44464,2.4248,0
44465,2.3966,0
44466,2.6326,0
44467,2.9550,0
44468,2.5020,0
44469,2.9698,0
44470,2.5927,0
44471,2.5620,0
44472,2.4471,0
44473,2.3609,0
44474,2.6862,0
44475,2.5843,0
44476,2.3705,0
44477,2.5262,0
44478,2.8615,0
44479,2.5216,0
44480,2.2956,0
44481,2.2722,0
44482,2.2939,0
44483,2.2226,0
44484,2.5266,0
44485,2.6526,0
44486,2.5415,0
44487,2.8352,0
44488,2.3892,0
44489,2.4079,0
44490,2.5087,0
44491,2.5760,0
44492,2.2981,0
44493,2.4820,0
44494,2.4332,0
44495,2.5633,0
44496,2.7860,0
44497,2.7744,0
44498,2.5957,0
44499,2.7211,0
44500,2.3726,0
44501,2.6599,0
44502,2.3463,0
44503,2.3096,0
44504,3.0096,0
44505,2.7696,0
44506,2.4586,0
44507,2.5541,0
44508,2.6550,0
44509,2.7619,0
44510,2.4370,0
44511,2.5906,0
44512,2.5323,0
44513,2.7830,0
44514,2.3988,0
44515,2.3951,0
44516,2.9349,0
44517,2.6490,0
44518,2.3274,0
44519,2.7010,0
44520,2.6347,0
44521,2.6760,0
44522,2.3323,0
44523,2.4934,0
44524,2.5803,0
44525,2.3424,0
44526,2.5078,0
44527,2.2999,0
44528,2.7186,0
44529,2.4824,0
44530,3.0631,0
44531,2.5114,0
44532,2.5254,0
44533,2.4300,0
44534,2.3876,0
44535,2.6626,0
44536,2.5346,0
44537,2.4856,0
44538,2.4840,0
44539,2.6053,0
44540,2.4695,0
44541,2.8256,0
44542,2.5931,0
44543,2.5327,0
44544,2.3686,0
44545,2.8641,0
44546,2.3691,0
44547,2.8027,0
44548,2.5180,0
44549,2.3987,0
44550,2.3891,0
44551,2.4771,0
44552,2.5273,0
44553,2.2118,0
44554,2.7025,0
44555,2.8535,0
44556,2.5675,0
44557,2.1889,0
44558,2.5336,0
44559,3.1173,0
44560,2.8934,0
44561,2.6814,0
44562,2.5408,0
44563,2.3555,0
44564,2.5092,0
44565,2.5182,0
44566,2.6354,0
44567,2.3710,0
44568,2.3949,0
44569,2.5473,0
44570,2.6640,0
44571,2.5798,0
44572,2.7715,0
44573,3.1813,0
44574,2.5762,0
44575,2.9062,0
44576,2.6902,0
44577,2.8558,0
44578,2.4668,0
44579,2.5882,0
44580,2.5777,0
44581,2.5663,0
44582,2.3556,0
44583,2.6717,0
44584,2.3126,0
44585,2.2365,0
44586,2.4368,0
44587,2.6078,0
44588,2.3019,0
44589,2.4543,0
44590,2.6292,0
44591,2.5547,0
44592,2.5422,0
44593,2.4741,0
44594,2.7961,0
44595,2.7408,0
44596,2.7050,0
44597,2.4370,0
44598,2.5629,0
44599,2.3463,0
44600,2.2976,0
44601,2.2868,0
44602,2.4226,0
44603,2.5574,0
44604,2.5986,0
44605,2.7252,0
44606,2.8521,0
44607,3.1059,0
44608,2.5216,0
44609,2.5473,0
44610,2.8033,0
44611,2.5485,0
44612,2.1931,0
44613,2.2726,0
44614,2.4308,0
44615,2.7504,0
44616,2.5656,0
44617,2.4471,0
44618,2.4542,0
44619,2.6056,0
44620,2.9096,0
44621,2.6459,0
44622,2.5245,0
44623,2.9657,0
44624,2.6686,0
44625,2.6048,0
44626,2.7553,0
44627,2.2082,0
44628,2.7802,0
44629,2.4954,0
44630,2.6800,0
44631,2.6092,0
44632,2.7447,0
44633,2.7515,0
44634,2.7257,0
44635,2.3469,0
44636,2.7833,0
44637,2.7982,0
44638,2.4213,0
44639,2.3869,0
44640,2.6307,0
44641,2.7338,0
44642,2.3400,0
44643,2.7264,0
44644,3.0962,0
44645,2.8992,0
44646,2.6467,0
44647,2.6557,0
44648,2.4959,0
44649,2.6571,0
44650,2.4595,0
44651,2.5084,0
44652,2.7677,0
44653,2.6316,0
44654,2.3498,0
44655,2.5799,0
44656,2.3522,0
44657,2.7835,0
44658,2.9925,0
44659,2.4276,0
44660,2.3835,0
44661,2.6612,0
44662,2.6336,0
44663,2.4421,0
44664,2.6068,0
44665,2.7861,0
44666,2.5990,0
44667,2.9947,0
44668,3.1764,0
44669,2.6957,0
44670,2.4292,0
44671,2.7164,0
44672,2.3040,0
44673,2.7278,0
44674,2.7244,0
44675,2.6965,0
44676,2.9187,0
44677,2.5127,0
44678,2.3895,0
44679,2.5149,0
44680,2.3607,0
44681,2.5384,0
44682,3.0033,0
44683,2.5581,0
44684,2.6189,0
44685,2.8597,0
44686,2.9938,0
44687,2.5412,0
44688,2.5447,0
44689,2.6361,0
44690,3.0587,0
44691,2.5478,0
44692,2.3922,0
44693,2.3922,0
44694,2.4109,0
44695,2.4320,0
44696,2.6070,0
44697,2.3505,0
44698,2.4762,0
44699,2.7985,0
44700,2.9567,0
44701,3.0352,0
44702,2.8276,0
44703,2.6248,0
44704,2.8701,0
44705,2.9773,0
44706,2.3952,0
44707,2.7804,0
44708,2.2246,0
44709,2.4614,0
44710,2.3778,0
44711,2.4220,0
44712,2.3460,0
44713,2.4049,0
44714,2.5204,0
44715,2.9290,0
44716,2.7487,0
44717,3.1081,0
44718,2.5741,0
44719,2.3293,0
44720,2.6768,0
44721,2.3641,0
44722,2.6013,0
44723,2.3851,0
44724,2.7876,0
44725,2.9689,0
44726,2.8754,0
44727,2.4495,0
44728,2.5921,0
44729,2.4313,0
44730,2.2495,0
44731,2.7032,0
44732,2.3195,0
44733,2.5294,0
44734,2.4038,0
44735,2.4856,0
44736,2.6358,0
44737,2.3574,0
44738,2.7603,0
44739,2.4989,0
44740,2.7628,0
44741,2.5878,0
44742,2.7057,0
44743,2.6486,0
44744,2.6567,0
44745,2.2960,0
44746,2.3483,0
44747,2.8733,0
44748,2.7246,0
44749,2.5495,0
44750,2.6941,0
44751,2.5984,0
44752,2.5470,0
44753,2.2627,0
44754,2.7191,0
44755,2.7878,0
44756,2.3458,0
44757,2.9254,0
44758,2.3727,0
44759,2.6036,0
44760,2.5066,0
44761,2.8068,0
44762,2.4451,0
44763,2.7389,0
44764,2.9081,0
44765,2.5687,0
44766,2.6015,0
44767,3.0595,0
44768,3.2761,0
44769,2.6310,0
44770,3.0472,0
44771,2.5601,0
44772,2.5756,0
44773,2.7967,0
44774,2.9583,0
44775,2.5477,0
44776,2.2984,0
44777,2.6393,0
44778,2.4286,0
44779,2.9596,0
44780,2.6873,0
44781,2.7122,0
44782,2.7328,0
44783,3.0724,0
44784,2.3870,0
44785,2.6738,0
44786,2.6601,0
44787,2.5027,0
44788,2.6987,0
44789,2.3582,0
44790,2.8724,0
44791,2.8726,0
44792,2.9780,0
44793,2.5492,0
44794,2.6577,0
44795,2.5569,0
44796,2.3606,0
44797,2.3859,0
44798,2.9026,0
44799,2.2959,0
44800,2.4266,0
44801,3.0109,0
44802,2.8971,0
44803,2.7544,0
44804,2.3074,0
44805,2.3768,0
44806,2.7335,0
44807,2.2844,0
44808,2.3752,0
44809,2.9639,0
44810,2.4293,0
44811,2.6139,0
44812,3.0141,0
44813,2.6712,0
44814,2.3624,0
44815,2.5833,0
44816,2.2277,0
44817,2.9407,0
44818,2.7855,0
44819,2.6613,0
44820,2.2848,0
44821,2.5880,0
44822,2.1097,0
44823,2.5254,0
44824,2.4000,0
44825,2.8551,0
44826,2.4946,0
44827,2.3711,0
44828,2.8232,0
44829,2.6895,0
44830,2.3762,0
44831,2.3384,0
44832,2.4693,0
44833,2.6519,0
44834,2.4898,0
44835,2.5059,0
44836,2.4670,0
44837,2.4216,0
44838,2.6648,0
44839,2.7239,0
44840,2.6250,0
44841,2.5589,0
44842,2.7267,0
44843,2.8149,0
44844,2.3957,0
44845,2.4974,0
44846,2.6852,0
44847,2.3695,0
44848,2.5518,0
44849,2.2350,0
44850,2.2986,0
44851,2.2728,0
44852,2.3808,0
44853,2.8389,0
44854,2.5026,0
44855,2.7643,0
44856,2.6115,0
44857,2.4357,0
44858,2.5087,0
44859,2.6464,0
44860,2.4402,0
44861,2.6089,0
44862,2.1575,0
44863,2.3736,0
44864,2.3755,0
44865,2.4727,0
44866,2.4782,0
44867,2.3525,0
44868,2.7300,0
44869,2.5191,0
44870,2.5280,0
44871,2.5570,0
44872,2.4111,0
44873,2.5917,0
44874,2.7657,0
44875,2.6888,0
44876,2.6702,0
44877,2.5297,0
44878,2.3534,0
44879,2.3913,0
44880,2.7237,0
44881,2.3864,0
44882,2.4103,0
44883,2.5430,0
44884,2.4470,0
44885,2.3280,0
44886,2.5284,0
44887,2.5099,0
44888,2.3227,0
44889,2.3661,0
44890,2.6131,0
44891,2.5243,0
44892,2.4117,0
44893,2.9029,0
44894,2.5929,0
44895,2.4993,0
44896,2.6535,0
44897,2.4511,0
44898,2.5270,0
44899,2.6591,0
44900,2.4211,0
44901,2.5948,0
44902,2.2765,0
44903,2.5135,0
44904,2.2592,0
44905,2.2902,0
44906,2.5726,0
44907,2.4247,0
44908,2.4001,0
44909,2.8009,0
44910,2.7669,0
44911,2.7086,0
44912,2.6863,0
44913,2.5746,0
44914,2.6672,0
44915,2.5912,0
44916,2.5469,0
44917,2.9040,0
44918,2.6167,0
44919,2.6913,0
44920,2.7233,0
44921,2.6137,0
44922,2.6024,0
44923,2.4030,0
44924,2.5847,0
44925,2.4071,0
44926,2.4324,0
44927,2.5548,0
44928,2.4766,0
44929,2.2350,0
44930,2.6486,0
44931,2.3350,0
44932,2.4709,0
44933,2.2795,0
44934,2.7616,0
44935,2.5135,0
44936,2.6853,0
44937,2.5296,0
44938,2.5719,0
44939,2.3538,0
44940,2.2662,0
44941,2.2931,0
44942,2.6747,0
44943,2.5164,0
44944,2.4344,0
44945,2.5660,0
44946,2.6930,0
44947,2.4198,0
44948,2.2681,0
44949,2.5372,0
44950,2.5287,0
44951,2.3481,0
44952,2.5736,0
44953,2.6846,0
44954,2.8377,0
44955,2.4641,0
44956,2.4276,0
44957,2.6607,0
44958,2.4965,0
44959,2.4314,0
44960,2.9274,0
44961,2.3533,0
44962,2.6719,0
44963,2.5818,0
44964,2.2763,0
44965,2.4584,0
44966,2.4850,0
44967,2.6966,0
44968,2.4472,0
44969,2.3360,0
44970,2.5212,0
44971,2.2688,0
44972,2.7711,0
44973,2.5367,0
44974,2.4568,0
44975,2.3779,0
44976,2.3989,0
44977,2.8249,0
44978,2.4167,0
44979,2.4906,0
44980,2.6455,0
44981,2.7738,0
44982,2.4029,0
44983,2.2417,0
44984,2.3063,0
44985,2.4237,0
44986,2.4626,0
44987,2.4001,0
44988,2.5448,0
44989,2.3439,0
44990,2.9690,0
44991,2.6899,0
44992,2.7196,0
44993,2.5373,0
44994,2.5080,0
44995,2.5993,0
44996,2.4389,0
44997,2.5620,0
44998,2.5245,0
44999,2.1587,0
45000,2.7975,0
45001,2.4208,0
45002,2.6304,0
45003,2.5698,0
45004,2.5542,0
45005,2.5861,0
45006,2.5379,0
45007,2.4295,0
45008,2.5770,0
45009,2.4392,0
45010,2.5244,0
45011,2.5891,0
45012,2.4438,0
45013,2.5755,0
45014,2.7677,0
45015,2.6451,0
45016,2.5987,0
45017,2.5347,0
45018,2.6435,0
45019,2.4680,0
45020,2.6687,0
45021,2.9300,0
45022,2.4014,0
45023,2.4740,0
45024,2.4324,0
45025,2.9433,0
45026,2.5434,0
45027,2.4752,0
45028,2.3732,0
45029,2.3847,0
45030,2.6034,0
45031,2.6427,0
45032,3.1261,0
45033,2.6613,0
45034,2.5250,0
45035,2.4923,0
45036,2.5293,0
45037,2.7398,0
45038,2.6225,0
45039,2.6900,0
45040,2.8622,0
45041,2.4148,0
45042,2.8498,0
45043,2.4550,0
45044,2.5060,0
45045,3.2136,0
45046,2.3231,0
45047,2.2642,0
45048,2.4362,0
45049,2.3921,0
45050,2.5382,0
45051,2.3177,0
45052,2.9088,0
45053,2.4839,0
45054,2.4727,0
45055,2.9274,0
45056,3.0662,0
45057,2.5917,0
45058,2.3799,0
45059,2.3216,0
45060,2.6274,0
45061,2.8155,0
45062,2.4713,0
45063,3.0352,0
45064,2.9110,0
45065,2.8550,0
45066,2.7921,0
45067,2.6790,0
45068,2.9822,0
45069,2.7088,0
45070,2.7976,0
45071,2.5976,0
45072,2.2670,0
45073,2.3074,0
45074,2.3640,0
45075,2.7037,0
45076,2.6861,0
45077,2.3941,0
45078,2.6198,0
45079,2.7610,0
45080,2.7375,0
45081,2.2483,0
45082,2.5253,0
45083,2.7109,0
45084,2.6166,0
45085,2.4764,0
45086,2.2610,0
45087,2.6877,0
45088,2.5685,0
45089,2.5105,0
45090,2.5508,0
45091,2.8124,0
45092,2.6257,0
45093,2.3707,0
45094,2.3598,0
45095,2.6025,0
45096,2.4796,0
45097,2.5934,0
45098,2.9764,0
45099,2.4401,0
45100,2.4666,0
45101,2.9943,0
45102,2.9525,0
45103,2.7757,0
45104,2.5272,0
45105,2.8300,0
45106,2.3650,0
45107,2.5273,0
45108,2.6388,0
45109,2.7889,0
45110,2.6683,0
45111,2.3519,0
45112,2.3935,0
45113,2.9452,0
45114,2.4236,0
45115,2.3778,0
45116,2.6459,0
45117,2.9598,0
45118,2.8582,0
45119,2.3559,0
45120,2.5689,0
45121,2.6052,0
45122,2.6186,0
45123,2.7161,0
45124,2.4917,0
45125,2.4923,0
45126,2.5862,0
45127,2.4939,0
45128,2.5141,0
45129,2.7123,0
45130,2.6355,0
45131,3.1040,0
45132,2.4733,0
45133,2.6098,0
45134,2.5118,0
45135,2.5295,0
45136,2.4932,0
45137,2.5672,0
45138,2.5916,0
45139,2.8044,0
45140,2.8237,0
45141,2.6059,0
45142,2.6104,0
45143,2.3662,0
45144,2.9659,0
45145,2.5809,0
45146,2.7434,0
45147,2.3446,0
45148,2.6795,0
45149,2.6076,0
45150,2.6059,0
45151,2.5325,0
45152,3.0841,0
45153,2.6946,0
45154,2.4579,0
45155,2.6622,0
45156,2.6202,0
45157,2.6864,0
45158,2.5430,0
45159,2.4941,0
45160,2.6554,0
45161,2.3931,0
45162,2.6522,0
45163,2.9734,0
45164,2.4255,0
45165,2.2940,0
45166,2.6850,0
45167,2.2409,0
45168,2.3884,0
45169,2.6372,0
45170,3.1354,0
45171,2.4740,0
45172,2.4337,0
45173,2.8754,0
45174,2.7603,0
45175,2.2874,0
45176,2.7296,0
45177,2.5905,0
45178,2.7043,0
45179,2.4821,0
45180,2.6367,0
45181,2.4981,0
45182,2.4098,0
45183,2.3390,0
45184,2.9710,0
45185,2.4258,0
45186,2.8963,0
45187,2.7368,0
45188,2.6915,0
45189,2.5238,0
45190,2.8451,0
45191,2.2141,0
45192,2.8196,0
45193,2.7143,0
45194,2.4309,0
45195,2.6362,0
45196,2.2383,0
45197,2.9197,0
45198,3.0678,0
45199,2.7469,0
45200,2.7329,0
45201,2.4145,0
45202,2.3272,0
45203,2.5420,0
45204,2.3865,0
45205,2.5995,0
45206,2.9645,0
45207,2.5515,0
45208,2.5106,0
45209,2.7839,0
45210,2.4987,0
45211,2.6346,0
45212,2.8840,0
45213,2.4746,0
45214,3.0691,0
45215,2.2591,0
45216,2.3458,0
45217,2.5344,0
45218,2.2856,0
45219,2.5553,0
45220,2.5403,0
45221,2.5444,0
45222,2.2736,0
45223,2.3664,0
45224,2.4447,0
45225,2.3572,0
45226,2.3267,0
45227,2.2258,0
45228,2.3853,0
45229,2.4982,0
45230,2.2925,0
45231,2.8107,0
45232,2.7775,0
45233,2.8310,0
45234,2.5275,0
45235,2.4185,0
45236,2.4282,0
45237,3.0280,0
45238,2.9621,0
45239,3.1134,0
45240,3.0102,0
45241,2.8336,0
45242,2.6917,0
45243,2.7418,0
45244,2.7778,0
45245,2.8066,0
45246,2.5785,0
45247,2.3246,0
45248,2.4224,0
45249,2.5681,0
45250,2.4378,0
45251,2.5279,0
45252,2.6026,0
45253,2.2872,0
45254,2.4646,0
45255,2.5435,0
45256,2.3933,0
45257,2.3249,0
45258,2.4105,0
45259,2.4520,0
45260,2.4510,0
45261,2.6779,0
45262,2.4648,0
45263,2.6044,0
45264,2.5982,0
45265,2.4157,0
45266,2.4297,0
45267,2.4479,0
45268,2.4357,0
45269,2.2867,0
45270,2.3394,0
45271,2.4088,0
45272,2.4128,0
45273,2.7376,0
45274,2.6655,0
45275,2.4311,0
45276,2.5649,0
45277,2.3178,0
45278,2.2761,0
45279,2.4131,0
45280,2.6331,0
45281,2.5260,0
45282,2.5577,0
45283,2.7334,0
45284,2.5920,0
45285,2.5893,0
45286,2.6839,0
45287,2.6170,0
45288,2.7062,0
45289,2.4096,0
45290,2.5689,0
45291,2.7278,0
45292,2.4696,0
45293,2.5125,0
45294,2.5230,0
45295,2.4241,0
45296,2.6896,0
45297,2.4939,0
45298,2.4027,0
45299,2.6312,0
45300,2.5543,0
45301,2.3728,0
45302,2.6543,0
45303,2.4171,0
45304,2.3356,0
45305,2.6338,0
45306,2.9083,0
45307,2.5443,0
45308,2.6313,0
45309,2.5588,0
45310,2.3561,0
45311,2.4793,0
45312,2.4440,0
45313,2.7886,0
45314,2.6444,0
45315,2.4670,0
45316,2.5384,0
45317,2.6320,0
45318,2.2421,0
45319,2.4549,0
45320,2.3009,0
45321,2.5574,0
45322,2.3671,0
45323,2.4851,0
45324,2.3538,0
45325,2.5600,0
45326,2.3734,0
45327,2.6795,0
45328,2.4585,0
45329,2.7953,0
45330,2.5278,0
45331,2.4484,0
45332,2.5956,0
45333,2.4615,0
45334,2.6998,0
45335,2.4822,0
45336,2.3006,0
45337,2.3654,0
45338,2.1710,0
45339,2.5124,0
45340,2.1648,0
45341,2.2690,0
45342,2.1698,0
45343,2.3600,0
45344,2.6216,0
45345,2.4662,0
45346,2.4383,0
45347,2.2176,0
45348,2.4906,0
45349,2.4617,0
45350,2.4578,0
45351,2.3223,0
45352,2.6397,0
45353,2.2810,0
45354,2.8284,0
45355,2.6235,0
45356,2.5817,0
45357,2.5200,0
45358,2.6747,0
45359,2.5900,0
45360,2.7462,0
45361,2.8268,0
45362,2.6103,0
45363,2.4358,0
45364,2.4844,0
45365,2.4028,0
45366,2.6242,0
45367,2.7771,0
45368,2.5098,0
45369,2.6966,0
45370,2.3347,0
45371,2.6276,0
45372,2.5187,0
45373,2.4336,0
45374,2.5464,0
45375,2.7434,0
45376,2.4532,0
45377,2.3132,0
45378,2.5663,0
45379,2.7745,0
45380,2.5648,0
45381,2.6976,0
45382,2.5777,0
45383,2.3913,0
45384,2.4670,0
45385,2.9184,0
45386,2.6073,0
45387,2.3964,0
45388,2.2690,0
45389,2.3295,0
45390,2.3966,0
45391,2.6825,0
45392,2.4644,0
45393,2.4346,0
45394,3.0814,0
45395,2.6957,0
45396,2.7196,0
45397,2.5490,0
45398,2.7319,0
45399,2.7569,0
45400,2.8414,0
45401,2.3828,0
45402,2.5104,0
45403,2.4425,0
45404,2.4604,0
45405,2.5245,0
45406,2.5131,0
45407,2.5029,0
45408,2.3983,0
45409,2.3345,0
45410,2.7001,0
45411,2.6214,0
45412,2.6387,0
45413,2.5004,0
45414,2.7361,0
45415,2.9253,0
45416,2.7759,0
45417,2.4807,0
45418,3.0118,0
45419,2.7749,0
45420,2.7915,0
45421,2.5541,0
45422,2.5158,0
45423,2.2783,0
45424,2.3776,0
45425,2.3286,0
45426,2.5723,0
45427,2.4107,0
45428,2.6580,0
45429,2.4034,0
45430,2.4906,0
45431,2.8929,0
45432,2.6583,0
45433,2.7226,0
45434,3.0699,0
45435,2.4986,0
45436,2.2463,0
45437,2.5822,0
45438,2.2969,0
45439,2.4359,0
45440,2.4575,0
45441,2.6584,0
45442,2.5154,0
45443,2.4574,0
45444,2.5667,0
45445,2.4444,0
45446,2.5455,0
45447,2.6205,0
45448,2.6353,0
45449,2.4887,0
45450,2.4320,0
45451,3.1417,0
45452,2.9361,0
45453,2.4093,0
45454,2.4802,0
45455,2.5846,0
45456,2.8240,0
45457,2.6399,0
45458,2.4364,0
45459,2.1588,0
45460,2.3520,0
45461,2.2221,0
45462,2.3156,0
45463,2.4886,0
45464,2.8462,0
45465,2.7222,0
45466,2.6921,0
45467,2.6635,0
45468,2.3751,0
45469,2.4655,0
45470,2.6520,0
45471,2.6068,0
45472,2.6829,0
45473,2.8405,0
45474,2.5051,0
45475,2.4990,0
45476,2.6676,0
45477,2.7608,0
45478,2.6333,0
45479,2.5316,0
45480,2.5129,0
45481,2.6774,0
45482,2.5803,0
45483,2.4826,0
45484,2.6432,0
45485,2.3993,0
45486,2.7064,0
45487,2.4673,0
45488,3.1242,0
45489,2.6594,0
45490,2.5499,0
45491,2.5310,0
45492,2.5519,0
45493,2.7550,0
45494,2.7239,0
45495,2.4935,0
45496,2.5745,0
45497,2.7079,0
45498,2.5330,0
45499,2.9139,0
45500,2.6674,0
45501,2.6061,0
45502,2.7877,0
45503,2.5115,0
45504,2.3927,0
45505,2.4371,0
45506,2.5168,0
45507,2.5881,0
45508,2.4662,0
45509,2.3594,0
45510,2.5165,0
45511,2.8710,0
45512,2.5904,0
45513,2.7067,0
45514,2.6809,0
45515,2.6404,0
45516,2.4858,0
45517,2.5960,0
45518,2.6893,0
45519,2.5823,0
45520,2.6330,0
45521,2.8104,0
45522,2.5174,0
45523,2.5334,0
45524,2.5643,0
45525,2.3579,0
45526,2.4915,0
45527,2.4207,0
45528,2.4169,0
45529,2.4906,0
45530,2.3868,0
45531,2.3721,0
45532,2.7212,0
45533,2.3253,0
45534,2.4666,0
45535,2.6230,0
45536,2.7444,0
45537,3.3051,0
45538,2.6411,0
45539,2.6367,0
45540,2.7074,0
45541,2.4915,0
45542,2.6849,0
45543,2.5647,0
45544,2.8706,0
45545,2.6355,0
45546,2.5231,0
45547,2.7123,0
45548,2.4804,0
45549,2.5800,0
45550,2.6827,0
45551,2.4873,0
45552,2.5947,0
45553,2.5560,0
45554,2.6818,0
45555,2.6386,0
45556,2.6127,0
45557,2.4610,0
45558,2.3359,0
45559,2.4300,0
45560,2.8586,0
45561,2.5742,0
45562,2.4175,0
45563,2.5178,0
45564,2.4030,0
45565,2.6327,0
45566,2.6911,0
45567,2.7008,0
45568,2.7900,0
45569,2.6716,0
45570,2.5212,0
45571,2.4738,0
45572,2.5741,0
45573,2.5390,0
45574,2.5097,0
45575,2.5802,0
45576,2.5733,0
45577,2.9026,0
45578,2.3079,0
45579,2.4459,0
45580,2.3632,0
45581,2.4140,0
45582,2.7635,0
45583,2.4587,0
45584,2.3466,0
45585,2.4182,0
45586,2.4586,0
45587,2.4678,0
45588,2.9686,0
45589,3.2084,0
45590,2.4185,0
45591,2.5062,0
45592,2.6406,0
45593,2.8495,0
45594,2.3487,0
45595,2.6904,0
45596,2.2064,0
45597,2.2316,0
45598,2.5106,0
45599,2.4247,0
45600,2.2123,0
45601,2.1352,0
45602,3.0228,0
45603,2.6281,0
45604,2.5170,0
45605,2.2795,0
45606,2.5416,0
45607,2.5865,0
45608,2.4336,0
45609,2.5239,0
45610,2.4347,0
45611,2.7328,0
45612,2.5864,0
45613,2.5195,0
45614,3.0512,0
45615,2.8234,0
45616,2.4918,0
45617,2.6489,0
45618,2.5324,0
45619,2.4631,0
45620,2.6781,0
45621,2.5999,0
45622,2.6284,0
45623,2.6370,0
45624,2.3970,0
45625,2.6443,0
45626,2.3673,0
45627,2.5378,0
45628,2.8417,0
45629,2.9009,0
45630,2.7913,0
45631,2.7417,0
45632,2.8589,0
45633,2.3895,0
45634,2.3472,0
45635,2.3928,0
45636,2.5551,0
45637,2.8901,0
45638,2.3550,0
45639,2.4302,0
45640,2.3535,0
45641,2.5240,0
45642,2.4514,0
45643,2.4976,0
45644,2.6431,0
45645,2.5169,0
45646,2.5499,0
45647,2.4932,0
45648,2.8705,0
45649,2.6678,0
45650,2.8707,0
45651,2.3921,0
45652,2.5127,0
45653,2.3355,0
45654,2.8765,0
45655,2.4320,0
45656,2.4432,0
45657,3.0514,0
45658,2.9688,0
45659,2.3537,0
45660,2.6392,0
45661,2.3743,0
45662,2.4646,0
45663,2.6588,0
45664,2.7064,0
45665,2.5628,0
45666,2.5163,0
45667,2.5666,0
45668,2.5776,0
45669,2.4543,0
45670,2.5287,0
45671,2.5529,0
45672,2.5925,0
45673,3.5181,0
45674,2.8289,0
45675,2.9360,0
45676,2.9000,0
45677,2.9044,0
45678,2.5280,0
45679,2.9843,0
45680,2.5326,0
45681,2.4558,0
45682,2.6642,0
45683,2.4661,0
45684,2.4291,0
45685,2.5330,0
45686,2.9494,0
45687,3.0900,0
45688,3.1889,0
45689,2.4023,0
45690,2.5405,0
45691,2.9628,0
45692,2.4926,0
45693,2.4150,0
45694,2.5499,0
45695,2.6981,0
45696,2.6347,0
45697,2.7425,0
45698,2.6310,0
45699,2.4276,0
45700,2.2638,0
45701,2.3791,0
45702,2.5121,0
45703,2.5250,0
45704,3.1306,0
45705,2.3504,0
45706,2.8685,0
45707,2.4379,0
45708,2.5863,0
45709,2.5327,0
45710,2.6368,0
45711,2.6192,0
45712,2.7935,0
45713,2.1639,0
45714,2.6149,0
45715,2.5587,0
45716,2.9621,0
45717,2.8695,0
45718,3.2262,0
45719,2.8648,0
45720,2.9194,0
45721,2.9213,0
45722,3.2626,0
45723,2.4940,0
45724,2.7997,0
45725,2.8056,0
45726,2.6765,0
45727,3.0012,0
45728,2.9927,0
45729,3.1455,0
45730,2.8194,0
45731,3.3089,0
45732,2.9382,0
45733,3.0756,0
45734,2.7893,0
45735,2.8054,0
45736,3.3036,0
45737,2.8619,0
45738,3.0912,0
45739,2.9521,0
45740,2.8077,0
45741,3.2636,0
45742,3.2329,0
45743,2.9920,0
45744,2.8629,0
45745,2.8448,0
45746,2.7920,0
45747,2.8462,0
45748,3.5315,0
45749,2.7248,0
45750,2.2844,0
45751,2.8315,0
45752,3.2290,0
45753,2.6422,0
45754,2.9206,0
45755,3.0058,0
45756,3.2301,0
45757,2.8693,0
45758,3.0995,0
45759,2.9459,0
45760,2.9011,0
45761,3.0766,0
45762,3.3168,0
45763,2.8721,0
45764,3.8852,0
45765,2.9593,0
45766,3.9571,0
45767,4.1143,0
45768,2.8142,0
45769,3.1558,0
45770,2.9870,0
45771,3.0246,0
45772,3.0331,0
45773,2.8371,0
45774,3.1077,0
45775,2.9208,0
45776,3.1069,0
45777,3.1728,0
45778,3.3370,0
45779,3.5453,0
45780,3.1642,0
45781,3.0343,0
45782,2.8786,0
45783,3.3034,0
45784,2.9178,0
45785,2.4953,0
45786,2.7876,0
45787,2.7059,0
45788,2.4259,0
45789,2.3564,0
45790,2.3261,0
45791,2.5168,0
45792,2.5767,0
45793,2.5874,0
45794,2.4037,0
45795,2.2773,0
45796,2.8158,0
45797,3.1224,0
45798,3.2103,0
45799,3.0119,0
45800,3.1260,0
45801,3.1867,0
45802,2.9355,0
45803,3.0652,0
45804,3.0063,0
45805,3.1336,0
45806,2.9788,0
45807,3.5217,0
45808,3.3185,0
45809,2.9911,0
45810,3.6158,0
45811,3.0829,0
45812,3.1855,0
45813,3.3475,0
45814,3.5824,0
45815,3.9150,0
45816,2.9547,0
45817,2.8267,0
45818,2.7145,0
45819,2.7657,0
45820,2.6576,0
45821,3.1259,0
45822,2.7288,0
45823,3.4741,0
45824,3.8978,0
45825,3.4235,0
45826,3.5816,0
45827,3.7734,0
45828,2.7806,0
45829,3.3802,0
45830,3.1625,0
45831,2.8899,0
45832,2.4852,0
45833,2.2897,0
45834,2.5292,0
45835,2.5061,0
45836,2.5796,0
45837,2.5297,0
45838,2.7332,0
45839,2.3683,0
45840,2.3431,0
45841,2.4916,0
45842,2.7621,0
45843,2.4943,0
45844,2.4877,0
45845,2.5468,0
45846,2.5610,0
45847,2.4987,0
45848,3.1954,0
45849,2.5266,0
45850,2.7003,0
45851,2.8091,0
45852,2.5796,0
45853,2.5960,0
45854,2.6817,0
45855,2.5398,0
45856,2.7876,0
45857,2.3700,0
45858,3.0314,0
45859,2.6800,0
45860,2.5161,0
45861,3.0631,0
45862,2.7013,0
45863,2.9821,0
45864,2.7711,0
45865,3.3661,0
45866,2.8159,0
45867,3.6173,0
45868,3.5049,0
45869,3.2447,0
45870,3.1379,0
45871,3.5088,0
45872,2.6857,0
45873,2.6465,0
45874,2.6609,0
45875,3.1591,0
45876,2.8596,0
45877,3.8051,0
45878,3.1135,0
45879,3.1335,0
45880,3.2821,0
45881,3.8311,0
45882,6.0216,0
45883,4.7648,0
45884,5.1261,0
45885,4.3171,0
45886,3.1233,0
45887,3.2467,0
45888,3.0873,0
45889,3.4709,0
45890,2.9567,0
45891,2.8028,0
45892,2.3986,0
45893,2.4159,0
45894,2.3467,0
45895,2.6413,0
45896,2.4217,0
45897,2.5529,0
45898,3.3657,0
45899,2.4551,0
45900,2.3361,0
45901,2.7116,0
45902,2.9195,0
45903,2.6670,0
45904,2.5028,0
45905,3.1396,0
45906,2.4998,0
45907,2.5792,0
45908,2.7173,0
45909,2.6431,0
45910,2.8747,0
45911,2.2850,0
45912,2.3414,0
45913,2.6948,0
45914,2.3324,0
45915,2.9395,0
45916,2.8423,0
45917,2.4547,0
45918,2.6854,0
45919,2.4271,0
45920,2.8345,0
45921,2.8031,0
45922,2.8529,0
45923,2.8583,0
45924,3.0342,0
45925,2.3371,0
45926,2.8499,0
45927,3.3462,0
45928,2.3455,0
45929,2.5146,0
45930,2.5427,0
45931,2.4320,0
45932,2.5014,0
45933,2.4210,0
45934,2.3474,0
45935,2.5244,0
45936,2.9107,0
45937,2.4865,0
45938,2.4684,0
45939,2.5895,0
45940,2.9143,0
45941,2.2319,0
45942,2.4873,0
45943,2.5351,0
45944,2.4018,0
45945,2.3591,0
45946,2.3188,0
45947,2.6601,0
45948,2.8636,0
45949,2.5054,0
45950,2.5517,0
45951,2.5075,0
45952,2.9235,0
45953,2.4080,0
45954,2.2853,0
45955,2.5604,0
45956,2.3873,0
45957,2.9485,0
45958,2.4163,0
45959,2.5745,0
45960,2.6121,0
45961,3.0613,0
45962,2.5855,0
45963,2.5236,0
45964,2.8606,0
45965,2.4449,0
45966,2.3747,0
45967,3.3281,0
45968,2.2925,0
45969,3.0898,0
45970,2.3866,0
